transaction_id,date,customer_id,corridor,agent_id,agent_name,amount_aed,fee_aed,payment_method,status
TXN00549,2024-01-01,CUS0134,India,AGT004,Maria Santos,1333.61,25,Cash,SUCCESS
TXN04772,2024-01-01,CUS0540,Bangladesh,AGT002,Priya Sharma,495.29,15,Cash,SUCCESS
TXN02842,2024-01-01,CUS0769,Philippines,AGT004,Maria Santos,490.51,20,Bank Transfer,SUCCESS
TXN00981,2024-01-01,CUS0464,Bangladesh,AGT003,Mohammad Raza,865.02,15,Cash,SUCCESS
TXN00817,2024-01-01,CUS0353,Philippines,AGT003,Mohammad Raza,972.1,20,Card,SUCCESS
TXN01806,2024-01-01,CUS0484,Philippines,AGT004,Maria Santos,472.28,20,Bank Transfer,SUCCESS
TXN01822,2024-01-01,CUS0359,India,AGT003,Mohammad Raza,1227.67,25,Card,SUCCESS
TXN04296,2024-01-01,CUS0581,Nepal,AGT007,Rajesh Kumar,325.11,12,Card,SUCCESS
TXN04904,2024-01-01,CUS0547,India,AGT005,John Mathew,1065.62,25,Card,SUCCESS
TXN03150,2024-01-01,CUS0112,Pakistan,AGT008,Sarah Johnson,584.81,18,Card,SUCCESS
TXN04380,2024-01-01,CUS0299,India,AGT006,Fatima Al Zaabi,920.46,25,Cash,SUCCESS
TXN02208,2024-01-01,CUS0264,India,AGT008,Sarah Johnson,1328.02,25,Card,SUCCESS
TXN02748,2024-01-02,CUS0387,Pakistan,AGT004,Maria Santos,523.76,18,Cash,SUCCESS
TXN03187,2024-01-02,CUS0033,India,AGT003,Mohammad Raza,769.16,25,Cash,SUCCESS
TXN01511,2024-01-02,CUS0743,Philippines,AGT007,Rajesh Kumar,591.74,20,Bank Transfer,SUCCESS
TXN00022,2024-01-02,CUS0513,Kenya,AGT005,John Mathew,885.65,20,Card,SUCCESS
TXN02383,2024-01-02,CUS0216,Philippines,AGT004,Maria Santos,992.82,20,Cash,SUCCESS
TXN03627,2024-01-02,CUS0394,India,AGT002,Priya Sharma,899.64,25,Card,SUCCESS
TXN02338,2024-01-02,CUS0788,Pakistan,AGT007,Rajesh Kumar,811.95,18,Bank Transfer,SUCCESS
TXN00663,2024-01-02,CUS0561,India,AGT005,John Mathew,1188.21,25,Card,SUCCESS
TXN03771,2024-01-02,CUS0373,Philippines,AGT008,Sarah Johnson,1170.49,20,Bank Transfer,SUCCESS
TXN02032,2024-01-02,CUS0121,India,AGT006,Fatima Al Zaabi,849.52,25,Card,SUCCESS
TXN02651,2024-01-02,CUS0798,Kenya,AGT002,Priya Sharma,691.29,20,Card,SUCCESS
TXN00639,2024-01-02,CUS0114,India,AGT002,Priya Sharma,735.61,25,Card,SUCCESS
TXN04185,2024-01-02,CUS0593,India,AGT007,Rajesh Kumar,1027.65,25,Cash,SUCCESS
TXN02547,2024-01-02,CUS0446,India,AGT005,John Mathew,704.06,25,Card,SUCCESS
TXN04441,2024-01-02,CUS0545,Nepal,AGT005,John Mathew,355.75,12,Cash,SUCCESS
TXN03716,2024-01-02,CUS0780,India,AGT002,Priya Sharma,1143.06,25,Cash,SUCCESS
TXN04222,2024-01-03,CUS0550,Egypt,AGT005,John Mathew,1378.78,22,Bank Transfer,SUCCESS
TXN04896,2024-01-03,CUS0260,India,AGT007,Rajesh Kumar,1196.46,25,Cash,SUCCESS
TXN02953,2024-01-03,CUS0085,Pakistan,AGT008,Sarah Johnson,912.0,18,Card,SUCCESS
TXN03626,2024-01-03,CUS0125,India,AGT002,Priya Sharma,858.76,25,Cash,SUCCESS
TXN00263,2024-01-03,CUS0263,Egypt,AGT001,Ahmed Al Mansoori,100.0,22,Cash,SUCCESS
TXN01354,2024-01-03,CUS0424,Egypt,AGT003,Mohammad Raza,1350.52,22,Card,SUCCESS
TXN00689,2024-01-03,CUS0041,India,AGT003,Mohammad Raza,1455.95,25,Cash,SUCCESS
TXN00623,2024-01-03,CUS0749,India,AGT004,Maria Santos,1877.53,25,Cash,SUCCESS
TXN04319,2024-01-03,CUS0364,Philippines,AGT003,Mohammad Raza,941.71,20,Bank Transfer,SUCCESS
TXN01772,2024-01-03,CUS0135,Egypt,AGT005,John Mathew,1659.37,22,Cash,SUCCESS
TXN03154,2024-01-03,CUS0718,Kenya,AGT005,John Mathew,843.18,20,Card,SUCCESS
TXN02800,2024-01-03,CUS0799,Nepal,AGT008,Sarah Johnson,654.2,12,Cash,SUCCESS
TXN02630,2024-01-04,CUS0257,Sri Lanka,AGT003,Mohammad Raza,642.11,15,Cash,SUCCESS
TXN03206,2024-01-04,CUS0468,India,AGT006,Fatima Al Zaabi,956.28,25,Bank Transfer,SUCCESS
TXN00864,2024-01-04,CUS0220,India,AGT004,Maria Santos,1846.52,25,Cash,SUCCESS
TXN03659,2024-01-04,CUS0750,Philippines,AGT004,Maria Santos,943.33,20,Bank Transfer,SUCCESS
TXN00755,2024-01-04,CUS0533,Pakistan,AGT002,Priya Sharma,572.14,0,Card,FAILED
TXN01583,2024-01-04,CUS0251,Bangladesh,AGT006,Fatima Al Zaabi,486.68,15,Card,SUCCESS
TXN01507,2024-01-04,CUS0100,Pakistan,AGT001,Ahmed Al Mansoori,967.13,18,Card,SUCCESS
TXN00994,2024-01-04,CUS0730,Pakistan,AGT004,Maria Santos,636.32,18,Cash,SUCCESS
TXN02115,2024-01-04,CUS0533,Bangladesh,AGT007,Rajesh Kumar,855.57,15,Bank Transfer,SUCCESS
TXN01840,2024-01-04,CUS0118,Nepal,AGT004,Maria Santos,562.54,12,Cash,SUCCESS
TXN02920,2024-01-05,CUS0426,Sri Lanka,AGT004,Maria Santos,1041.57,15,Cash,SUCCESS
TXN03630,2024-01-05,CUS0308,Pakistan,AGT006,Fatima Al Zaabi,648.14,18,Bank Transfer,SUCCESS
TXN03264,2024-01-05,CUS0521,Pakistan,AGT005,John Mathew,1081.46,18,Cash,SUCCESS
TXN03352,2024-01-05,CUS0133,Kenya,AGT008,Sarah Johnson,852.84,20,Cash,SUCCESS
TXN00456,2024-01-05,CUS0394,Philippines,AGT004,Maria Santos,685.92,20,Card,SUCCESS
TXN03690,2024-01-05,CUS0211,Pakistan,AGT002,Priya Sharma,763.59,18,Cash,SUCCESS
TXN03622,2024-01-05,CUS0205,India,AGT003,Mohammad Raza,1326.53,25,Cash,SUCCESS
TXN04785,2024-01-05,CUS0580,Egypt,AGT001,Ahmed Al Mansoori,2009.22,22,Cash,SUCCESS
TXN00695,2024-01-05,CUS0457,India,AGT006,Fatima Al Zaabi,1413.52,25,Card,SUCCESS
TXN04177,2024-01-05,CUS0293,India,AGT006,Fatima Al Zaabi,1196.66,25,Cash,SUCCESS
TXN03615,2024-01-05,CUS0320,Philippines,AGT005,John Mathew,1087.07,20,Cash,SUCCESS
TXN01386,2024-01-05,CUS0059,Philippines,AGT003,Mohammad Raza,980.81,20,Bank Transfer,SUCCESS
TXN02046,2024-01-05,CUS0343,India,AGT008,Sarah Johnson,1603.57,25,Bank Transfer,SUCCESS
TXN02778,2024-01-05,CUS0214,India,AGT003,Mohammad Raza,1113.06,25,Bank Transfer,SUCCESS
TXN00836,2024-01-05,CUS0705,Kenya,AGT008,Sarah Johnson,1016.75,20,Cash,SUCCESS
TXN04410,2024-01-05,CUS0150,Philippines,AGT002,Priya Sharma,1136.57,20,Bank Transfer,SUCCESS
TXN04611,2024-01-05,CUS0613,Sri Lanka,AGT008,Sarah Johnson,765.26,15,Card,SUCCESS
TXN00404,2024-01-05,CUS0512,Bangladesh,AGT002,Priya Sharma,709.87,15,Card,SUCCESS
TXN04913,2024-01-06,CUS0702,Pakistan,AGT005,John Mathew,998.51,18,Bank Transfer,SUCCESS
TXN02237,2024-01-06,CUS0537,Pakistan,AGT005,John Mathew,803.43,18,Card,SUCCESS
TXN01581,2024-01-06,CUS0694,Kenya,AGT007,Rajesh Kumar,1007.16,20,Card,SUCCESS
TXN00941,2024-01-06,CUS0261,Pakistan,AGT005,John Mathew,492.73,18,Cash,SUCCESS
TXN03826,2024-01-06,CUS0234,India,AGT006,Fatima Al Zaabi,1621.82,25,Cash,SUCCESS
TXN02422,2024-01-06,CUS0148,India,AGT004,Maria Santos,1621.05,25,Cash,SUCCESS
TXN01716,2024-01-06,CUS0080,Pakistan,AGT004,Maria Santos,778.27,18,Card,SUCCESS
TXN03179,2024-01-06,CUS0778,India,AGT007,Rajesh Kumar,1551.11,25,Bank Transfer,SUCCESS
TXN04618,2024-01-06,CUS0313,Bangladesh,AGT003,Mohammad Raza,104.12,15,Cash,SUCCESS
TXN00503,2024-01-06,CUS0536,India,AGT006,Fatima Al Zaabi,696.52,25,Bank Transfer,SUCCESS
TXN03199,2024-01-06,CUS0389,India,AGT004,Maria Santos,1065.97,25,Cash,SUCCESS
TXN03536,2024-01-06,CUS0756,Sri Lanka,AGT001,Ahmed Al Mansoori,1108.75,15,Card,SUCCESS
TXN03685,2024-01-07,CUS0120,India,AGT008,Sarah Johnson,1417.11,25,Card,SUCCESS
TXN02129,2024-01-07,CUS0489,India,AGT007,Rajesh Kumar,1457.54,25,Cash,SUCCESS
TXN03093,2024-01-07,CUS0528,India,AGT002,Priya Sharma,1165.99,25,Bank Transfer,SUCCESS
TXN00509,2024-01-07,CUS0373,India,AGT008,Sarah Johnson,1217.47,25,Cash,SUCCESS
TXN02593,2024-01-07,CUS0429,Kenya,AGT004,Maria Santos,937.8,20,Cash,SUCCESS
TXN02380,2024-01-07,CUS0633,Bangladesh,AGT006,Fatima Al Zaabi,754.66,15,Card,SUCCESS
TXN00122,2024-01-07,CUS0491,Pakistan,AGT008,Sarah Johnson,581.75,18,Cash,SUCCESS
TXN01132,2024-01-07,CUS0382,India,AGT005,John Mathew,1351.89,25,Cash,SUCCESS
TXN01077,2024-01-07,CUS0224,Bangladesh,AGT007,Rajesh Kumar,373.12,0,Cash,FAILED
TXN01486,2024-01-07,CUS0504,Sri Lanka,AGT006,Fatima Al Zaabi,959.83,15,Cash,SUCCESS
TXN04147,2024-01-07,CUS0079,Egypt,AGT003,Mohammad Raza,1228.16,22,Cash,SUCCESS
TXN02510,2024-01-07,CUS0600,India,AGT005,John Mathew,723.92,25,Cash,SUCCESS
TXN01810,2024-01-07,CUS0728,Nepal,AGT005,John Mathew,761.11,12,Card,SUCCESS
TXN04278,2024-01-07,CUS0335,Pakistan,AGT008,Sarah Johnson,568.02,18,Card,SUCCESS
TXN03576,2024-01-07,CUS0358,Pakistan,AGT002,Priya Sharma,868.87,18,Bank Transfer,SUCCESS
TXN02961,2024-01-07,CUS0667,Pakistan,AGT008,Sarah Johnson,602.12,18,Bank Transfer,SUCCESS
TXN03089,2024-01-07,CUS0069,Pakistan,AGT001,Ahmed Al Mansoori,331.74,18,Cash,SUCCESS
TXN03596,2024-01-07,CUS0222,India,AGT008,Sarah Johnson,1612.72,25,Cash,SUCCESS
TXN03870,2024-01-08,CUS0786,Philippines,AGT003,Mohammad Raza,1168.95,20,Bank Transfer,SUCCESS
TXN04082,2024-01-08,CUS0656,Pakistan,AGT008,Sarah Johnson,632.43,18,Cash,SUCCESS
TXN00835,2024-01-08,CUS0599,India,AGT005,John Mathew,1187.51,25,Card,SUCCESS
TXN02697,2024-01-08,CUS0601,Philippines,AGT002,Priya Sharma,1192.08,20,Cash,SUCCESS
TXN02029,2024-01-08,CUS0427,Egypt,AGT007,Rajesh Kumar,1169.19,22,Card,SUCCESS
TXN00908,2024-01-08,CUS0228,Egypt,AGT007,Rajesh Kumar,1346.26,22,Bank Transfer,SUCCESS
TXN00181,2024-01-08,CUS0466,India,AGT002,Priya Sharma,1425.24,25,Card,SUCCESS
TXN03126,2024-01-08,CUS0572,Philippines,AGT007,Rajesh Kumar,1099.71,20,Bank Transfer,SUCCESS
TXN04161,2024-01-09,CUS0630,India,AGT008,Sarah Johnson,1204.62,25,Cash,SUCCESS
TXN04001,2024-01-09,CUS0065,India,AGT006,Fatima Al Zaabi,889.14,25,Cash,SUCCESS
TXN00371,2024-01-09,CUS0104,India,AGT002,Priya Sharma,1208.82,25,Cash,SUCCESS
TXN00322,2024-01-09,CUS0427,Philippines,AGT002,Priya Sharma,1060.69,20,Card,SUCCESS
TXN03118,2024-01-09,CUS0187,Philippines,AGT007,Rajesh Kumar,695.94,0,Bank Transfer,FAILED
TXN03455,2024-01-09,CUS0719,Kenya,AGT003,Mohammad Raza,115.11,20,Cash,SUCCESS
TXN03410,2024-01-09,CUS0358,Philippines,AGT007,Rajesh Kumar,1452.65,20,Cash,SUCCESS
TXN03846,2024-01-09,CUS0596,Nepal,AGT001,Ahmed Al Mansoori,749.08,12,Cash,SUCCESS
TXN01907,2024-01-09,CUS0038,Philippines,AGT008,Sarah Johnson,475.86,20,Cash,SUCCESS
TXN02990,2024-01-09,CUS0358,Pakistan,AGT003,Mohammad Raza,1378.8,18,Card,SUCCESS
TXN01052,2024-01-09,CUS0007,Sri Lanka,AGT002,Priya Sharma,839.06,0,Bank Transfer,FAILED
TXN00390,2024-01-09,CUS0303,India,AGT007,Rajesh Kumar,992.31,25,Cash,SUCCESS
TXN04704,2024-01-09,CUS0283,Philippines,AGT002,Priya Sharma,1056.05,20,Card,SUCCESS
TXN04087,2024-01-09,CUS0158,Philippines,AGT005,John Mathew,1132.09,0,Cash,FAILED
TXN00115,2024-01-09,CUS0415,India,AGT004,Maria Santos,1130.75,25,Cash,SUCCESS
TXN03193,2024-01-10,CUS0561,Philippines,AGT007,Rajesh Kumar,1516.05,0,Card,FAILED
TXN01139,2024-01-10,CUS0044,Bangladesh,AGT007,Rajesh Kumar,825.45,15,Cash,SUCCESS
TXN01332,2024-01-10,CUS0252,India,AGT004,Maria Santos,1638.75,25,Bank Transfer,SUCCESS
TXN02835,2024-01-10,CUS0764,Pakistan,AGT002,Priya Sharma,741.59,18,Card,SUCCESS
TXN00247,2024-01-10,CUS0220,Philippines,AGT003,Mohammad Raza,771.76,20,Card,SUCCESS
TXN03891,2024-01-10,CUS0579,Philippines,AGT006,Fatima Al Zaabi,1087.07,20,Card,SUCCESS
TXN00825,2024-01-10,CUS0191,India,AGT001,Ahmed Al Mansoori,1039.62,25,Cash,SUCCESS
TXN03678,2024-01-10,CUS0104,India,AGT002,Priya Sharma,1145.91,25,Cash,SUCCESS
TXN01342,2024-01-10,CUS0253,India,AGT002,Priya Sharma,1201.1,25,Card,SUCCESS
TXN03757,2024-01-10,CUS0410,Egypt,AGT002,Priya Sharma,1134.13,22,Cash,SUCCESS
TXN02414,2024-01-10,CUS0394,India,AGT002,Priya Sharma,869.7,25,Card,SUCCESS
TXN00540,2024-01-10,CUS0492,Kenya,AGT006,Fatima Al Zaabi,785.59,20,Cash,SUCCESS
TXN02790,2024-01-11,CUS0244,Bangladesh,AGT006,Fatima Al Zaabi,738.1,15,Cash,SUCCESS
TXN03570,2024-01-11,CUS0567,Pakistan,AGT007,Rajesh Kumar,1016.96,18,Bank Transfer,SUCCESS
TXN02293,2024-01-11,CUS0571,Sri Lanka,AGT001,Ahmed Al Mansoori,769.2,15,Cash,SUCCESS
TXN01602,2024-01-11,CUS0513,India,AGT006,Fatima Al Zaabi,1694.96,0,Card,FAILED
TXN03400,2024-01-11,CUS0154,Philippines,AGT005,John Mathew,790.81,20,Cash,SUCCESS
TXN04584,2024-01-11,CUS0458,India,AGT002,Priya Sharma,1482.24,25,Card,SUCCESS
TXN02730,2024-01-11,CUS0385,India,AGT005,John Mathew,1025.29,25,Cash,SUCCESS
TXN02357,2024-01-11,CUS0340,India,AGT001,Ahmed Al Mansoori,1067.06,25,Cash,SUCCESS
TXN04944,2024-01-11,CUS0749,India,AGT003,Mohammad Raza,937.86,25,Card,SUCCESS
TXN02098,2024-01-12,CUS0570,Bangladesh,AGT005,John Mathew,474.91,15,Bank Transfer,SUCCESS
TXN02766,2024-01-12,CUS0387,Pakistan,AGT008,Sarah Johnson,996.88,18,Card,SUCCESS
TXN01334,2024-01-12,CUS0425,India,AGT003,Mohammad Raza,1736.66,0,Card,FAILED
TXN03987,2024-01-12,CUS0162,Pakistan,AGT006,Fatima Al Zaabi,932.76,18,Card,SUCCESS
TXN01624,2024-01-12,CUS0714,India,AGT005,John Mathew,959.47,25,Cash,SUCCESS
TXN03772,2024-01-12,CUS0682,India,AGT001,Ahmed Al Mansoori,1020.87,25,Cash,SUCCESS
TXN02856,2024-01-12,CUS0413,Philippines,AGT007,Rajesh Kumar,761.44,20,Bank Transfer,SUCCESS
TXN04577,2024-01-12,CUS0004,India,AGT004,Maria Santos,776.29,0,Card,FAILED
TXN02543,2024-01-12,CUS0781,Pakistan,AGT006,Fatima Al Zaabi,747.92,18,Bank Transfer,SUCCESS
TXN00368,2024-01-12,CUS0690,Kenya,AGT008,Sarah Johnson,953.59,20,Cash,SUCCESS
TXN01307,2024-01-12,CUS0248,India,AGT005,John Mathew,1210.15,25,Cash,SUCCESS
TXN03770,2024-01-12,CUS0518,Philippines,AGT001,Ahmed Al Mansoori,750.71,20,Cash,SUCCESS
TXN02600,2024-01-12,CUS0337,Philippines,AGT005,John Mathew,767.19,20,Cash,SUCCESS
TXN02048,2024-01-12,CUS0608,Philippines,AGT008,Sarah Johnson,897.49,20,Cash,SUCCESS
TXN01270,2024-01-12,CUS0757,India,AGT003,Mohammad Raza,1644.99,25,Bank Transfer,SUCCESS
TXN00630,2024-01-12,CUS0127,Pakistan,AGT003,Mohammad Raza,1062.61,18,Card,SUCCESS
TXN04100,2024-01-12,CUS0242,Egypt,AGT003,Mohammad Raza,1123.85,22,Card,SUCCESS
TXN03565,2024-01-12,CUS0429,Pakistan,AGT001,Ahmed Al Mansoori,1030.01,18,Cash,SUCCESS
TXN02170,2024-01-12,CUS0717,India,AGT002,Priya Sharma,1367.89,25,Cash,SUCCESS
TXN04686,2024-01-12,CUS0432,Kenya,AGT008,Sarah Johnson,1139.63,20,Cash,SUCCESS
TXN02997,2024-01-13,CUS0052,Bangladesh,AGT002,Priya Sharma,754.13,15,Cash,SUCCESS
TXN04465,2024-01-13,CUS0728,India,AGT002,Priya Sharma,991.19,25,Cash,SUCCESS
TXN03609,2024-01-13,CUS0277,Kenya,AGT003,Mohammad Raza,565.37,20,Bank Transfer,SUCCESS
TXN03211,2024-01-13,CUS0002,Bangladesh,AGT003,Mohammad Raza,948.53,15,Cash,SUCCESS
TXN04851,2024-01-13,CUS0186,Philippines,AGT006,Fatima Al Zaabi,191.3,20,Card,SUCCESS
TXN02370,2024-01-13,CUS0054,Philippines,AGT003,Mohammad Raza,1233.67,20,Card,SUCCESS
TXN02077,2024-01-13,CUS0301,Pakistan,AGT003,Mohammad Raza,947.79,18,Cash,SUCCESS
TXN04377,2024-01-13,CUS0430,Pakistan,AGT006,Fatima Al Zaabi,230.8,18,Card,SUCCESS
TXN04446,2024-01-13,CUS0144,Philippines,AGT002,Priya Sharma,694.43,20,Card,SUCCESS
TXN04102,2024-01-14,CUS0234,Kenya,AGT003,Mohammad Raza,728.03,20,Bank Transfer,SUCCESS
TXN02125,2024-01-14,CUS0578,India,AGT006,Fatima Al Zaabi,1208.09,25,Cash,SUCCESS
TXN01121,2024-01-14,CUS0269,Nepal,AGT003,Mohammad Raza,798.99,12,Card,SUCCESS
TXN04894,2024-01-14,CUS0421,India,AGT006,Fatima Al Zaabi,1155.35,25,Bank Transfer,SUCCESS
TXN03858,2024-01-14,CUS0682,Philippines,AGT008,Sarah Johnson,1059.66,20,Bank Transfer,SUCCESS
TXN02740,2024-01-14,CUS0741,Bangladesh,AGT001,Ahmed Al Mansoori,879.33,15,Cash,SUCCESS
TXN01512,2024-01-14,CUS0717,Pakistan,AGT005,John Mathew,753.52,18,Cash,SUCCESS
TXN01446,2024-01-14,CUS0391,India,AGT008,Sarah Johnson,965.51,25,Cash,SUCCESS
TXN02970,2024-01-14,CUS0761,India,AGT002,Priya Sharma,1297.22,25,Cash,SUCCESS
TXN02786,2024-01-14,CUS0200,Pakistan,AGT007,Rajesh Kumar,715.54,18,Card,SUCCESS
TXN04151,2024-01-14,CUS0606,Bangladesh,AGT003,Mohammad Raza,687.32,15,Bank Transfer,SUCCESS
TXN00066,2024-01-15,CUS0183,India,AGT005,John Mathew,1688.25,25,Bank Transfer,SUCCESS
TXN01192,2024-01-15,CUS0476,India,AGT005,John Mathew,719.75,25,Bank Transfer,SUCCESS
TXN03065,2024-01-15,CUS0379,Philippines,AGT004,Maria Santos,491.09,20,Cash,SUCCESS
TXN01900,2024-01-15,CUS0438,India,AGT007,Rajesh Kumar,1093.63,25,Bank Transfer,SUCCESS
TXN02517,2024-01-15,CUS0401,India,AGT006,Fatima Al Zaabi,1230.92,25,Bank Transfer,SUCCESS
TXN02311,2024-01-15,CUS0395,India,AGT005,John Mathew,1084.56,25,Bank Transfer,SUCCESS
TXN00446,2024-01-15,CUS0461,Bangladesh,AGT004,Maria Santos,840.63,15,Cash,SUCCESS
TXN01793,2024-01-15,CUS0361,Philippines,AGT008,Sarah Johnson,856.76,20,Bank Transfer,SUCCESS
TXN02255,2024-01-15,CUS0368,Bangladesh,AGT005,John Mathew,437.0,15,Cash,SUCCESS
TXN03325,2024-01-15,CUS0713,Philippines,AGT006,Fatima Al Zaabi,1198.05,20,Card,SUCCESS
TXN01861,2024-01-16,CUS0111,Egypt,AGT006,Fatima Al Zaabi,1055.68,22,Cash,SUCCESS
TXN00099,2024-01-16,CUS0021,Egypt,AGT004,Maria Santos,1101.69,22,Cash,SUCCESS
TXN02814,2024-01-16,CUS0768,Pakistan,AGT003,Mohammad Raza,722.9,18,Card,SUCCESS
TXN03112,2024-01-16,CUS0733,Philippines,AGT008,Sarah Johnson,823.55,20,Cash,SUCCESS
TXN03594,2024-01-16,CUS0488,India,AGT008,Sarah Johnson,667.4,25,Cash,SUCCESS
TXN02779,2024-01-16,CUS0798,Pakistan,AGT006,Fatima Al Zaabi,785.18,18,Card,SUCCESS
TXN00948,2024-01-16,CUS0642,India,AGT007,Rajesh Kumar,950.91,25,Cash,SUCCESS
TXN01394,2024-01-16,CUS0298,Pakistan,AGT003,Mohammad Raza,832.77,18,Card,SUCCESS
TXN02460,2024-01-16,CUS0477,India,AGT007,Rajesh Kumar,1369.92,25,Bank Transfer,SUCCESS
TXN00304,2024-01-16,CUS0658,Philippines,AGT005,John Mathew,1064.8,20,Cash,SUCCESS
TXN00902,2024-01-16,CUS0422,Bangladesh,AGT007,Rajesh Kumar,617.4,15,Card,SUCCESS
TXN00895,2024-01-16,CUS0231,Egypt,AGT005,John Mathew,1556.11,22,Bank Transfer,SUCCESS
TXN02112,2024-01-16,CUS0471,India,AGT008,Sarah Johnson,1141.39,25,Card,SUCCESS
TXN02453,2024-01-16,CUS0281,Pakistan,AGT001,Ahmed Al Mansoori,783.88,18,Cash,SUCCESS
TXN00403,2024-01-17,CUS0387,India,AGT007,Rajesh Kumar,1201.89,25,Cash,SUCCESS
TXN01165,2024-01-17,CUS0393,Kenya,AGT002,Priya Sharma,1241.43,20,Bank Transfer,SUCCESS
TXN01684,2024-01-17,CUS0584,India,AGT002,Priya Sharma,1316.77,25,Card,SUCCESS
TXN01430,2024-01-17,CUS0028,Nepal,AGT008,Sarah Johnson,550.17,12,Cash,SUCCESS
TXN03888,2024-01-17,CUS0466,Philippines,AGT002,Priya Sharma,856.23,20,Cash,SUCCESS
TXN03470,2024-01-17,CUS0470,India,AGT003,Mohammad Raza,1121.28,0,Cash,FAILED
TXN03700,2024-01-17,CUS0686,India,AGT005,John Mathew,1119.82,25,Cash,SUCCESS
TXN04614,2024-01-17,CUS0720,Pakistan,AGT003,Mohammad Raza,677.03,0,Cash,FAILED
TXN00929,2024-01-17,CUS0340,Pakistan,AGT005,John Mathew,1175.73,18,Cash,SUCCESS
TXN00014,2024-01-17,CUS0275,Nepal,AGT007,Rajesh Kumar,255.61,0,Bank Transfer,FAILED
TXN01730,2024-01-17,CUS0217,Pakistan,AGT007,Rajesh Kumar,1241.16,18,Cash,SUCCESS
TXN04689,2024-01-17,CUS0585,Pakistan,AGT001,Ahmed Al Mansoori,453.53,18,Card,SUCCESS
TXN03182,2024-01-17,CUS0505,Philippines,AGT001,Ahmed Al Mansoori,1040.98,20,Cash,SUCCESS
TXN04979,2024-01-17,CUS0055,India,AGT004,Maria Santos,1340.26,25,Cash,SUCCESS
TXN00828,2024-01-17,CUS0058,India,AGT003,Mohammad Raza,1011.77,25,Cash,SUCCESS
TXN01675,2024-01-17,CUS0516,Pakistan,AGT003,Mohammad Raza,1187.69,18,Cash,SUCCESS
TXN03597,2024-01-18,CUS0165,Pakistan,AGT003,Mohammad Raza,566.39,0,Cash,FAILED
TXN01557,2024-01-18,CUS0519,India,AGT002,Priya Sharma,1528.89,25,Bank Transfer,SUCCESS
TXN03925,2024-01-18,CUS0223,Sri Lanka,AGT002,Priya Sharma,690.9,15,Cash,SUCCESS
TXN00831,2024-01-18,CUS0534,India,AGT002,Priya Sharma,716.0,25,Cash,SUCCESS
TXN02504,2024-01-18,CUS0069,India,AGT007,Rajesh Kumar,979.59,0,Cash,FAILED
TXN04032,2024-01-18,CUS0306,Kenya,AGT007,Rajesh Kumar,546.38,20,Cash,SUCCESS
TXN01865,2024-01-18,CUS0369,Nepal,AGT001,Ahmed Al Mansoori,834.78,12,Card,SUCCESS
TXN03336,2024-01-18,CUS0034,India,AGT006,Fatima Al Zaabi,716.83,25,Cash,SUCCESS
TXN00564,2024-01-18,CUS0268,India,AGT006,Fatima Al Zaabi,1082.63,25,Cash,SUCCESS
TXN02204,2024-01-18,CUS0418,Bangladesh,AGT003,Mohammad Raza,428.41,0,Cash,FAILED
TXN00863,2024-01-18,CUS0531,Kenya,AGT001,Ahmed Al Mansoori,1391.04,20,Bank Transfer,SUCCESS
TXN00578,2024-01-18,CUS0124,Philippines,AGT003,Mohammad Raza,1108.13,20,Cash,SUCCESS
TXN03192,2024-01-18,CUS0584,India,AGT008,Sarah Johnson,1456.44,25,Cash,SUCCESS
TXN04664,2024-01-18,CUS0058,Nepal,AGT006,Fatima Al Zaabi,515.16,12,Card,SUCCESS
TXN03365,2024-01-18,CUS0318,Sri Lanka,AGT004,Maria Santos,590.47,15,Cash,SUCCESS
TXN02626,2024-01-18,CUS0197,Philippines,AGT007,Rajesh Kumar,667.51,20,Cash,SUCCESS
TXN04434,2024-01-18,CUS0022,Bangladesh,AGT003,Mohammad Raza,582.07,15,Card,SUCCESS
TXN01043,2024-01-19,CUS0670,Bangladesh,AGT008,Sarah Johnson,926.52,0,Bank Transfer,FAILED
TXN00932,2024-01-19,CUS0331,India,AGT005,John Mathew,1877.22,25,Cash,SUCCESS
TXN02622,2024-01-19,CUS0152,India,AGT002,Priya Sharma,1484.06,25,Cash,SUCCESS
TXN00344,2024-01-19,CUS0508,Kenya,AGT007,Rajesh Kumar,805.52,20,Card,SUCCESS
TXN04475,2024-01-19,CUS0586,Philippines,AGT003,Mohammad Raza,1128.37,20,Cash,SUCCESS
TXN00510,2024-01-19,CUS0230,Pakistan,AGT007,Rajesh Kumar,600.57,18,Cash,SUCCESS
TXN04755,2024-01-19,CUS0338,India,AGT007,Rajesh Kumar,1007.49,25,Cash,SUCCESS
TXN04876,2024-01-19,CUS0624,India,AGT004,Maria Santos,834.79,25,Cash,SUCCESS
TXN02713,2024-01-19,CUS0124,India,AGT007,Rajesh Kumar,1379.95,25,Card,SUCCESS
TXN01039,2024-01-19,CUS0501,India,AGT004,Maria Santos,1280.8,25,Card,SUCCESS
TXN02440,2024-01-19,CUS0008,India,AGT008,Sarah Johnson,621.63,25,Cash,SUCCESS
TXN01361,2024-01-19,CUS0008,India,AGT004,Maria Santos,1194.49,25,Bank Transfer,SUCCESS
TXN04290,2024-01-19,CUS0024,India,AGT004,Maria Santos,1418.02,25,Card,SUCCESS
TXN04532,2024-01-20,CUS0681,Bangladesh,AGT003,Mohammad Raza,898.49,15,Cash,SUCCESS
TXN02595,2024-01-20,CUS0068,India,AGT008,Sarah Johnson,1505.44,25,Bank Transfer,SUCCESS
TXN00185,2024-01-20,CUS0119,India,AGT008,Sarah Johnson,1119.55,25,Bank Transfer,SUCCESS
TXN01955,2024-01-20,CUS0195,Philippines,AGT006,Fatima Al Zaabi,739.17,20,Card,SUCCESS
TXN00343,2024-01-20,CUS0428,Egypt,AGT003,Mohammad Raza,1180.84,22,Cash,SUCCESS
TXN04787,2024-01-20,CUS0590,India,AGT006,Fatima Al Zaabi,1463.15,25,Card,SUCCESS
TXN03561,2024-01-20,CUS0139,India,AGT001,Ahmed Al Mansoori,1283.8,25,Cash,SUCCESS
TXN01031,2024-01-20,CUS0156,Pakistan,AGT005,John Mathew,738.23,18,Bank Transfer,SUCCESS
TXN03371,2024-01-20,CUS0060,India,AGT006,Fatima Al Zaabi,1172.12,25,Card,SUCCESS
TXN00548,2024-01-20,CUS0617,India,AGT004,Maria Santos,1126.9,25,Card,SUCCESS
TXN04193,2024-01-20,CUS0238,India,AGT006,Fatima Al Zaabi,1662.27,25,Card,SUCCESS
TXN02328,2024-01-20,CUS0086,Nepal,AGT003,Mohammad Raza,530.32,12,Bank Transfer,SUCCESS
TXN03910,2024-01-20,CUS0619,Philippines,AGT008,Sarah Johnson,701.07,20,Bank Transfer,SUCCESS
TXN00067,2024-01-20,CUS0354,India,AGT007,Rajesh Kumar,1174.08,25,Cash,SUCCESS
TXN04440,2024-01-20,CUS0068,Pakistan,AGT004,Maria Santos,920.03,18,Card,SUCCESS
TXN01860,2024-01-20,CUS0453,Nepal,AGT002,Priya Sharma,646.86,12,Card,SUCCESS
TXN00631,2024-01-20,CUS0790,Philippines,AGT005,John Mathew,443.03,20,Cash,SUCCESS
TXN03002,2024-01-20,CUS0663,Nepal,AGT005,John Mathew,445.13,12,Bank Transfer,SUCCESS
TXN03758,2024-01-21,CUS0034,Sri Lanka,AGT001,Ahmed Al Mansoori,1209.47,15,Cash,SUCCESS
TXN01472,2024-01-21,CUS0664,Philippines,AGT007,Rajesh Kumar,735.36,20,Card,SUCCESS
TXN00175,2024-01-21,CUS0035,India,AGT008,Sarah Johnson,1299.61,25,Card,SUCCESS
TXN03632,2024-01-21,CUS0701,India,AGT005,John Mathew,971.66,25,Cash,SUCCESS
TXN00240,2024-01-21,CUS0450,India,AGT008,Sarah Johnson,1506.88,25,Card,SUCCESS
TXN00138,2024-01-21,CUS0482,Bangladesh,AGT003,Mohammad Raza,632.37,15,Cash,SUCCESS
TXN00914,2024-01-21,CUS0195,Pakistan,AGT001,Ahmed Al Mansoori,1178.59,18,Cash,SUCCESS
TXN02269,2024-01-21,CUS0684,India,AGT003,Mohammad Raza,1018.5,25,Cash,SUCCESS
TXN02676,2024-01-21,CUS0096,India,AGT007,Rajesh Kumar,493.45,25,Cash,SUCCESS
TXN03960,2024-01-21,CUS0558,India,AGT006,Fatima Al Zaabi,1267.11,25,Card,SUCCESS
TXN03855,2024-01-21,CUS0021,Bangladesh,AGT007,Rajesh Kumar,623.24,15,Cash,SUCCESS
TXN00638,2024-01-21,CUS0705,Pakistan,AGT004,Maria Santos,817.6,18,Cash,SUCCESS
TXN01107,2024-01-21,CUS0316,India,AGT002,Priya Sharma,1420.6,0,Card,FAILED
TXN00731,2024-01-21,CUS0238,India,AGT008,Sarah Johnson,1270.5,25,Cash,SUCCESS
TXN04039,2024-01-21,CUS0196,India,AGT007,Rajesh Kumar,1191.97,25,Card,SUCCESS
TXN04342,2024-01-21,CUS0465,India,AGT004,Maria Santos,1269.08,25,Card,SUCCESS
TXN02763,2024-01-21,CUS0647,Nepal,AGT005,John Mathew,761.16,12,Cash,SUCCESS
TXN04836,2024-01-21,CUS0768,Bangladesh,AGT008,Sarah Johnson,719.53,0,Cash,FAILED
TXN02678,2024-01-22,CUS0416,Philippines,AGT006,Fatima Al Zaabi,477.5,20,Cash,SUCCESS
TXN00712,2024-01-22,CUS0551,India,AGT007,Rajesh Kumar,1165.18,25,Cash,SUCCESS
TXN01195,2024-01-22,CUS0021,Kenya,AGT008,Sarah Johnson,496.0,0,Bank Transfer,FAILED
TXN01041,2024-01-22,CUS0670,Philippines,AGT004,Maria Santos,1354.66,20,Cash,SUCCESS
TXN00913,2024-01-22,CUS0532,Sri Lanka,AGT004,Maria Santos,806.11,15,Bank Transfer,SUCCESS
TXN04935,2024-01-22,CUS0173,India,AGT003,Mohammad Raza,1034.48,25,Bank Transfer,SUCCESS
TXN02330,2024-01-22,CUS0787,Pakistan,AGT004,Maria Santos,1003.78,18,Cash,SUCCESS
TXN04753,2024-01-22,CUS0264,Bangladesh,AGT001,Ahmed Al Mansoori,650.46,15,Card,SUCCESS
TXN01878,2024-01-22,CUS0520,India,AGT008,Sarah Johnson,1124.68,25,Cash,SUCCESS
TXN00058,2024-01-22,CUS0367,India,AGT001,Ahmed Al Mansoori,1088.68,25,Cash,SUCCESS
TXN00732,2024-01-22,CUS0398,Pakistan,AGT006,Fatima Al Zaabi,565.19,18,Cash,SUCCESS
TXN04872,2024-01-22,CUS0575,India,AGT007,Rajesh Kumar,1689.64,0,Cash,FAILED
TXN03035,2024-01-22,CUS0265,Sri Lanka,AGT003,Mohammad Raza,763.27,15,Cash,SUCCESS
TXN01391,2024-01-22,CUS0655,Philippines,AGT001,Ahmed Al Mansoori,1024.19,20,Cash,SUCCESS
TXN03803,2024-01-22,CUS0589,Philippines,AGT007,Rajesh Kumar,571.33,20,Cash,SUCCESS
TXN00281,2024-01-22,CUS0630,Bangladesh,AGT006,Fatima Al Zaabi,723.84,15,Cash,SUCCESS
TXN02662,2024-01-22,CUS0004,India,AGT004,Maria Santos,877.77,25,Cash,SUCCESS
TXN04394,2024-01-22,CUS0341,Bangladesh,AGT001,Ahmed Al Mansoori,588.13,15,Card,SUCCESS
TXN01246,2024-01-23,CUS0333,Pakistan,AGT008,Sarah Johnson,506.25,18,Bank Transfer,SUCCESS
TXN00741,2024-01-23,CUS0138,India,AGT003,Mohammad Raza,537.29,25,Cash,SUCCESS
TXN04749,2024-01-23,CUS0724,India,AGT001,Ahmed Al Mansoori,887.43,25,Bank Transfer,SUCCESS
TXN03153,2024-01-23,CUS0441,India,AGT002,Priya Sharma,153.48,25,Card,SUCCESS
TXN04424,2024-01-23,CUS0430,India,AGT003,Mohammad Raza,1540.51,0,Card,FAILED
TXN01442,2024-01-23,CUS0281,India,AGT003,Mohammad Raza,1622.45,25,Card,SUCCESS
TXN03026,2024-01-23,CUS0182,Philippines,AGT004,Maria Santos,795.1,20,Card,SUCCESS
TXN02031,2024-01-23,CUS0706,India,AGT004,Maria Santos,1490.56,25,Cash,SUCCESS
TXN01324,2024-01-23,CUS0580,Philippines,AGT005,John Mathew,1031.36,20,Cash,SUCCESS
TXN03040,2024-01-23,CUS0570,Egypt,AGT006,Fatima Al Zaabi,1031.82,22,Cash,SUCCESS
TXN00069,2024-01-23,CUS0533,Bangladesh,AGT001,Ahmed Al Mansoori,775.94,15,Card,SUCCESS
TXN00733,2024-01-24,CUS0106,India,AGT006,Fatima Al Zaabi,1346.97,25,Card,SUCCESS
TXN00664,2024-01-24,CUS0144,Sri Lanka,AGT008,Sarah Johnson,627.73,15,Card,SUCCESS
TXN00315,2024-01-24,CUS0372,Philippines,AGT004,Maria Santos,1252.48,20,Cash,SUCCESS
TXN03430,2024-01-24,CUS0545,India,AGT005,John Mathew,1596.48,25,Bank Transfer,SUCCESS
TXN00667,2024-01-24,CUS0791,Egypt,AGT002,Priya Sharma,1015.86,22,Cash,SUCCESS
TXN04600,2024-01-24,CUS0249,India,AGT001,Ahmed Al Mansoori,1671.67,25,Cash,SUCCESS
TXN00164,2024-01-24,CUS0301,India,AGT001,Ahmed Al Mansoori,904.55,25,Cash,SUCCESS
TXN01937,2024-01-24,CUS0460,India,AGT006,Fatima Al Zaabi,1291.35,25,Card,SUCCESS
TXN01328,2024-01-24,CUS0754,Kenya,AGT008,Sarah Johnson,908.94,20,Cash,SUCCESS
TXN04169,2024-01-24,CUS0003,India,AGT006,Fatima Al Zaabi,1555.1,25,Card,SUCCESS
TXN03886,2024-01-24,CUS0614,India,AGT001,Ahmed Al Mansoori,1393.06,25,Cash,SUCCESS
TXN04084,2024-01-24,CUS0002,India,AGT007,Rajesh Kumar,511.81,25,Card,SUCCESS
TXN02721,2024-01-24,CUS0215,Bangladesh,AGT004,Maria Santos,1110.37,15,Cash,SUCCESS
TXN04557,2024-01-24,CUS0133,India,AGT006,Fatima Al Zaabi,837.98,25,Card,SUCCESS
TXN01098,2024-01-25,CUS0467,India,AGT005,John Mathew,480.65,25,Card,SUCCESS
TXN04797,2024-01-25,CUS0405,Pakistan,AGT004,Maria Santos,916.68,18,Bank Transfer,SUCCESS
TXN03232,2024-01-25,CUS0202,Philippines,AGT007,Rajesh Kumar,353.03,0,Bank Transfer,FAILED
TXN00377,2024-01-25,CUS0538,Kenya,AGT007,Rajesh Kumar,1198.61,20,Cash,SUCCESS
TXN00632,2024-01-25,CUS0050,Pakistan,AGT001,Ahmed Al Mansoori,1167.09,18,Cash,SUCCESS
TXN00265,2024-01-25,CUS0065,India,AGT008,Sarah Johnson,1109.08,25,Bank Transfer,SUCCESS
TXN02755,2024-01-25,CUS0259,Egypt,AGT007,Rajesh Kumar,1075.6,22,Cash,SUCCESS
TXN02215,2024-01-25,CUS0015,Nepal,AGT003,Mohammad Raza,515.39,12,Cash,SUCCESS
TXN04322,2024-01-25,CUS0659,India,AGT004,Maria Santos,1161.38,25,Cash,SUCCESS
TXN01613,2024-01-25,CUS0054,India,AGT001,Ahmed Al Mansoori,1517.92,25,Cash,SUCCESS
TXN04765,2024-01-25,CUS0316,Kenya,AGT004,Maria Santos,666.59,20,Card,SUCCESS
TXN03393,2024-01-25,CUS0526,India,AGT008,Sarah Johnson,1173.37,0,Card,FAILED
TXN04582,2024-01-26,CUS0593,Philippines,AGT003,Mohammad Raza,634.18,0,Card,FAILED
TXN00656,2024-01-26,CUS0413,Philippines,AGT007,Rajesh Kumar,915.99,20,Cash,SUCCESS
TXN00569,2024-01-26,CUS0158,Philippines,AGT008,Sarah Johnson,394.89,0,Cash,FAILED
TXN03006,2024-01-26,CUS0255,Philippines,AGT005,John Mathew,539.42,20,Cash,SUCCESS
TXN03142,2024-01-26,CUS0225,India,AGT007,Rajesh Kumar,434.2,25,Bank Transfer,SUCCESS
TXN03219,2024-01-26,CUS0243,Bangladesh,AGT006,Fatima Al Zaabi,545.59,15,Card,SUCCESS
TXN03956,2024-01-26,CUS0013,India,AGT004,Maria Santos,979.9,25,Cash,SUCCESS
TXN00192,2024-01-26,CUS0129,Nepal,AGT004,Maria Santos,754.15,12,Cash,SUCCESS
TXN04484,2024-01-26,CUS0214,Bangladesh,AGT008,Sarah Johnson,816.21,15,Cash,SUCCESS
TXN00964,2024-01-26,CUS0089,India,AGT001,Ahmed Al Mansoori,1455.24,25,Cash,SUCCESS
TXN03295,2024-01-26,CUS0047,Pakistan,AGT008,Sarah Johnson,510.31,18,Cash,SUCCESS
TXN04129,2024-01-26,CUS0117,India,AGT008,Sarah Johnson,935.33,25,Card,SUCCESS
TXN03923,2024-01-26,CUS0409,Pakistan,AGT008,Sarah Johnson,716.86,18,Card,SUCCESS
TXN03589,2024-01-27,CUS0392,India,AGT005,John Mathew,1646.25,25,Cash,SUCCESS
TXN01610,2024-01-27,CUS0717,Philippines,AGT005,John Mathew,831.86,20,Cash,SUCCESS
TXN00690,2024-01-27,CUS0503,Bangladesh,AGT005,John Mathew,793.3,15,Card,SUCCESS
TXN01603,2024-01-27,CUS0440,Pakistan,AGT006,Fatima Al Zaabi,644.97,18,Card,SUCCESS
TXN02677,2024-01-27,CUS0603,India,AGT002,Priya Sharma,1325.87,0,Bank Transfer,FAILED
TXN01737,2024-01-27,CUS0132,Nepal,AGT007,Rajesh Kumar,410.34,12,Cash,SUCCESS
TXN00145,2024-01-27,CUS0295,India,AGT003,Mohammad Raza,1293.56,25,Card,SUCCESS
TXN04497,2024-01-27,CUS0177,Philippines,AGT005,John Mathew,682.6,20,Card,SUCCESS
TXN00834,2024-01-27,CUS0116,Sri Lanka,AGT004,Maria Santos,577.25,15,Cash,SUCCESS
TXN04378,2024-01-27,CUS0150,India,AGT004,Maria Santos,1935.15,25,Cash,SUCCESS
TXN01898,2024-01-27,CUS0555,Pakistan,AGT001,Ahmed Al Mansoori,1183.68,18,Bank Transfer,SUCCESS
TXN04758,2024-01-27,CUS0142,Philippines,AGT003,Mohammad Raza,1245.85,20,Cash,SUCCESS
TXN02537,2024-01-27,CUS0610,Kenya,AGT008,Sarah Johnson,1228.11,20,Cash,SUCCESS
TXN00054,2024-01-27,CUS0284,India,AGT007,Rajesh Kumar,1420.2,0,Cash,FAILED
TXN00512,2024-01-27,CUS0411,India,AGT001,Ahmed Al Mansoori,1181.91,25,Cash,SUCCESS
TXN01545,2024-01-27,CUS0608,India,AGT006,Fatima Al Zaabi,983.2,25,Cash,SUCCESS
TXN02312,2024-01-27,CUS0757,Nepal,AGT007,Rajesh Kumar,923.14,12,Bank Transfer,SUCCESS
TXN04165,2024-01-27,CUS0253,India,AGT007,Rajesh Kumar,1044.2,25,Cash,SUCCESS
TXN04668,2024-01-27,CUS0331,Pakistan,AGT004,Maria Santos,1199.68,18,Cash,SUCCESS
TXN03884,2024-01-27,CUS0791,India,AGT005,John Mathew,879.49,25,Card,SUCCESS
TXN00123,2024-01-27,CUS0117,India,AGT008,Sarah Johnson,1705.01,25,Cash,SUCCESS
TXN03818,2024-01-27,CUS0441,Kenya,AGT006,Fatima Al Zaabi,914.74,20,Cash,SUCCESS
TXN04727,2024-01-27,CUS0178,Nepal,AGT002,Priya Sharma,637.91,12,Cash,SUCCESS
TXN01780,2024-01-27,CUS0114,India,AGT001,Ahmed Al Mansoori,950.73,25,Cash,SUCCESS
TXN02037,2024-01-28,CUS0183,Philippines,AGT005,John Mathew,1005.95,20,Card,SUCCESS
TXN02943,2024-01-28,CUS0039,Pakistan,AGT003,Mohammad Raza,953.72,18,Cash,SUCCESS
TXN03067,2024-01-28,CUS0619,India,AGT006,Fatima Al Zaabi,1831.78,25,Cash,SUCCESS
TXN03175,2024-01-28,CUS0173,Bangladesh,AGT003,Mohammad Raza,489.53,15,Cash,SUCCESS
TXN03068,2024-01-28,CUS0165,India,AGT007,Rajesh Kumar,1206.62,25,Cash,SUCCESS
TXN01161,2024-01-28,CUS0695,Nepal,AGT008,Sarah Johnson,150.11,0,Cash,FAILED
TXN02448,2024-01-28,CUS0581,Pakistan,AGT004,Maria Santos,743.74,18,Bank Transfer,SUCCESS
TXN02539,2024-01-28,CUS0285,India,AGT002,Priya Sharma,751.54,25,Card,SUCCESS
TXN00809,2024-01-28,CUS0537,India,AGT007,Rajesh Kumar,1652.07,25,Cash,SUCCESS
TXN02054,2024-01-28,CUS0785,Kenya,AGT005,John Mathew,863.44,20,Cash,SUCCESS
TXN04816,2024-01-28,CUS0306,Philippines,AGT004,Maria Santos,833.11,20,Cash,SUCCESS
TXN00144,2024-01-28,CUS0638,India,AGT006,Fatima Al Zaabi,1266.47,25,Card,SUCCESS
TXN00035,2024-01-28,CUS0063,Pakistan,AGT002,Priya Sharma,997.41,18,Cash,SUCCESS
TXN04036,2024-01-28,CUS0277,India,AGT008,Sarah Johnson,1544.41,0,Card,FAILED
TXN00916,2024-01-28,CUS0475,Bangladesh,AGT003,Mohammad Raza,758.59,15,Cash,SUCCESS
TXN00121,2024-01-28,CUS0654,Pakistan,AGT003,Mohammad Raza,989.85,18,Cash,SUCCESS
TXN01836,2024-01-28,CUS0666,India,AGT005,John Mathew,1330.14,25,Card,SUCCESS
TXN03602,2024-01-28,CUS0231,Kenya,AGT003,Mohammad Raza,745.05,20,Cash,SUCCESS
TXN00361,2024-01-29,CUS0468,Philippines,AGT007,Rajesh Kumar,1040.22,20,Card,SUCCESS
TXN02939,2024-01-29,CUS0778,India,AGT008,Sarah Johnson,609.79,25,Cash,SUCCESS
TXN01083,2024-01-29,CUS0053,Philippines,AGT006,Fatima Al Zaabi,813.16,20,Cash,SUCCESS
TXN02793,2024-01-29,CUS0370,Philippines,AGT004,Maria Santos,788.49,20,Bank Transfer,SUCCESS
TXN00946,2024-01-29,CUS0579,Nepal,AGT005,John Mathew,407.38,12,Cash,SUCCESS
TXN00221,2024-01-29,CUS0217,India,AGT005,John Mathew,2033.28,25,Card,SUCCESS
TXN01170,2024-01-29,CUS0606,Philippines,AGT008,Sarah Johnson,1130.42,20,Card,SUCCESS
TXN00502,2024-01-29,CUS0123,India,AGT003,Mohammad Raza,1887.39,0,Cash,FAILED
TXN03240,2024-01-29,CUS0428,Philippines,AGT006,Fatima Al Zaabi,1153.24,20,Bank Transfer,SUCCESS
TXN04991,2024-01-29,CUS0417,Philippines,AGT008,Sarah Johnson,333.17,20,Bank Transfer,SUCCESS
TXN02166,2024-01-29,CUS0551,Pakistan,AGT005,John Mathew,556.38,18,Bank Transfer,SUCCESS
TXN04767,2024-01-29,CUS0747,Nepal,AGT006,Fatima Al Zaabi,387.05,12,Card,SUCCESS
TXN00298,2024-01-29,CUS0312,Nepal,AGT003,Mohammad Raza,655.31,12,Cash,SUCCESS
TXN04103,2024-01-29,CUS0324,India,AGT007,Rajesh Kumar,1686.39,25,Bank Transfer,SUCCESS
TXN01901,2024-01-30,CUS0739,Nepal,AGT007,Rajesh Kumar,725.45,12,Cash,SUCCESS
TXN02022,2024-01-30,CUS0736,Kenya,AGT001,Ahmed Al Mansoori,1029.05,20,Bank Transfer,SUCCESS
TXN00935,2024-01-30,CUS0496,India,AGT002,Priya Sharma,1358.41,25,Card,SUCCESS
TXN04027,2024-01-30,CUS0332,Egypt,AGT008,Sarah Johnson,842.22,22,Card,SUCCESS
TXN00042,2024-01-30,CUS0766,Pakistan,AGT001,Ahmed Al Mansoori,841.13,18,Cash,SUCCESS
TXN01432,2024-01-30,CUS0176,Philippines,AGT001,Ahmed Al Mansoori,1120.25,20,Bank Transfer,SUCCESS
TXN03233,2024-01-30,CUS0451,India,AGT004,Maria Santos,814.49,25,Cash,SUCCESS
TXN00282,2024-01-30,CUS0373,India,AGT007,Rajesh Kumar,1438.37,25,Card,SUCCESS
TXN04581,2024-01-30,CUS0287,Philippines,AGT004,Maria Santos,956.56,20,Bank Transfer,SUCCESS
TXN03805,2024-01-30,CUS0734,India,AGT008,Sarah Johnson,878.6,25,Cash,SUCCESS
TXN03380,2024-01-30,CUS0216,India,AGT006,Fatima Al Zaabi,937.82,25,Bank Transfer,SUCCESS
TXN01886,2024-01-30,CUS0290,India,AGT003,Mohammad Raza,1300.86,0,Cash,FAILED
TXN04068,2024-01-30,CUS0392,Philippines,AGT007,Rajesh Kumar,980.26,20,Cash,SUCCESS
TXN01069,2024-01-31,CUS0477,India,AGT002,Priya Sharma,1031.63,25,Cash,SUCCESS
TXN02900,2024-01-31,CUS0776,Pakistan,AGT003,Mohammad Raza,868.96,18,Cash,SUCCESS
TXN04866,2024-01-31,CUS0190,Sri Lanka,AGT002,Priya Sharma,370.95,15,Card,SUCCESS
TXN04731,2024-01-31,CUS0011,Nepal,AGT005,John Mathew,385.99,12,Card,SUCCESS
TXN03073,2024-01-31,CUS0111,India,AGT001,Ahmed Al Mansoori,1272.84,25,Card,SUCCESS
TXN03778,2024-01-31,CUS0346,India,AGT004,Maria Santos,757.76,25,Card,SUCCESS
TXN00468,2024-01-31,CUS0719,Kenya,AGT003,Mohammad Raza,1165.89,20,Cash,SUCCESS
TXN00364,2024-01-31,CUS0484,Egypt,AGT002,Priya Sharma,1232.56,0,Cash,FAILED
TXN04246,2024-01-31,CUS0077,India,AGT004,Maria Santos,644.48,25,Card,SUCCESS
TXN04551,2024-01-31,CUS0164,India,AGT005,John Mathew,1701.55,25,Cash,SUCCESS
TXN02392,2024-01-31,CUS0082,Pakistan,AGT007,Rajesh Kumar,576.92,18,Bank Transfer,SUCCESS
TXN01787,2024-01-31,CUS0480,India,AGT004,Maria Santos,1088.68,25,Cash,SUCCESS
TXN00496,2024-01-31,CUS0519,Egypt,AGT007,Rajesh Kumar,1277.84,22,Card,SUCCESS
TXN02541,2024-01-31,CUS0640,India,AGT006,Fatima Al Zaabi,944.55,25,Cash,SUCCESS
TXN01375,2024-02-01,CUS0321,Egypt,AGT007,Rajesh Kumar,1585.49,22,Card,SUCCESS
TXN01026,2024-02-01,CUS0062,Philippines,AGT006,Fatima Al Zaabi,1017.81,20,Bank Transfer,SUCCESS
TXN00353,2024-02-01,CUS0315,Pakistan,AGT008,Sarah Johnson,1005.84,18,Card,SUCCESS
TXN03683,2024-02-01,CUS0108,Kenya,AGT004,Maria Santos,1000.93,20,Card,SUCCESS
TXN03019,2024-02-01,CUS0554,Nepal,AGT005,John Mathew,518.79,0,Cash,FAILED
TXN03201,2024-02-01,CUS0225,Pakistan,AGT003,Mohammad Raza,844.44,18,Cash,SUCCESS
TXN02386,2024-02-01,CUS0082,Philippines,AGT001,Ahmed Al Mansoori,695.21,20,Cash,SUCCESS
TXN02722,2024-02-01,CUS0634,Pakistan,AGT004,Maria Santos,678.62,18,Cash,SUCCESS
TXN03440,2024-02-01,CUS0547,India,AGT007,Rajesh Kumar,1305.38,25,Cash,SUCCESS
TXN02947,2024-02-01,CUS0207,Nepal,AGT001,Ahmed Al Mansoori,615.34,0,Bank Transfer,FAILED
TXN03114,2024-02-01,CUS0567,Egypt,AGT004,Maria Santos,700.87,22,Cash,SUCCESS
TXN04529,2024-02-02,CUS0300,India,AGT006,Fatima Al Zaabi,1180.88,25,Card,SUCCESS
TXN03878,2024-02-02,CUS0195,Pakistan,AGT008,Sarah Johnson,858.32,0,Cash,FAILED
TXN03843,2024-02-02,CUS0610,Pakistan,AGT001,Ahmed Al Mansoori,1034.93,18,Card,SUCCESS
TXN01046,2024-02-02,CUS0117,Nepal,AGT002,Priya Sharma,759.06,12,Card,SUCCESS
TXN00506,2024-02-02,CUS0509,India,AGT002,Priya Sharma,1024.63,25,Cash,SUCCESS
TXN00474,2024-02-02,CUS0224,Nepal,AGT007,Rajesh Kumar,846.04,12,Bank Transfer,SUCCESS
TXN02459,2024-02-02,CUS0221,Bangladesh,AGT003,Mohammad Raza,804.93,0,Card,FAILED
TXN02091,2024-02-02,CUS0603,Pakistan,AGT008,Sarah Johnson,878.42,18,Card,SUCCESS
TXN02431,2024-02-02,CUS0156,Egypt,AGT003,Mohammad Raza,1286.32,0,Cash,FAILED
TXN03513,2024-02-02,CUS0456,India,AGT002,Priya Sharma,1816.33,25,Cash,SUCCESS
TXN02827,2024-02-02,CUS0782,Kenya,AGT002,Priya Sharma,1305.36,20,Cash,SUCCESS
TXN03711,2024-02-03,CUS0309,India,AGT001,Ahmed Al Mansoori,683.07,25,Card,SUCCESS
TXN03185,2024-02-03,CUS0295,India,AGT007,Rajesh Kumar,919.13,25,Card,SUCCESS
TXN03573,2024-02-03,CUS0562,Philippines,AGT004,Maria Santos,986.61,20,Card,SUCCESS
TXN01377,2024-02-03,CUS0573,India,AGT001,Ahmed Al Mansoori,959.13,25,Bank Transfer,SUCCESS
TXN04108,2024-02-03,CUS0329,Philippines,AGT002,Priya Sharma,1266.28,20,Cash,SUCCESS
TXN04263,2024-02-03,CUS0598,Egypt,AGT008,Sarah Johnson,1350.64,22,Card,SUCCESS
TXN02869,2024-02-03,CUS0356,Pakistan,AGT005,John Mathew,928.36,18,Card,SUCCESS
TXN02966,2024-02-03,CUS0220,Nepal,AGT001,Ahmed Al Mansoori,553.41,12,Card,SUCCESS
TXN01141,2024-02-03,CUS0773,India,AGT001,Ahmed Al Mansoori,1092.88,25,Cash,SUCCESS
TXN03045,2024-02-03,CUS0717,Bangladesh,AGT003,Mohammad Raza,850.07,15,Card,SUCCESS
TXN04504,2024-02-03,CUS0611,India,AGT008,Sarah Johnson,1348.68,25,Card,SUCCESS
TXN01156,2024-02-03,CUS0347,Philippines,AGT004,Maria Santos,1172.65,20,Bank Transfer,SUCCESS
TXN00975,2024-02-03,CUS0446,India,AGT007,Rajesh Kumar,1039.37,25,Cash,SUCCESS
TXN02030,2024-02-03,CUS0747,India,AGT003,Mohammad Raza,1023.01,25,Cash,SUCCESS
TXN04181,2024-02-03,CUS0493,India,AGT007,Rajesh Kumar,1300.21,25,Cash,SUCCESS
TXN01868,2024-02-04,CUS0073,Philippines,AGT007,Rajesh Kumar,1204.21,20,Cash,SUCCESS
TXN03502,2024-02-04,CUS0542,India,AGT001,Ahmed Al Mansoori,974.17,25,Cash,SUCCESS
TXN04708,2024-02-04,CUS0545,India,AGT002,Priya Sharma,1025.72,25,Cash,SUCCESS
TXN01697,2024-02-04,CUS0362,India,AGT006,Fatima Al Zaabi,839.88,25,Cash,SUCCESS
TXN01124,2024-02-04,CUS0596,Pakistan,AGT006,Fatima Al Zaabi,525.68,18,Cash,SUCCESS
TXN03777,2024-02-04,CUS0668,India,AGT006,Fatima Al Zaabi,540.79,25,Cash,SUCCESS
TXN00396,2024-02-04,CUS0224,Bangladesh,AGT001,Ahmed Al Mansoori,601.47,15,Cash,SUCCESS
TXN00933,2024-02-04,CUS0300,Bangladesh,AGT002,Priya Sharma,395.92,15,Cash,SUCCESS
TXN02563,2024-02-04,CUS0636,India,AGT002,Priya Sharma,866.85,25,Card,SUCCESS
TXN04853,2024-02-04,CUS0440,India,AGT007,Rajesh Kumar,1391.17,25,Cash,SUCCESS
TXN02837,2024-02-04,CUS0024,Bangladesh,AGT005,John Mathew,1099.87,15,Card,SUCCESS
TXN03924,2024-02-04,CUS0759,Kenya,AGT005,John Mathew,490.7,20,Cash,SUCCESS
TXN00692,2024-02-04,CUS0426,Nepal,AGT003,Mohammad Raza,808.68,12,Cash,SUCCESS
TXN00581,2024-02-04,CUS0566,India,AGT007,Rajesh Kumar,1321.86,25,Cash,SUCCESS
TXN04946,2024-02-04,CUS0635,Philippines,AGT008,Sarah Johnson,1180.82,20,Bank Transfer,SUCCESS
TXN03383,2024-02-04,CUS0094,Egypt,AGT001,Ahmed Al Mansoori,1170.15,22,Cash,SUCCESS
TXN04947,2024-02-04,CUS0416,India,AGT005,John Mathew,933.68,25,Bank Transfer,SUCCESS
TXN03734,2024-02-04,CUS0347,Sri Lanka,AGT004,Maria Santos,782.64,15,Card,SUCCESS
TXN02186,2024-02-05,CUS0236,India,AGT006,Fatima Al Zaabi,1752.04,25,Cash,SUCCESS
TXN03601,2024-02-05,CUS0466,Philippines,AGT001,Ahmed Al Mansoori,677.54,20,Cash,SUCCESS
TXN03869,2024-02-05,CUS0592,Philippines,AGT003,Mohammad Raza,937.77,20,Card,SUCCESS
TXN01033,2024-02-05,CUS0394,Pakistan,AGT001,Ahmed Al Mansoori,895.81,18,Bank Transfer,SUCCESS
TXN00844,2024-02-05,CUS0303,Pakistan,AGT008,Sarah Johnson,891.78,18,Card,SUCCESS
TXN01434,2024-02-05,CUS0134,Philippines,AGT004,Maria Santos,742.57,20,Cash,SUCCESS
TXN01500,2024-02-05,CUS0538,Bangladesh,AGT007,Rajesh Kumar,824.43,15,Cash,SUCCESS
TXN01803,2024-02-05,CUS0467,India,AGT006,Fatima Al Zaabi,944.97,25,Cash,SUCCESS
TXN04142,2024-02-05,CUS0551,Pakistan,AGT005,John Mathew,1193.21,18,Cash,SUCCESS
TXN02433,2024-02-05,CUS0538,Philippines,AGT001,Ahmed Al Mansoori,893.64,20,Card,SUCCESS
TXN01349,2024-02-05,CUS0716,India,AGT007,Rajesh Kumar,707.92,0,Cash,FAILED
TXN03509,2024-02-05,CUS0660,Bangladesh,AGT004,Maria Santos,805.05,15,Card,SUCCESS
TXN00431,2024-02-05,CUS0690,Nepal,AGT007,Rajesh Kumar,387.01,12,Card,SUCCESS
TXN01248,2024-02-06,CUS0095,Pakistan,AGT007,Rajesh Kumar,615.21,18,Cash,SUCCESS
TXN00804,2024-02-06,CUS0234,India,AGT006,Fatima Al Zaabi,1033.58,25,Card,SUCCESS
TXN01415,2024-02-06,CUS0342,Philippines,AGT004,Maria Santos,726.25,20,Cash,SUCCESS
TXN03949,2024-02-06,CUS0705,Nepal,AGT001,Ahmed Al Mansoori,549.6,12,Card,SUCCESS
TXN04550,2024-02-06,CUS0103,India,AGT006,Fatima Al Zaabi,1116.81,25,Cash,SUCCESS
TXN00855,2024-02-06,CUS0222,Nepal,AGT002,Priya Sharma,855.69,12,Cash,SUCCESS
TXN00852,2024-02-06,CUS0672,India,AGT004,Maria Santos,1000.03,25,Bank Transfer,SUCCESS
TXN04002,2024-02-06,CUS0698,Philippines,AGT004,Maria Santos,891.58,0,Cash,FAILED
TXN03320,2024-02-06,CUS0099,Pakistan,AGT008,Sarah Johnson,1356.81,18,Card,SUCCESS
TXN04186,2024-02-06,CUS0184,Philippines,AGT005,John Mathew,997.06,20,Cash,SUCCESS
TXN00704,2024-02-06,CUS0265,Pakistan,AGT004,Maria Santos,461.97,18,Cash,SUCCESS
TXN01866,2024-02-06,CUS0195,India,AGT008,Sarah Johnson,601.5,25,Card,SUCCESS
TXN02116,2024-02-06,CUS0734,Nepal,AGT005,John Mathew,507.62,12,Card,SUCCESS
TXN03016,2024-02-06,CUS0267,Kenya,AGT007,Rajesh Kumar,1245.94,20,Cash,SUCCESS
TXN04631,2024-02-06,CUS0326,India,AGT004,Maria Santos,643.82,25,Card,SUCCESS
TXN00124,2024-02-07,CUS0156,Pakistan,AGT001,Ahmed Al Mansoori,463.56,18,Card,SUCCESS
TXN03395,2024-02-07,CUS0497,Philippines,AGT001,Ahmed Al Mansoori,1432.59,20,Cash,SUCCESS
TXN02821,2024-02-07,CUS0016,Egypt,AGT004,Maria Santos,1007.97,22,Bank Transfer,SUCCESS
TXN00079,2024-02-07,CUS0736,Philippines,AGT004,Maria Santos,924.78,20,Cash,SUCCESS
TXN00048,2024-02-07,CUS0076,India,AGT002,Priya Sharma,1580.56,25,Card,SUCCESS
TXN02179,2024-02-07,CUS0284,Bangladesh,AGT007,Rajesh Kumar,1124.96,15,Bank Transfer,SUCCESS
TXN04286,2024-02-07,CUS0105,India,AGT005,John Mathew,1273.16,25,Bank Transfer,SUCCESS
TXN00235,2024-02-07,CUS0039,India,AGT008,Sarah Johnson,1971.82,0,Bank Transfer,FAILED
TXN03121,2024-02-07,CUS0380,India,AGT007,Rajesh Kumar,1025.92,25,Cash,SUCCESS
TXN02735,2024-02-07,CUS0348,India,AGT002,Priya Sharma,1915.34,25,Cash,SUCCESS
TXN02726,2024-02-07,CUS0446,India,AGT002,Priya Sharma,1201.33,25,Bank Transfer,SUCCESS
TXN04244,2024-02-07,CUS0253,Sri Lanka,AGT001,Ahmed Al Mansoori,907.2,15,Cash,SUCCESS
TXN00495,2024-02-07,CUS0015,India,AGT002,Priya Sharma,1748.32,25,Cash,SUCCESS
TXN03939,2024-02-07,CUS0677,Pakistan,AGT008,Sarah Johnson,716.13,18,Bank Transfer,SUCCESS
TXN04050,2024-02-07,CUS0448,India,AGT008,Sarah Johnson,1341.59,25,Bank Transfer,SUCCESS
TXN00383,2024-02-07,CUS0491,India,AGT004,Maria Santos,435.4,25,Bank Transfer,SUCCESS
TXN04336,2024-02-07,CUS0160,Nepal,AGT001,Ahmed Al Mansoori,483.8,12,Cash,SUCCESS
TXN00691,2024-02-07,CUS0539,Nepal,AGT006,Fatima Al Zaabi,535.03,12,Cash,SUCCESS
TXN00707,2024-02-07,CUS0297,Philippines,AGT002,Priya Sharma,554.28,20,Cash,SUCCESS
TXN03941,2024-02-07,CUS0064,Philippines,AGT006,Fatima Al Zaabi,1002.37,20,Cash,SUCCESS
TXN01704,2024-02-07,CUS0686,India,AGT008,Sarah Johnson,1599.49,25,Cash,SUCCESS
TXN03236,2024-02-07,CUS0623,Philippines,AGT007,Rajesh Kumar,951.16,0,Bank Transfer,FAILED
TXN01370,2024-02-08,CUS0169,Egypt,AGT004,Maria Santos,808.02,22,Cash,SUCCESS
TXN04330,2024-02-08,CUS0297,India,AGT007,Rajesh Kumar,1055.35,25,Cash,SUCCESS
TXN02177,2024-02-08,CUS0545,Pakistan,AGT002,Priya Sharma,414.16,18,Card,SUCCESS
TXN02850,2024-02-08,CUS0655,India,AGT003,Mohammad Raza,1005.92,0,Cash,FAILED
TXN03135,2024-02-08,CUS0288,India,AGT003,Mohammad Raza,1214.88,0,Card,FAILED
TXN00687,2024-02-08,CUS0753,India,AGT003,Mohammad Raza,1113.48,25,Cash,SUCCESS
TXN02520,2024-02-08,CUS0428,Philippines,AGT001,Ahmed Al Mansoori,670.12,20,Cash,SUCCESS
TXN04865,2024-02-08,CUS0204,India,AGT004,Maria Santos,1172.69,25,Cash,SUCCESS
TXN02669,2024-02-08,CUS0077,Kenya,AGT006,Fatima Al Zaabi,1107.41,20,Card,SUCCESS
TXN00533,2024-02-08,CUS0203,India,AGT002,Priya Sharma,1176.21,25,Cash,SUCCESS
TXN00358,2024-02-09,CUS0064,Egypt,AGT002,Priya Sharma,1004.74,22,Bank Transfer,SUCCESS
TXN01163,2024-02-09,CUS0478,Pakistan,AGT008,Sarah Johnson,466.5,18,Card,SUCCESS
TXN01922,2024-02-09,CUS0579,Kenya,AGT004,Maria Santos,1163.15,20,Card,SUCCESS
TXN00236,2024-02-09,CUS0630,Pakistan,AGT002,Priya Sharma,952.14,18,Cash,SUCCESS
TXN01672,2024-02-09,CUS0154,India,AGT007,Rajesh Kumar,1067.94,25,Cash,SUCCESS
TXN03847,2024-02-09,CUS0052,India,AGT007,Rajesh Kumar,1592.71,25,Bank Transfer,SUCCESS
TXN04127,2024-02-09,CUS0495,India,AGT005,John Mathew,882.93,25,Card,SUCCESS
TXN02746,2024-02-09,CUS0514,India,AGT005,John Mathew,1093.22,25,Cash,SUCCESS
TXN01129,2024-02-09,CUS0784,Philippines,AGT003,Mohammad Raza,882.68,0,Card,FAILED
TXN01979,2024-02-09,CUS0021,India,AGT007,Rajesh Kumar,921.76,0,Bank Transfer,FAILED
TXN00482,2024-02-09,CUS0532,India,AGT004,Maria Santos,856.01,25,Cash,SUCCESS
TXN01242,2024-02-09,CUS0694,India,AGT008,Sarah Johnson,1126.71,25,Cash,SUCCESS
TXN01004,2024-02-09,CUS0259,Sri Lanka,AGT005,John Mathew,604.44,15,Cash,SUCCESS
TXN02988,2024-02-10,CUS0370,Kenya,AGT005,John Mathew,976.61,20,Bank Transfer,SUCCESS
TXN03324,2024-02-10,CUS0136,Nepal,AGT003,Mohammad Raza,646.44,12,Cash,SUCCESS
TXN00853,2024-02-10,CUS0370,Philippines,AGT001,Ahmed Al Mansoori,727.91,20,Bank Transfer,SUCCESS
TXN04761,2024-02-10,CUS0220,Bangladesh,AGT001,Ahmed Al Mansoori,433.3,15,Cash,SUCCESS
TXN04901,2024-02-10,CUS0779,Pakistan,AGT008,Sarah Johnson,705.95,18,Cash,SUCCESS
TXN03361,2024-02-10,CUS0071,Egypt,AGT004,Maria Santos,719.4,22,Cash,SUCCESS
TXN04256,2024-02-10,CUS0309,India,AGT008,Sarah Johnson,1572.76,25,Cash,SUCCESS
TXN01690,2024-02-10,CUS0736,Sri Lanka,AGT002,Priya Sharma,691.75,15,Cash,SUCCESS
TXN04579,2024-02-10,CUS0765,Bangladesh,AGT003,Mohammad Raza,581.06,15,Card,SUCCESS
TXN00008,2024-02-10,CUS0592,Pakistan,AGT006,Fatima Al Zaabi,984.18,18,Cash,SUCCESS
TXN03263,2024-02-10,CUS0379,India,AGT005,John Mathew,874.34,0,Card,FAILED
TXN01742,2024-02-10,CUS0761,Pakistan,AGT001,Ahmed Al Mansoori,759.48,18,Bank Transfer,SUCCESS
TXN03953,2024-02-10,CUS0329,Bangladesh,AGT002,Priya Sharma,1158.66,15,Cash,SUCCESS
TXN02673,2024-02-10,CUS0319,India,AGT005,John Mathew,1293.76,25,Card,SUCCESS
TXN00026,2024-02-10,CUS0071,India,AGT008,Sarah Johnson,1239.93,25,Card,SUCCESS
TXN03180,2024-02-10,CUS0220,India,AGT006,Fatima Al Zaabi,1385.63,25,Bank Transfer,SUCCESS
TXN01036,2024-02-11,CUS0664,Nepal,AGT005,John Mathew,883.32,12,Card,SUCCESS
TXN01091,2024-02-11,CUS0296,Philippines,AGT003,Mohammad Raza,880.67,20,Cash,SUCCESS
TXN02828,2024-02-11,CUS0027,Pakistan,AGT006,Fatima Al Zaabi,785.12,18,Cash,SUCCESS
TXN03871,2024-02-11,CUS0503,Pakistan,AGT003,Mohammad Raza,466.35,0,Cash,FAILED
TXN01516,2024-02-11,CUS0675,India,AGT008,Sarah Johnson,1156.17,25,Bank Transfer,SUCCESS
TXN03217,2024-02-11,CUS0583,Bangladesh,AGT006,Fatima Al Zaabi,352.11,15,Card,SUCCESS
TXN02415,2024-02-11,CUS0618,Philippines,AGT008,Sarah Johnson,1174.77,20,Bank Transfer,SUCCESS
TXN04174,2024-02-12,CUS0300,Philippines,AGT008,Sarah Johnson,639.11,20,Cash,SUCCESS
TXN02776,2024-02-12,CUS0777,Egypt,AGT008,Sarah Johnson,1005.99,22,Bank Transfer,SUCCESS
TXN01414,2024-02-12,CUS0284,India,AGT002,Priya Sharma,1979.4,25,Cash,SUCCESS
TXN02654,2024-02-12,CUS0362,Philippines,AGT002,Priya Sharma,1178.26,20,Bank Transfer,SUCCESS
TXN03113,2024-02-12,CUS0382,Nepal,AGT004,Maria Santos,545.85,12,Cash,SUCCESS
TXN00754,2024-02-12,CUS0264,India,AGT007,Rajesh Kumar,1579.31,25,Card,SUCCESS
TXN03680,2024-02-12,CUS0254,Nepal,AGT003,Mohammad Raza,584.93,12,Cash,SUCCESS
TXN04887,2024-02-12,CUS0460,India,AGT006,Fatima Al Zaabi,922.16,25,Bank Transfer,SUCCESS
TXN03631,2024-02-12,CUS0492,Egypt,AGT007,Rajesh Kumar,1296.83,22,Cash,SUCCESS
TXN03850,2024-02-12,CUS0668,Pakistan,AGT008,Sarah Johnson,456.04,18,Cash,SUCCESS
TXN04791,2024-02-12,CUS0282,Nepal,AGT001,Ahmed Al Mansoori,552.19,0,Cash,FAILED
TXN02368,2024-02-12,CUS0017,Philippines,AGT008,Sarah Johnson,439.01,20,Card,SUCCESS
TXN04945,2024-02-12,CUS0370,Bangladesh,AGT008,Sarah Johnson,1067.11,15,Bank Transfer,SUCCESS
TXN03741,2024-02-12,CUS0611,Kenya,AGT006,Fatima Al Zaabi,746.32,20,Cash,SUCCESS
TXN00095,2024-02-12,CUS0473,Pakistan,AGT003,Mohammad Raza,705.89,18,Cash,SUCCESS
TXN02224,2024-02-12,CUS0408,Kenya,AGT003,Mohammad Raza,898.35,20,Bank Transfer,SUCCESS
TXN03160,2024-02-12,CUS0037,India,AGT002,Priya Sharma,1312.75,25,Cash,SUCCESS
TXN01896,2024-02-13,CUS0508,India,AGT007,Rajesh Kumar,1066.8,0,Cash,FAILED
TXN03086,2024-02-13,CUS0783,Philippines,AGT007,Rajesh Kumar,983.7,20,Card,SUCCESS
TXN01421,2024-02-13,CUS0440,India,AGT004,Maria Santos,1393.79,25,Card,SUCCESS
TXN01175,2024-02-13,CUS0313,Egypt,AGT002,Priya Sharma,851.19,22,Cash,SUCCESS
TXN01330,2024-02-13,CUS0584,India,AGT001,Ahmed Al Mansoori,1415.97,25,Card,SUCCESS
TXN03634,2024-02-13,CUS0711,India,AGT006,Fatima Al Zaabi,1467.91,25,Card,SUCCESS
TXN00744,2024-02-13,CUS0494,India,AGT008,Sarah Johnson,1209.39,25,Bank Transfer,SUCCESS
TXN03820,2024-02-13,CUS0380,Pakistan,AGT004,Maria Santos,515.83,18,Card,SUCCESS
TXN00420,2024-02-13,CUS0586,Bangladesh,AGT004,Maria Santos,714.18,15,Card,SUCCESS
TXN04888,2024-02-13,CUS0260,Philippines,AGT006,Fatima Al Zaabi,1334.57,20,Cash,SUCCESS
TXN01226,2024-02-13,CUS0332,India,AGT003,Mohammad Raza,1153.26,25,Cash,SUCCESS
TXN01904,2024-02-13,CUS0346,Kenya,AGT005,John Mathew,1055.35,20,Cash,SUCCESS
TXN04669,2024-02-13,CUS0783,India,AGT002,Priya Sharma,891.78,25,Card,SUCCESS
TXN01794,2024-02-13,CUS0155,Philippines,AGT004,Maria Santos,1081.26,20,Cash,SUCCESS
TXN04026,2024-02-13,CUS0707,India,AGT005,John Mathew,1085.43,25,Bank Transfer,SUCCESS
TXN00110,2024-02-14,CUS0250,India,AGT008,Sarah Johnson,1173.2,25,Card,SUCCESS
TXN02893,2024-02-14,CUS0404,Nepal,AGT004,Maria Santos,738.28,12,Cash,SUCCESS
TXN03208,2024-02-14,CUS0320,India,AGT007,Rajesh Kumar,1498.87,25,Cash,SUCCESS
TXN02490,2024-02-14,CUS0085,Philippines,AGT002,Priya Sharma,381.69,20,Bank Transfer,SUCCESS
TXN00708,2024-02-14,CUS0391,India,AGT008,Sarah Johnson,1831.73,25,Card,SUCCESS
TXN04435,2024-02-14,CUS0018,India,AGT007,Rajesh Kumar,1000.89,25,Card,SUCCESS
TXN03671,2024-02-14,CUS0259,India,AGT007,Rajesh Kumar,1570.6,25,Card,SUCCESS
TXN00957,2024-02-14,CUS0106,India,AGT001,Ahmed Al Mansoori,1323.38,25,Card,SUCCESS
TXN00570,2024-02-14,CUS0205,India,AGT008,Sarah Johnson,1073.46,25,Cash,SUCCESS
TXN04891,2024-02-14,CUS0526,Pakistan,AGT006,Fatima Al Zaabi,602.7,18,Card,SUCCESS
TXN02178,2024-02-14,CUS0625,Pakistan,AGT008,Sarah Johnson,844.34,18,Cash,SUCCESS
TXN01696,2024-02-14,CUS0322,Philippines,AGT008,Sarah Johnson,1423.51,20,Cash,SUCCESS
TXN02034,2024-02-14,CUS0786,India,AGT001,Ahmed Al Mansoori,1381.97,25,Cash,SUCCESS
TXN03853,2024-02-14,CUS0062,Philippines,AGT001,Ahmed Al Mansoori,1249.94,20,Cash,SUCCESS
TXN02656,2024-02-14,CUS0150,Kenya,AGT003,Mohammad Raza,1193.54,20,Card,SUCCESS
TXN03335,2024-02-15,CUS0395,Philippines,AGT004,Maria Santos,1277.89,20,Cash,SUCCESS
TXN04759,2024-02-15,CUS0570,Kenya,AGT004,Maria Santos,760.35,20,Bank Transfer,SUCCESS
TXN00837,2024-02-15,CUS0094,India,AGT008,Sarah Johnson,1758.18,25,Cash,SUCCESS
TXN00984,2024-02-15,CUS0131,Pakistan,AGT007,Rajesh Kumar,788.55,18,Cash,SUCCESS
TXN00816,2024-02-15,CUS0423,Philippines,AGT006,Fatima Al Zaabi,498.9,20,Cash,SUCCESS
TXN03037,2024-02-15,CUS0116,India,AGT004,Maria Santos,1076.68,25,Card,SUCCESS
TXN01779,2024-02-15,CUS0551,India,AGT006,Fatima Al Zaabi,1045.45,25,Bank Transfer,SUCCESS
TXN02794,2024-02-15,CUS0396,Nepal,AGT001,Ahmed Al Mansoori,433.19,12,Cash,SUCCESS
TXN01498,2024-02-15,CUS0147,India,AGT006,Fatima Al Zaabi,1635.01,25,Cash,SUCCESS
TXN01527,2024-02-15,CUS0763,India,AGT004,Maria Santos,1878.45,25,Card,SUCCESS
TXN00207,2024-02-16,CUS0443,Nepal,AGT002,Priya Sharma,692.71,12,Card,SUCCESS
TXN00980,2024-02-16,CUS0595,India,AGT003,Mohammad Raza,1473.75,25,Card,SUCCESS
TXN00874,2024-02-16,CUS0404,India,AGT005,John Mathew,936.87,25,Cash,SUCCESS
TXN04525,2024-02-16,CUS0059,Pakistan,AGT003,Mohammad Raza,1083.23,18,Card,SUCCESS
TXN03496,2024-02-16,CUS0735,Egypt,AGT002,Priya Sharma,1738.6,22,Cash,SUCCESS
TXN04098,2024-02-16,CUS0302,Philippines,AGT003,Mohammad Raza,740.73,20,Bank Transfer,SUCCESS
TXN03641,2024-02-16,CUS0142,Bangladesh,AGT003,Mohammad Raza,595.64,15,Card,SUCCESS
TXN02731,2024-02-16,CUS0712,Sri Lanka,AGT002,Priya Sharma,1026.95,15,Cash,SUCCESS
TXN00763,2024-02-16,CUS0615,Nepal,AGT008,Sarah Johnson,1060.82,12,Cash,SUCCESS
TXN00528,2024-02-16,CUS0406,Bangladesh,AGT006,Fatima Al Zaabi,710.1,15,Card,SUCCESS
TXN01197,2024-02-16,CUS0242,Philippines,AGT003,Mohammad Raza,894.7,0,Card,FAILED
TXN01579,2024-02-16,CUS0748,Pakistan,AGT002,Priya Sharma,623.7,18,Cash,SUCCESS
TXN03845,2024-02-16,CUS0241,Philippines,AGT005,John Mathew,1334.37,20,Card,SUCCESS
TXN00176,2024-02-16,CUS0766,Egypt,AGT006,Fatima Al Zaabi,1372.97,22,Cash,SUCCESS
TXN03317,2024-02-16,CUS0607,Pakistan,AGT007,Rajesh Kumar,787.06,18,Card,SUCCESS
TXN03122,2024-02-16,CUS0289,Bangladesh,AGT004,Maria Santos,571.44,0,Cash,FAILED
TXN00137,2024-02-16,CUS0784,India,AGT001,Ahmed Al Mansoori,918.03,25,Cash,SUCCESS
TXN03612,2024-02-16,CUS0554,India,AGT007,Rajesh Kumar,1240.09,25,Bank Transfer,SUCCESS
TXN02984,2024-02-16,CUS0529,Philippines,AGT007,Rajesh Kumar,977.96,0,Cash,FAILED
TXN00967,2024-02-17,CUS0100,Nepal,AGT008,Sarah Johnson,478.25,12,Card,SUCCESS
TXN01678,2024-02-17,CUS0761,Philippines,AGT003,Mohammad Raza,1310.76,20,Card,SUCCESS
TXN01306,2024-02-17,CUS0534,Philippines,AGT005,John Mathew,657.41,20,Card,SUCCESS
TXN03072,2024-02-17,CUS0547,Philippines,AGT005,John Mathew,1359.68,20,Card,SUCCESS
TXN00419,2024-02-17,CUS0395,Pakistan,AGT006,Fatima Al Zaabi,1083.03,0,Cash,FAILED
TXN02954,2024-02-17,CUS0149,Pakistan,AGT002,Priya Sharma,1165.04,18,Card,SUCCESS
TXN02715,2024-02-17,CUS0046,Nepal,AGT004,Maria Santos,666.18,12,Cash,SUCCESS
TXN01884,2024-02-17,CUS0423,Pakistan,AGT004,Maria Santos,657.81,18,Bank Transfer,SUCCESS
TXN00566,2024-02-17,CUS0722,India,AGT008,Sarah Johnson,1053.09,0,Bank Transfer,FAILED
TXN01756,2024-02-17,CUS0479,India,AGT005,John Mathew,1694.52,25,Cash,SUCCESS
TXN02592,2024-02-17,CUS0404,Pakistan,AGT005,John Mathew,690.25,18,Cash,SUCCESS
TXN01785,2024-02-17,CUS0729,India,AGT005,John Mathew,1229.68,25,Card,SUCCESS
TXN04379,2024-02-17,CUS0384,Egypt,AGT004,Maria Santos,1197.44,22,Card,SUCCESS
TXN00473,2024-02-17,CUS0651,Bangladesh,AGT008,Sarah Johnson,381.81,15,Cash,SUCCESS
TXN04589,2024-02-18,CUS0010,Pakistan,AGT002,Priya Sharma,689.68,18,Cash,SUCCESS
TXN02847,2024-02-18,CUS0055,Philippines,AGT005,John Mathew,741.01,20,Cash,SUCCESS
TXN02003,2024-02-18,CUS0097,Pakistan,AGT006,Fatima Al Zaabi,609.82,18,Cash,SUCCESS
TXN01774,2024-02-18,CUS0741,Nepal,AGT007,Rajesh Kumar,635.03,12,Cash,SUCCESS
TXN03013,2024-02-18,CUS0241,Nepal,AGT002,Priya Sharma,368.31,12,Card,SUCCESS
TXN04195,2024-02-18,CUS0078,Kenya,AGT001,Ahmed Al Mansoori,269.72,20,Cash,SUCCESS
TXN03647,2024-02-18,CUS0565,Kenya,AGT003,Mohammad Raza,1023.72,20,Cash,SUCCESS
TXN03457,2024-02-18,CUS0210,India,AGT008,Sarah Johnson,1591.96,25,Card,SUCCESS
TXN01058,2024-02-18,CUS0476,Pakistan,AGT004,Maria Santos,1081.45,18,Card,SUCCESS
TXN03202,2024-02-18,CUS0586,India,AGT001,Ahmed Al Mansoori,1353.16,25,Bank Transfer,SUCCESS
TXN00521,2024-02-18,CUS0077,Philippines,AGT007,Rajesh Kumar,449.26,20,Cash,SUCCESS
TXN02777,2024-02-18,CUS0798,Philippines,AGT007,Rajesh Kumar,830.83,20,Bank Transfer,SUCCESS
TXN04549,2024-02-19,CUS0563,India,AGT004,Maria Santos,1347.8,25,Cash,SUCCESS
TXN03595,2024-02-19,CUS0342,Philippines,AGT003,Mohammad Raza,1239.99,20,Card,SUCCESS
TXN03633,2024-02-19,CUS0457,Bangladesh,AGT004,Maria Santos,650.45,15,Cash,SUCCESS
TXN03437,2024-02-19,CUS0335,India,AGT001,Ahmed Al Mansoori,1406.55,25,Cash,SUCCESS
TXN03940,2024-02-19,CUS0502,India,AGT008,Sarah Johnson,921.88,25,Card,SUCCESS
TXN04007,2024-02-19,CUS0712,Bangladesh,AGT006,Fatima Al Zaabi,132.08,15,Bank Transfer,SUCCESS
TXN00317,2024-02-19,CUS0572,Philippines,AGT006,Fatima Al Zaabi,1084.13,20,Card,SUCCESS
TXN03047,2024-02-19,CUS0278,India,AGT008,Sarah Johnson,1617.27,25,Bank Transfer,SUCCESS
TXN04808,2024-02-19,CUS0348,Nepal,AGT003,Mohammad Raza,717.42,12,Cash,SUCCESS
TXN04648,2024-02-19,CUS0415,Nepal,AGT008,Sarah Johnson,593.78,12,Cash,SUCCESS
TXN02100,2024-02-19,CUS0114,Philippines,AGT004,Maria Santos,1120.83,20,Cash,SUCCESS
TXN01695,2024-02-19,CUS0785,Nepal,AGT003,Mohammad Raza,622.75,12,Card,SUCCESS
TXN01963,2024-02-19,CUS0430,India,AGT005,John Mathew,1387.6,25,Cash,SUCCESS
TXN01830,2024-02-19,CUS0711,India,AGT008,Sarah Johnson,1206.79,25,Bank Transfer,SUCCESS
TXN04573,2024-02-19,CUS0642,Bangladesh,AGT003,Mohammad Raza,869.87,15,Cash,SUCCESS
TXN00442,2024-02-19,CUS0327,Philippines,AGT008,Sarah Johnson,891.17,20,Cash,SUCCESS
TXN02985,2024-02-19,CUS0459,Nepal,AGT006,Fatima Al Zaabi,302.12,12,Card,SUCCESS
TXN02482,2024-02-19,CUS0025,Kenya,AGT004,Maria Santos,1440.02,0,Cash,FAILED
TXN04249,2024-02-20,CUS0508,Sri Lanka,AGT002,Priya Sharma,860.92,15,Bank Transfer,SUCCESS
TXN02603,2024-02-20,CUS0423,Bangladesh,AGT006,Fatima Al Zaabi,566.57,15,Cash,SUCCESS
TXN03728,2024-02-20,CUS0234,Philippines,AGT005,John Mathew,1188.84,20,Card,SUCCESS
TXN04063,2024-02-20,CUS0327,Philippines,AGT006,Fatima Al Zaabi,643.25,20,Card,SUCCESS
TXN02136,2024-02-20,CUS0278,Kenya,AGT002,Priya Sharma,786.52,20,Card,SUCCESS
TXN00411,2024-02-20,CUS0349,Philippines,AGT002,Priya Sharma,1092.14,20,Card,SUCCESS
TXN00128,2024-02-20,CUS0641,Egypt,AGT004,Maria Santos,913.12,22,Card,SUCCESS
TXN00038,2024-02-20,CUS0096,India,AGT001,Ahmed Al Mansoori,494.52,25,Bank Transfer,SUCCESS
TXN02942,2024-02-20,CUS0407,India,AGT006,Fatima Al Zaabi,1032.06,25,Card,SUCCESS
TXN01561,2024-02-20,CUS0243,Pakistan,AGT001,Ahmed Al Mansoori,794.87,18,Cash,SUCCESS
TXN00261,2024-02-20,CUS0150,Nepal,AGT006,Fatima Al Zaabi,433.15,12,Cash,SUCCESS
TXN00388,2024-02-20,CUS0780,Nepal,AGT008,Sarah Johnson,937.71,12,Bank Transfer,SUCCESS
TXN02742,2024-02-20,CUS0059,Philippines,AGT006,Fatima Al Zaabi,1025.09,20,Card,SUCCESS
TXN01728,2024-02-20,CUS0092,Kenya,AGT002,Priya Sharma,1180.3,20,Card,SUCCESS
TXN03830,2024-02-20,CUS0295,Philippines,AGT005,John Mathew,1029.85,20,Card,SUCCESS
TXN01065,2024-02-20,CUS0205,India,AGT007,Rajesh Kumar,1069.52,25,Cash,SUCCESS
TXN03789,2024-02-20,CUS0406,Pakistan,AGT003,Mohammad Raza,843.46,18,Card,SUCCESS
TXN02250,2024-02-20,CUS0783,Pakistan,AGT002,Priya Sharma,1021.2,18,Card,SUCCESS
TXN02822,2024-02-20,CUS0785,Pakistan,AGT003,Mohammad Raza,1002.84,18,Card,SUCCESS
TXN01846,2024-02-21,CUS0377,Kenya,AGT008,Sarah Johnson,657.11,20,Cash,SUCCESS
TXN04835,2024-02-21,CUS0357,India,AGT008,Sarah Johnson,511.93,25,Cash,SUCCESS
TXN02144,2024-02-21,CUS0613,Pakistan,AGT004,Maria Santos,858.55,18,Card,SUCCESS
TXN04275,2024-02-21,CUS0008,Philippines,AGT003,Mohammad Raza,354.11,20,Cash,SUCCESS
TXN04248,2024-02-21,CUS0061,India,AGT007,Rajesh Kumar,1990.64,0,Card,FAILED
TXN02931,2024-02-21,CUS0674,Bangladesh,AGT006,Fatima Al Zaabi,882.52,15,Cash,SUCCESS
TXN00249,2024-02-21,CUS0678,Philippines,AGT001,Ahmed Al Mansoori,1376.67,20,Card,SUCCESS
TXN01688,2024-02-21,CUS0025,Philippines,AGT003,Mohammad Raza,954.31,20,Cash,SUCCESS
TXN01643,2024-02-21,CUS0745,Bangladesh,AGT003,Mohammad Raza,683.28,15,Cash,SUCCESS
TXN03790,2024-02-21,CUS0740,Philippines,AGT004,Maria Santos,1251.89,20,Bank Transfer,SUCCESS
TXN00584,2024-02-21,CUS0293,Egypt,AGT002,Priya Sharma,1849.33,22,Bank Transfer,SUCCESS
TXN04558,2024-02-21,CUS0010,Nepal,AGT008,Sarah Johnson,664.83,12,Cash,SUCCESS
TXN02614,2024-02-21,CUS0041,India,AGT002,Priya Sharma,1197.65,25,Bank Transfer,SUCCESS
TXN03173,2024-02-21,CUS0098,Philippines,AGT007,Rajesh Kumar,544.37,20,Card,SUCCESS
TXN01644,2024-02-21,CUS0113,Philippines,AGT001,Ahmed Al Mansoori,1022.14,20,Card,SUCCESS
TXN03298,2024-02-21,CUS0572,Philippines,AGT004,Maria Santos,644.71,20,Card,SUCCESS
TXN02068,2024-02-21,CUS0013,Pakistan,AGT007,Rajesh Kumar,767.77,18,Cash,SUCCESS
TXN01211,2024-02-21,CUS0519,Nepal,AGT005,John Mathew,376.1,0,Cash,FAILED
TXN04698,2024-02-22,CUS0515,Bangladesh,AGT006,Fatima Al Zaabi,967.24,15,Bank Transfer,SUCCESS
TXN04385,2024-02-22,CUS0489,India,AGT004,Maria Santos,981.31,25,Cash,SUCCESS
TXN01653,2024-02-22,CUS0366,Kenya,AGT005,John Mathew,1005.4,0,Cash,FAILED
TXN00059,2024-02-22,CUS0636,Philippines,AGT007,Rajesh Kumar,989.44,20,Bank Transfer,SUCCESS
TXN04712,2024-02-22,CUS0740,India,AGT003,Mohammad Raza,1413.31,25,Card,SUCCESS
TXN03748,2024-02-22,CUS0476,India,AGT002,Priya Sharma,1264.25,25,Card,SUCCESS
TXN00961,2024-02-22,CUS0563,India,AGT006,Fatima Al Zaabi,1431.38,25,Cash,SUCCESS
TXN03386,2024-02-22,CUS0658,Nepal,AGT008,Sarah Johnson,498.49,12,Cash,SUCCESS
TXN04593,2024-02-22,CUS0624,Philippines,AGT005,John Mathew,1047.36,20,Cash,SUCCESS
TXN04213,2024-02-22,CUS0161,India,AGT002,Priya Sharma,1487.22,25,Bank Transfer,SUCCESS
TXN00239,2024-02-22,CUS0732,Nepal,AGT006,Fatima Al Zaabi,480.88,12,Card,SUCCESS
TXN04676,2024-02-23,CUS0201,Pakistan,AGT003,Mohammad Raza,568.96,18,Cash,SUCCESS
TXN03533,2024-02-23,CUS0654,India,AGT004,Maria Santos,1162.76,0,Card,FAILED
TXN01788,2024-02-23,CUS0779,India,AGT006,Fatima Al Zaabi,929.22,25,Card,SUCCESS
TXN03687,2024-02-23,CUS0160,Sri Lanka,AGT007,Rajesh Kumar,1309.17,15,Bank Transfer,SUCCESS
TXN02212,2024-02-23,CUS0190,India,AGT005,John Mathew,1417.63,25,Cash,SUCCESS
TXN04182,2024-02-23,CUS0498,Egypt,AGT001,Ahmed Al Mansoori,931.96,22,Cash,SUCCESS
TXN03048,2024-02-23,CUS0638,Nepal,AGT006,Fatima Al Zaabi,539.47,12,Cash,SUCCESS
TXN03475,2024-02-24,CUS0243,Pakistan,AGT007,Rajesh Kumar,627.92,0,Bank Transfer,FAILED
TXN03611,2024-02-24,CUS0328,Pakistan,AGT002,Priya Sharma,808.17,18,Card,SUCCESS
TXN01618,2024-02-24,CUS0043,India,AGT002,Priya Sharma,929.36,25,Bank Transfer,SUCCESS
TXN04391,2024-02-24,CUS0435,Philippines,AGT007,Rajesh Kumar,1039.02,20,Card,SUCCESS
TXN04607,2024-02-24,CUS0724,Nepal,AGT003,Mohammad Raza,537.87,12,Bank Transfer,SUCCESS
TXN01531,2024-02-24,CUS0324,Philippines,AGT008,Sarah Johnson,938.04,20,Bank Transfer,SUCCESS
TXN03571,2024-02-24,CUS0795,Bangladesh,AGT005,John Mathew,637.53,15,Bank Transfer,SUCCESS
TXN01244,2024-02-24,CUS0030,Nepal,AGT003,Mohammad Raza,417.34,0,Bank Transfer,FAILED
TXN00850,2024-02-24,CUS0033,Philippines,AGT002,Priya Sharma,756.63,20,Bank Transfer,SUCCESS
TXN02446,2024-02-24,CUS0205,Bangladesh,AGT004,Maria Santos,755.33,15,Card,SUCCESS
TXN00023,2024-02-24,CUS0655,Sri Lanka,AGT005,John Mathew,765.19,15,Cash,SUCCESS
TXN01792,2024-02-24,CUS0017,Bangladesh,AGT004,Maria Santos,724.16,15,Cash,SUCCESS
TXN02405,2024-02-24,CUS0723,India,AGT006,Fatima Al Zaabi,1802.44,25,Cash,SUCCESS
TXN02975,2024-02-24,CUS0163,India,AGT005,John Mathew,1528.09,25,Card,SUCCESS
TXN01747,2024-02-24,CUS0185,India,AGT005,John Mathew,1551.07,25,Cash,SUCCESS
TXN00839,2024-02-24,CUS0325,India,AGT004,Maria Santos,1554.36,25,Card,SUCCESS
TXN00036,2024-02-25,CUS0550,India,AGT004,Maria Santos,760.5,25,Cash,SUCCESS
TXN02986,2024-02-25,CUS0475,Kenya,AGT001,Ahmed Al Mansoori,676.39,20,Card,SUCCESS
TXN04515,2024-02-25,CUS0254,Philippines,AGT004,Maria Santos,851.96,20,Cash,SUCCESS
TXN00211,2024-02-25,CUS0118,Philippines,AGT006,Fatima Al Zaabi,1054.14,20,Card,SUCCESS
TXN02785,2024-02-25,CUS0237,Pakistan,AGT004,Maria Santos,683.07,18,Cash,SUCCESS
TXN01258,2024-02-25,CUS0097,Philippines,AGT007,Rajesh Kumar,1013.14,20,Card,SUCCESS
TXN00102,2024-02-25,CUS0590,Pakistan,AGT005,John Mathew,699.05,18,Bank Transfer,SUCCESS
TXN04909,2024-02-25,CUS0402,India,AGT008,Sarah Johnson,1296.42,25,Cash,SUCCESS
TXN04415,2024-02-25,CUS0359,Philippines,AGT007,Rajesh Kumar,954.12,20,Cash,SUCCESS
TXN03668,2024-02-25,CUS0513,Nepal,AGT005,John Mathew,706.28,12,Bank Transfer,SUCCESS
TXN01381,2024-02-25,CUS0608,India,AGT002,Priya Sharma,1444.05,25,Cash,SUCCESS
TXN03376,2024-02-25,CUS0236,India,AGT001,Ahmed Al Mansoori,831.35,0,Cash,FAILED
TXN04561,2024-02-26,CUS0638,Sri Lanka,AGT002,Priya Sharma,509.21,15,Card,SUCCESS
TXN04818,2024-02-26,CUS0659,India,AGT006,Fatima Al Zaabi,885.2,25,Cash,SUCCESS
TXN03398,2024-02-26,CUS0180,Philippines,AGT003,Mohammad Raza,1302.06,20,Cash,SUCCESS
TXN03434,2024-02-26,CUS0059,Bangladesh,AGT001,Ahmed Al Mansoori,679.44,15,Cash,SUCCESS
TXN01612,2024-02-26,CUS0360,India,AGT005,John Mathew,637.25,25,Cash,SUCCESS
TXN02949,2024-02-26,CUS0167,Philippines,AGT006,Fatima Al Zaabi,849.54,20,Bank Transfer,SUCCESS
TXN00195,2024-02-26,CUS0135,Pakistan,AGT001,Ahmed Al Mansoori,841.56,0,Card,FAILED
TXN02690,2024-02-26,CUS0424,Nepal,AGT001,Ahmed Al Mansoori,710.24,12,Cash,SUCCESS
TXN01666,2024-02-26,CUS0370,India,AGT006,Fatima Al Zaabi,1191.77,25,Bank Transfer,SUCCESS
TXN01798,2024-02-26,CUS0037,India,AGT001,Ahmed Al Mansoori,913.43,25,Cash,SUCCESS
TXN00986,2024-02-26,CUS0241,Sri Lanka,AGT001,Ahmed Al Mansoori,489.37,15,Card,SUCCESS
TXN03453,2024-02-26,CUS0594,Philippines,AGT007,Rajesh Kumar,865.53,20,Card,SUCCESS
TXN02571,2024-02-26,CUS0656,Bangladesh,AGT003,Mohammad Raza,708.03,15,Cash,SUCCESS
TXN02167,2024-02-26,CUS0333,Philippines,AGT002,Priya Sharma,681.07,20,Card,SUCCESS
TXN01873,2024-02-26,CUS0669,Pakistan,AGT005,John Mathew,726.07,0,Cash,FAILED
TXN01288,2024-02-26,CUS0576,Kenya,AGT002,Priya Sharma,1094.78,0,Cash,FAILED
TXN03828,2024-02-26,CUS0421,India,AGT004,Maria Santos,1375.52,25,Card,SUCCESS
TXN00551,2024-02-26,CUS0075,Nepal,AGT006,Fatima Al Zaabi,615.59,12,Bank Transfer,SUCCESS
TXN00370,2024-02-27,CUS0630,India,AGT007,Rajesh Kumar,921.72,25,Bank Transfer,SUCCESS
TXN03989,2024-02-27,CUS0402,Pakistan,AGT003,Mohammad Raza,1261.63,0,Card,FAILED
TXN03216,2024-02-27,CUS0549,Philippines,AGT004,Maria Santos,1381.09,20,Card,SUCCESS
TXN00883,2024-02-27,CUS0636,Bangladesh,AGT004,Maria Santos,597.22,15,Bank Transfer,SUCCESS
TXN00647,2024-02-27,CUS0164,India,AGT001,Ahmed Al Mansoori,229.12,25,Bank Transfer,SUCCESS
TXN02940,2024-02-27,CUS0142,India,AGT006,Fatima Al Zaabi,1058.71,25,Card,SUCCESS
TXN01239,2024-02-27,CUS0127,Nepal,AGT003,Mohammad Raza,702.42,12,Cash,SUCCESS
TXN02474,2024-02-27,CUS0533,Kenya,AGT001,Ahmed Al Mansoori,556.4,20,Cash,SUCCESS
TXN00971,2024-02-27,CUS0175,Philippines,AGT008,Sarah Johnson,934.59,20,Cash,SUCCESS
TXN01915,2024-02-27,CUS0209,Philippines,AGT004,Maria Santos,413.71,20,Cash,SUCCESS
TXN01587,2024-02-27,CUS0553,India,AGT004,Maria Santos,1263.52,25,Bank Transfer,SUCCESS
TXN00996,2024-02-27,CUS0146,Pakistan,AGT002,Priya Sharma,732.54,18,Card,SUCCESS
TXN01895,2024-02-28,CUS0277,India,AGT001,Ahmed Al Mansoori,1168.19,25,Cash,SUCCESS
TXN00179,2024-02-28,CUS0145,Philippines,AGT002,Priya Sharma,828.54,20,Cash,SUCCESS
TXN04598,2024-02-28,CUS0432,Philippines,AGT004,Maria Santos,1248.64,20,Bank Transfer,SUCCESS
TXN01086,2024-02-28,CUS0772,Pakistan,AGT004,Maria Santos,903.21,18,Cash,SUCCESS
TXN00287,2024-02-28,CUS0512,India,AGT003,Mohammad Raza,1145.36,25,Bank Transfer,SUCCESS
TXN00715,2024-02-28,CUS0770,India,AGT001,Ahmed Al Mansoori,1186.45,25,Bank Transfer,SUCCESS
TXN03444,2024-02-28,CUS0182,Sri Lanka,AGT007,Rajesh Kumar,1107.44,15,Cash,SUCCESS
TXN04879,2024-02-28,CUS0700,Bangladesh,AGT008,Sarah Johnson,556.91,0,Card,FAILED
TXN02378,2024-02-28,CUS0781,India,AGT003,Mohammad Raza,722.62,0,Cash,FAILED
TXN04469,2024-02-28,CUS0539,Nepal,AGT005,John Mathew,619.34,12,Cash,SUCCESS
TXN02686,2024-02-28,CUS0765,Philippines,AGT004,Maria Santos,985.36,20,Cash,SUCCESS
TXN04337,2024-02-28,CUS0025,Philippines,AGT008,Sarah Johnson,451.51,20,Bank Transfer,SUCCESS
TXN03650,2024-02-28,CUS0476,Sri Lanka,AGT001,Ahmed Al Mansoori,653.0,15,Cash,SUCCESS
TXN04437,2024-02-28,CUS0748,Philippines,AGT004,Maria Santos,1216.83,20,Card,SUCCESS
TXN00697,2024-02-28,CUS0026,Philippines,AGT005,John Mathew,988.06,20,Bank Transfer,SUCCESS
TXN02044,2024-02-29,CUS0487,Philippines,AGT003,Mohammad Raza,941.14,20,Card,SUCCESS
TXN02501,2024-02-29,CUS0136,India,AGT003,Mohammad Raza,1405.42,25,Bank Transfer,SUCCESS
TXN00643,2024-02-29,CUS0010,India,AGT001,Ahmed Al Mansoori,1106.55,25,Card,SUCCESS
TXN03487,2024-02-29,CUS0626,India,AGT006,Fatima Al Zaabi,1750.87,25,Bank Transfer,SUCCESS
TXN02910,2024-02-29,CUS0071,Nepal,AGT006,Fatima Al Zaabi,826.29,12,Cash,SUCCESS
TXN01264,2024-02-29,CUS0472,India,AGT008,Sarah Johnson,868.56,25,Bank Transfer,SUCCESS
TXN00360,2024-02-29,CUS0094,Bangladesh,AGT008,Sarah Johnson,526.28,15,Cash,SUCCESS
TXN03955,2024-02-29,CUS0663,Egypt,AGT001,Ahmed Al Mansoori,908.39,22,Cash,SUCCESS
TXN03110,2024-02-29,CUS0180,India,AGT004,Maria Santos,526.87,25,Cash,SUCCESS
TXN02071,2024-02-29,CUS0515,Pakistan,AGT008,Sarah Johnson,1031.7,18,Cash,SUCCESS
TXN03648,2024-02-29,CUS0644,Bangladesh,AGT002,Priya Sharma,744.68,15,Card,SUCCESS
TXN04408,2024-02-29,CUS0144,India,AGT005,John Mathew,1061.42,25,Card,SUCCESS
TXN01233,2024-02-29,CUS0512,India,AGT003,Mohammad Raza,1168.22,25,Bank Transfer,SUCCESS
TXN03564,2024-02-29,CUS0607,Philippines,AGT004,Maria Santos,1222.54,20,Cash,SUCCESS
TXN03205,2024-02-29,CUS0455,India,AGT007,Rajesh Kumar,857.17,25,Cash,SUCCESS
TXN04533,2024-03-01,CUS0329,Pakistan,AGT002,Priya Sharma,920.2,0,Cash,FAILED
TXN00739,2024-03-01,CUS0339,Pakistan,AGT007,Rajesh Kumar,1199.71,18,Cash,SUCCESS
TXN00385,2024-03-01,CUS0249,Bangladesh,AGT008,Sarah Johnson,540.58,15,Card,SUCCESS
TXN03968,2024-03-01,CUS0554,Pakistan,AGT002,Priya Sharma,346.48,18,Bank Transfer,SUCCESS
TXN01555,2024-03-01,CUS0006,India,AGT003,Mohammad Raza,1118.47,25,Bank Transfer,SUCCESS
TXN00658,2024-03-01,CUS0106,Kenya,AGT001,Ahmed Al Mansoori,943.12,20,Cash,SUCCESS
TXN03247,2024-03-01,CUS0262,India,AGT003,Mohammad Raza,1358.87,25,Cash,SUCCESS
TXN00939,2024-03-01,CUS0756,India,AGT002,Priya Sharma,1287.77,25,Card,SUCCESS
TXN03506,2024-03-01,CUS0720,Philippines,AGT005,John Mathew,529.43,20,Card,SUCCESS
TXN03025,2024-03-01,CUS0595,India,AGT002,Priya Sharma,526.89,25,Cash,SUCCESS
TXN01137,2024-03-01,CUS0705,India,AGT003,Mohammad Raza,1628.21,25,Cash,SUCCESS
TXN00288,2024-03-01,CUS0721,India,AGT005,John Mathew,1411.79,25,Bank Transfer,SUCCESS
TXN00505,2024-03-01,CUS0344,Bangladesh,AGT001,Ahmed Al Mansoori,563.37,15,Cash,SUCCESS
TXN01022,2024-03-02,CUS0385,India,AGT003,Mohammad Raza,993.47,25,Bank Transfer,SUCCESS
TXN02782,2024-03-02,CUS0004,Kenya,AGT007,Rajesh Kumar,764.82,20,Card,SUCCESS
TXN01339,2024-03-02,CUS0771,India,AGT004,Maria Santos,1060.26,25,Cash,SUCCESS
TXN01198,2024-03-02,CUS0509,Philippines,AGT005,John Mathew,1049.17,20,Cash,SUCCESS
TXN03330,2024-03-02,CUS0025,Pakistan,AGT006,Fatima Al Zaabi,1000.34,18,Cash,SUCCESS
TXN01320,2024-03-02,CUS0042,Philippines,AGT005,John Mathew,849.52,20,Cash,SUCCESS
TXN02026,2024-03-02,CUS0322,India,AGT001,Ahmed Al Mansoori,1266.19,25,Card,SUCCESS
TXN02299,2024-03-02,CUS0299,Nepal,AGT005,John Mathew,717.08,12,Card,SUCCESS
TXN02992,2024-03-02,CUS0204,Pakistan,AGT006,Fatima Al Zaabi,944.51,18,Bank Transfer,SUCCESS
TXN03017,2024-03-02,CUS0535,Philippines,AGT006,Fatima Al Zaabi,489.78,20,Bank Transfer,SUCCESS
TXN01841,2024-03-02,CUS0210,Philippines,AGT004,Maria Santos,865.29,20,Cash,SUCCESS
TXN00082,2024-03-03,CUS0684,Philippines,AGT008,Sarah Johnson,996.42,20,Card,SUCCESS
TXN00146,2024-03-03,CUS0727,India,AGT004,Maria Santos,1481.46,25,Card,SUCCESS
TXN04762,2024-03-03,CUS0534,Bangladesh,AGT005,John Mathew,840.46,15,Bank Transfer,SUCCESS
TXN03310,2024-03-03,CUS0153,Pakistan,AGT006,Fatima Al Zaabi,799.92,0,Card,FAILED
TXN01444,2024-03-03,CUS0774,Kenya,AGT002,Priya Sharma,580.4,20,Card,SUCCESS
TXN01753,2024-03-03,CUS0549,India,AGT001,Ahmed Al Mansoori,964.53,0,Card,FAILED
TXN02750,2024-03-03,CUS0276,India,AGT003,Mohammad Raza,1126.39,25,Bank Transfer,SUCCESS
TXN01199,2024-03-03,CUS0338,Bangladesh,AGT006,Fatima Al Zaabi,747.02,15,Card,SUCCESS
TXN01556,2024-03-03,CUS0669,India,AGT004,Maria Santos,1332.25,25,Card,SUCCESS
TXN01888,2024-03-03,CUS0257,Pakistan,AGT002,Priya Sharma,901.77,18,Cash,SUCCESS
TXN04608,2024-03-03,CUS0239,Bangladesh,AGT007,Rajesh Kumar,802.74,15,Cash,SUCCESS
TXN03272,2024-03-03,CUS0172,Philippines,AGT006,Fatima Al Zaabi,664.3,20,Cash,SUCCESS
TXN00830,2024-03-03,CUS0395,Kenya,AGT004,Maria Santos,869.69,20,Cash,SUCCESS
TXN04320,2024-03-03,CUS0513,Nepal,AGT003,Mohammad Raza,539.42,0,Card,FAILED
TXN04740,2024-03-04,CUS0428,Philippines,AGT003,Mohammad Raza,1089.4,20,Bank Transfer,SUCCESS
TXN01906,2024-03-04,CUS0271,India,AGT006,Fatima Al Zaabi,1361.18,25,Cash,SUCCESS
TXN02685,2024-03-04,CUS0664,Bangladesh,AGT005,John Mathew,770.36,15,Cash,SUCCESS
TXN01358,2024-03-04,CUS0456,Philippines,AGT004,Maria Santos,1005.79,0,Card,FAILED
TXN04603,2024-03-04,CUS0751,India,AGT005,John Mathew,1788.62,25,Card,SUCCESS
TXN04649,2024-03-04,CUS0005,Nepal,AGT004,Maria Santos,308.99,0,Card,FAILED
TXN00488,2024-03-04,CUS0360,Pakistan,AGT007,Rajesh Kumar,540.43,18,Cash,SUCCESS
TXN04452,2024-03-04,CUS0684,Bangladesh,AGT003,Mohammad Raza,595.51,15,Cash,SUCCESS
TXN04406,2024-03-05,CUS0655,Sri Lanka,AGT001,Ahmed Al Mansoori,940.55,15,Bank Transfer,SUCCESS
TXN00027,2024-03-05,CUS0563,India,AGT008,Sarah Johnson,785.64,25,Card,SUCCESS
TXN04288,2024-03-05,CUS0672,Nepal,AGT002,Priya Sharma,633.42,12,Cash,SUCCESS
TXN00284,2024-03-05,CUS0371,India,AGT006,Fatima Al Zaabi,754.39,25,Card,SUCCESS
TXN02223,2024-03-05,CUS0464,Sri Lanka,AGT005,John Mathew,917.44,15,Bank Transfer,SUCCESS
TXN04854,2024-03-05,CUS0171,Pakistan,AGT004,Maria Santos,835.73,18,Card,SUCCESS
TXN04984,2024-03-05,CUS0223,Egypt,AGT004,Maria Santos,1051.42,22,Card,SUCCESS
TXN02222,2024-03-05,CUS0114,India,AGT008,Sarah Johnson,966.88,25,Card,SUCCESS
TXN00826,2024-03-05,CUS0239,Bangladesh,AGT001,Ahmed Al Mansoori,1005.21,15,Cash,SUCCESS
TXN01343,2024-03-05,CUS0457,India,AGT007,Rajesh Kumar,1357.3,0,Card,FAILED
TXN00807,2024-03-05,CUS0762,Bangladesh,AGT005,John Mathew,746.65,15,Cash,SUCCESS
TXN03543,2024-03-05,CUS0315,Sri Lanka,AGT008,Sarah Johnson,947.87,15,Bank Transfer,SUCCESS
TXN01929,2024-03-05,CUS0796,Egypt,AGT004,Maria Santos,1463.32,22,Card,SUCCESS
TXN03922,2024-03-05,CUS0005,Philippines,AGT001,Ahmed Al Mansoori,960.54,20,Cash,SUCCESS
TXN03541,2024-03-05,CUS0765,Pakistan,AGT001,Ahmed Al Mansoori,879.4,18,Cash,SUCCESS
TXN03947,2024-03-06,CUS0068,Bangladesh,AGT006,Fatima Al Zaabi,812.9,15,Bank Transfer,SUCCESS
TXN01376,2024-03-06,CUS0057,India,AGT008,Sarah Johnson,1124.64,25,Card,SUCCESS
TXN00094,2024-03-06,CUS0404,Kenya,AGT001,Ahmed Al Mansoori,856.62,20,Card,SUCCESS
TXN01528,2024-03-06,CUS0591,Sri Lanka,AGT007,Rajesh Kumar,1097.23,15,Cash,SUCCESS
TXN00534,2024-03-06,CUS0126,India,AGT006,Fatima Al Zaabi,764.03,25,Cash,SUCCESS
TXN02540,2024-03-06,CUS0210,Nepal,AGT007,Rajesh Kumar,609.89,0,Card,FAILED
TXN01364,2024-03-06,CUS0536,India,AGT004,Maria Santos,849.7,25,Cash,SUCCESS
TXN04184,2024-03-06,CUS0055,India,AGT008,Sarah Johnson,989.43,25,Card,SUCCESS
TXN04747,2024-03-06,CUS0570,India,AGT004,Maria Santos,1249.91,25,Cash,SUCCESS
TXN03619,2024-03-06,CUS0236,Nepal,AGT006,Fatima Al Zaabi,815.06,12,Cash,SUCCESS
TXN01994,2024-03-06,CUS0533,Bangladesh,AGT003,Mohammad Raza,848.74,15,Cash,SUCCESS
TXN01172,2024-03-06,CUS0760,Nepal,AGT006,Fatima Al Zaabi,650.61,12,Card,SUCCESS
TXN02327,2024-03-06,CUS0481,Philippines,AGT001,Ahmed Al Mansoori,605.24,20,Cash,SUCCESS
TXN02792,2024-03-06,CUS0044,Philippines,AGT001,Ahmed Al Mansoori,749.5,20,Bank Transfer,SUCCESS
TXN02875,2024-03-07,CUS0506,India,AGT004,Maria Santos,1188.82,25,Cash,SUCCESS
TXN03825,2024-03-07,CUS0726,Philippines,AGT004,Maria Santos,719.07,20,Bank Transfer,SUCCESS
TXN00622,2024-03-07,CUS0414,Pakistan,AGT007,Rajesh Kumar,913.15,18,Cash,SUCCESS
TXN00055,2024-03-07,CUS0166,Pakistan,AGT005,John Mathew,1047.44,18,Card,SUCCESS
TXN01616,2024-03-07,CUS0761,India,AGT006,Fatima Al Zaabi,2349.52,25,Card,SUCCESS
TXN01138,2024-03-07,CUS0708,Kenya,AGT007,Rajesh Kumar,600.13,20,Cash,SUCCESS
TXN01318,2024-03-07,CUS0712,Kenya,AGT002,Priya Sharma,863.01,20,Cash,SUCCESS
TXN02901,2024-03-07,CUS0412,India,AGT006,Fatima Al Zaabi,1183.62,25,Cash,SUCCESS
TXN00208,2024-03-07,CUS0687,Pakistan,AGT006,Fatima Al Zaabi,923.31,18,Cash,SUCCESS
TXN04091,2024-03-07,CUS0657,Nepal,AGT006,Fatima Al Zaabi,402.25,12,Cash,SUCCESS
TXN00250,2024-03-08,CUS0167,Pakistan,AGT003,Mohammad Raza,897.2,18,Card,SUCCESS
TXN00049,2024-03-08,CUS0251,Egypt,AGT002,Priya Sharma,1213.39,22,Cash,SUCCESS
TXN02839,2024-03-08,CUS0367,Kenya,AGT006,Fatima Al Zaabi,1582.35,20,Cash,SUCCESS
TXN03800,2024-03-08,CUS0514,India,AGT002,Priya Sharma,834.28,25,Card,SUCCESS
TXN03226,2024-03-08,CUS0068,Egypt,AGT002,Priya Sharma,774.0,22,Bank Transfer,SUCCESS
TXN01540,2024-03-08,CUS0727,India,AGT001,Ahmed Al Mansoori,165.99,25,Card,SUCCESS
TXN01135,2024-03-08,CUS0357,Egypt,AGT008,Sarah Johnson,1019.43,22,Cash,SUCCESS
TXN00033,2024-03-08,CUS0249,Bangladesh,AGT008,Sarah Johnson,697.17,15,Bank Transfer,SUCCESS
TXN03603,2024-03-08,CUS0096,India,AGT003,Mohammad Raza,1937.93,25,Cash,SUCCESS
TXN03355,2024-03-08,CUS0039,Sri Lanka,AGT003,Mohammad Raza,616.39,15,Cash,SUCCESS
TXN02141,2024-03-08,CUS0213,Philippines,AGT001,Ahmed Al Mansoori,944.49,20,Card,SUCCESS
TXN02882,2024-03-09,CUS0401,Bangladesh,AGT005,John Mathew,254.65,15,Cash,SUCCESS
TXN03253,2024-03-09,CUS0472,Bangladesh,AGT005,John Mathew,834.12,15,Cash,SUCCESS
TXN03817,2024-03-09,CUS0269,Philippines,AGT001,Ahmed Al Mansoori,796.64,20,Bank Transfer,SUCCESS
TXN00990,2024-03-09,CUS0148,India,AGT001,Ahmed Al Mansoori,1209.68,25,Cash,SUCCESS
TXN00271,2024-03-09,CUS0659,India,AGT006,Fatima Al Zaabi,1718.86,25,Card,SUCCESS
TXN04425,2024-03-09,CUS0686,Philippines,AGT004,Maria Santos,656.84,20,Cash,SUCCESS
TXN04756,2024-03-09,CUS0544,India,AGT008,Sarah Johnson,1306.19,25,Card,SUCCESS
TXN00906,2024-03-09,CUS0730,Philippines,AGT008,Sarah Johnson,912.54,20,Cash,SUCCESS
TXN04158,2024-03-09,CUS0137,Nepal,AGT003,Mohammad Raza,514.07,12,Bank Transfer,SUCCESS
TXN03580,2024-03-09,CUS0068,India,AGT005,John Mathew,816.16,0,Card,FAILED
TXN02918,2024-03-09,CUS0130,India,AGT002,Priya Sharma,1440.72,25,Cash,SUCCESS
TXN04115,2024-03-09,CUS0665,Nepal,AGT001,Ahmed Al Mansoori,893.34,12,Cash,SUCCESS
TXN04843,2024-03-09,CUS0277,Pakistan,AGT004,Maria Santos,964.54,18,Bank Transfer,SUCCESS
TXN02283,2024-03-09,CUS0678,Kenya,AGT004,Maria Santos,1290.32,20,Card,SUCCESS
TXN01216,2024-03-09,CUS0289,India,AGT006,Fatima Al Zaabi,1649.19,25,Cash,SUCCESS
TXN02001,2024-03-10,CUS0011,India,AGT008,Sarah Johnson,956.94,25,Cash,SUCCESS
TXN04479,2024-03-10,CUS0395,Nepal,AGT003,Mohammad Raza,348.99,12,Cash,SUCCESS
TXN03460,2024-03-10,CUS0456,Pakistan,AGT001,Ahmed Al Mansoori,518.8,18,Cash,SUCCESS
TXN00186,2024-03-10,CUS0687,Philippines,AGT006,Fatima Al Zaabi,1092.78,20,Card,SUCCESS
TXN02569,2024-03-10,CUS0160,India,AGT008,Sarah Johnson,1509.04,25,Cash,SUCCESS
TXN03267,2024-03-10,CUS0273,India,AGT002,Priya Sharma,883.8,25,Cash,SUCCESS
TXN03593,2024-03-10,CUS0202,India,AGT006,Fatima Al Zaabi,2029.31,25,Card,SUCCESS
TXN00365,2024-03-10,CUS0384,Bangladesh,AGT007,Rajesh Kumar,844.93,15,Cash,SUCCESS
TXN03733,2024-03-10,CUS0700,India,AGT007,Rajesh Kumar,473.34,25,Cash,SUCCESS
TXN02366,2024-03-10,CUS0154,Pakistan,AGT007,Rajesh Kumar,1168.09,0,Bank Transfer,FAILED
TXN03701,2024-03-10,CUS0191,India,AGT007,Rajesh Kumar,1583.46,25,Bank Transfer,SUCCESS
TXN02908,2024-03-10,CUS0041,Egypt,AGT001,Ahmed Al Mansoori,727.08,22,Bank Transfer,SUCCESS
TXN03053,2024-03-10,CUS0060,Bangladesh,AGT003,Mohammad Raza,639.4,15,Card,SUCCESS
TXN00424,2024-03-10,CUS0341,India,AGT007,Rajesh Kumar,1549.77,25,Cash,SUCCESS
TXN02684,2024-03-10,CUS0593,Philippines,AGT007,Rajesh Kumar,1097.61,20,Cash,SUCCESS
TXN03640,2024-03-11,CUS0143,India,AGT001,Ahmed Al Mansoori,1364.81,25,Card,SUCCESS
TXN04189,2024-03-11,CUS0099,India,AGT002,Priya Sharma,1050.01,25,Cash,SUCCESS
TXN02671,2024-03-11,CUS0372,Egypt,AGT002,Priya Sharma,870.07,22,Bank Transfer,SUCCESS
TXN03976,2024-03-11,CUS0082,Egypt,AGT004,Maria Santos,1163.22,22,Cash,SUCCESS
TXN00018,2024-03-11,CUS0774,Philippines,AGT002,Priya Sharma,984.85,0,Cash,FAILED
TXN03488,2024-03-11,CUS0787,India,AGT007,Rajesh Kumar,1439.37,25,Bank Transfer,SUCCESS
TXN00618,2024-03-11,CUS0420,Kenya,AGT006,Fatima Al Zaabi,1156.84,20,Bank Transfer,SUCCESS
TXN04419,2024-03-11,CUS0699,Kenya,AGT007,Rajesh Kumar,850.01,20,Cash,SUCCESS
TXN00866,2024-03-11,CUS0239,India,AGT004,Maria Santos,1060.43,25,Cash,SUCCESS
TXN02506,2024-03-11,CUS0089,India,AGT003,Mohammad Raza,902.85,25,Card,SUCCESS
TXN03494,2024-03-11,CUS0224,India,AGT006,Fatima Al Zaabi,1007.29,25,Card,SUCCESS
TXN02668,2024-03-11,CUS0157,Bangladesh,AGT007,Rajesh Kumar,441.17,15,Bank Transfer,SUCCESS
TXN04371,2024-03-11,CUS0028,Sri Lanka,AGT003,Mohammad Raza,358.0,15,Bank Transfer,SUCCESS
TXN03248,2024-03-11,CUS0671,Egypt,AGT006,Fatima Al Zaabi,858.06,22,Cash,SUCCESS
TXN00899,2024-03-11,CUS0142,Pakistan,AGT004,Maria Santos,1089.56,18,Card,SUCCESS
TXN02511,2024-03-11,CUS0492,India,AGT004,Maria Santos,1373.47,25,Cash,SUCCESS
TXN01755,2024-03-11,CUS0275,India,AGT003,Mohammad Raza,1384.03,25,Cash,SUCCESS
TXN00485,2024-03-11,CUS0657,Philippines,AGT003,Mohammad Raza,695.79,20,Cash,SUCCESS
TXN03319,2024-03-11,CUS0446,India,AGT003,Mohammad Raza,1603.87,25,Card,SUCCESS
TXN03980,2024-03-11,CUS0758,Bangladesh,AGT002,Priya Sharma,479.57,15,Cash,SUCCESS
TXN04038,2024-03-11,CUS0441,Philippines,AGT001,Ahmed Al Mansoori,840.19,20,Cash,SUCCESS
TXN04883,2024-03-11,CUS0176,Nepal,AGT006,Fatima Al Zaabi,446.57,12,Cash,SUCCESS
TXN01778,2024-03-12,CUS0705,India,AGT006,Fatima Al Zaabi,1186.67,25,Cash,SUCCESS
TXN00410,2024-03-12,CUS0513,Nepal,AGT002,Priya Sharma,692.6,12,Cash,SUCCESS
TXN01699,2024-03-12,CUS0041,Egypt,AGT008,Sarah Johnson,1269.59,22,Cash,SUCCESS
TXN03797,2024-03-12,CUS0307,India,AGT002,Priya Sharma,1140.84,25,Bank Transfer,SUCCESS
TXN02160,2024-03-12,CUS0020,Kenya,AGT005,John Mathew,1108.94,20,Cash,SUCCESS
TXN02579,2024-03-12,CUS0406,Pakistan,AGT005,John Mathew,867.35,18,Cash,SUCCESS
TXN01673,2024-03-12,CUS0482,Bangladesh,AGT005,John Mathew,617.73,15,Cash,SUCCESS
TXN00531,2024-03-12,CUS0800,India,AGT001,Ahmed Al Mansoori,1429.89,25,Cash,SUCCESS
TXN03866,2024-03-12,CUS0061,Nepal,AGT008,Sarah Johnson,468.88,12,Bank Transfer,SUCCESS
TXN03084,2024-03-12,CUS0731,Egypt,AGT003,Mohammad Raza,731.33,22,Cash,SUCCESS
TXN02199,2024-03-12,CUS0063,Bangladesh,AGT001,Ahmed Al Mansoori,565.29,15,Cash,SUCCESS
TXN01850,2024-03-12,CUS0284,Philippines,AGT008,Sarah Johnson,1015.34,0,Cash,FAILED
TXN00489,2024-03-12,CUS0255,India,AGT002,Priya Sharma,1807.37,25,Card,SUCCESS
TXN01426,2024-03-12,CUS0582,India,AGT006,Fatima Al Zaabi,492.11,25,Card,SUCCESS
TXN04314,2024-03-12,CUS0189,Pakistan,AGT007,Rajesh Kumar,892.02,18,Card,SUCCESS
TXN04277,2024-03-12,CUS0186,India,AGT003,Mohammad Raza,984.56,25,Cash,SUCCESS
TXN04516,2024-03-12,CUS0488,Nepal,AGT006,Fatima Al Zaabi,435.69,12,Cash,SUCCESS
TXN04313,2024-03-12,CUS0048,Philippines,AGT004,Maria Santos,1033.57,20,Bank Transfer,SUCCESS
TXN01667,2024-03-12,CUS0565,India,AGT003,Mohammad Raza,840.25,25,Bank Transfer,SUCCESS
TXN02834,2024-03-12,CUS0688,Bangladesh,AGT007,Rajesh Kumar,642.46,0,Cash,FAILED
TXN03885,2024-03-13,CUS0337,Egypt,AGT002,Priya Sharma,1078.85,0,Bank Transfer,FAILED
TXN02818,2024-03-13,CUS0350,Egypt,AGT007,Rajesh Kumar,1221.68,0,Bank Transfer,FAILED
TXN03682,2024-03-13,CUS0055,India,AGT007,Rajesh Kumar,1058.33,25,Cash,SUCCESS
TXN01894,2024-03-13,CUS0716,India,AGT004,Maria Santos,1160.54,25,Card,SUCCESS
TXN02198,2024-03-13,CUS0579,Nepal,AGT003,Mohammad Raza,603.45,0,Card,FAILED
TXN01322,2024-03-13,CUS0050,Nepal,AGT007,Rajesh Kumar,695.34,12,Cash,SUCCESS
TXN03706,2024-03-13,CUS0754,India,AGT001,Ahmed Al Mansoori,1310.74,25,Cash,SUCCESS
TXN03643,2024-03-13,CUS0513,India,AGT006,Fatima Al Zaabi,843.62,25,Cash,SUCCESS
TXN04473,2024-03-13,CUS0127,Pakistan,AGT001,Ahmed Al Mansoori,1110.8,18,Bank Transfer,SUCCESS
TXN03032,2024-03-13,CUS0594,India,AGT006,Fatima Al Zaabi,963.03,25,Bank Transfer,SUCCESS
TXN04499,2024-03-13,CUS0277,Nepal,AGT006,Fatima Al Zaabi,209.46,12,Bank Transfer,SUCCESS
TXN00470,2024-03-13,CUS0643,Pakistan,AGT005,John Mathew,661.8,18,Cash,SUCCESS
TXN04398,2024-03-13,CUS0344,India,AGT008,Sarah Johnson,852.89,25,Cash,SUCCESS
TXN00519,2024-03-13,CUS0045,Bangladesh,AGT002,Priya Sharma,720.86,15,Bank Transfer,SUCCESS
TXN03174,2024-03-13,CUS0722,India,AGT005,John Mathew,1479.37,25,Card,SUCCESS
TXN00309,2024-03-13,CUS0394,India,AGT005,John Mathew,1396.96,25,Cash,SUCCESS
TXN00558,2024-03-13,CUS0244,India,AGT002,Priya Sharma,1044.28,25,Cash,SUCCESS
TXN04432,2024-03-13,CUS0271,India,AGT006,Fatima Al Zaabi,397.03,25,Card,SUCCESS
TXN01155,2024-03-14,CUS0760,Philippines,AGT002,Priya Sharma,1343.34,20,Bank Transfer,SUCCESS
TXN01642,2024-03-14,CUS0466,India,AGT004,Maria Santos,1708.4,25,Bank Transfer,SUCCESS
TXN04932,2024-03-14,CUS0332,Philippines,AGT001,Ahmed Al Mansoori,308.36,20,Cash,SUCCESS
TXN02387,2024-03-14,CUS0717,Sri Lanka,AGT004,Maria Santos,698.16,15,Card,SUCCESS
TXN00158,2024-03-14,CUS0077,Philippines,AGT003,Mohammad Raza,1027.93,20,Bank Transfer,SUCCESS
TXN04046,2024-03-14,CUS0304,Nepal,AGT007,Rajesh Kumar,525.28,12,Cash,SUCCESS
TXN04367,2024-03-14,CUS0456,Bangladesh,AGT004,Maria Santos,589.62,15,Bank Transfer,SUCCESS
TXN01116,2024-03-14,CUS0538,India,AGT008,Sarah Johnson,1331.39,25,Cash,SUCCESS
TXN02343,2024-03-14,CUS0398,India,AGT003,Mohammad Raza,1377.13,25,Bank Transfer,SUCCESS
TXN03584,2024-03-14,CUS0029,Bangladesh,AGT008,Sarah Johnson,443.19,15,Card,SUCCESS
TXN03587,2024-03-14,CUS0272,India,AGT001,Ahmed Al Mansoori,949.55,25,Card,SUCCESS
TXN02691,2024-03-14,CUS0378,India,AGT002,Priya Sharma,833.99,25,Cash,SUCCESS
TXN04995,2024-03-14,CUS0753,Bangladesh,AGT001,Ahmed Al Mansoori,561.95,15,Bank Transfer,SUCCESS
TXN04344,2024-03-14,CUS0614,India,AGT006,Fatima Al Zaabi,1569.04,25,Card,SUCCESS
TXN04351,2024-03-14,CUS0324,Philippines,AGT005,John Mathew,350.22,20,Cash,SUCCESS
TXN01104,2024-03-15,CUS0160,Egypt,AGT006,Fatima Al Zaabi,1053.94,0,Card,FAILED
TXN00335,2024-03-15,CUS0732,India,AGT005,John Mathew,1551.04,0,Bank Transfer,FAILED
TXN02521,2024-03-15,CUS0379,Bangladesh,AGT001,Ahmed Al Mansoori,736.79,15,Cash,SUCCESS
TXN03970,2024-03-15,CUS0103,Nepal,AGT007,Rajesh Kumar,832.32,0,Card,FAILED
TXN01660,2024-03-15,CUS0187,India,AGT003,Mohammad Raza,1610.36,25,Cash,SUCCESS
TXN02582,2024-03-15,CUS0303,Sri Lanka,AGT002,Priya Sharma,837.56,15,Cash,SUCCESS
TXN04824,2024-03-15,CUS0358,Pakistan,AGT006,Fatima Al Zaabi,796.62,18,Bank Transfer,SUCCESS
TXN04604,2024-03-15,CUS0109,Egypt,AGT006,Fatima Al Zaabi,1532.86,22,Cash,SUCCESS
TXN00803,2024-03-15,CUS0432,Sri Lanka,AGT006,Fatima Al Zaabi,771.63,15,Card,SUCCESS
TXN01385,2024-03-15,CUS0618,India,AGT005,John Mathew,1467.15,25,Cash,SUCCESS
TXN03092,2024-03-15,CUS0339,India,AGT004,Maria Santos,1473.5,25,Bank Transfer,SUCCESS
TXN00679,2024-03-15,CUS0205,India,AGT001,Ahmed Al Mansoori,1536.84,25,Card,SUCCESS
TXN02693,2024-03-15,CUS0193,India,AGT006,Fatima Al Zaabi,1185.85,25,Bank Transfer,SUCCESS
TXN01717,2024-03-15,CUS0015,India,AGT006,Fatima Al Zaabi,1319.51,25,Cash,SUCCESS
TXN02514,2024-03-15,CUS0490,Sri Lanka,AGT002,Priya Sharma,692.63,15,Bank Transfer,SUCCESS
TXN01143,2024-03-15,CUS0594,Nepal,AGT005,John Mathew,572.99,12,Cash,SUCCESS
TXN03669,2024-03-15,CUS0279,India,AGT006,Fatima Al Zaabi,1148.83,25,Cash,SUCCESS
TXN03429,2024-03-15,CUS0188,India,AGT004,Maria Santos,1359.91,0,Card,FAILED
TXN02080,2024-03-15,CUS0282,Pakistan,AGT007,Rajesh Kumar,691.95,18,Cash,SUCCESS
TXN00231,2024-03-16,CUS0263,India,AGT003,Mohammad Raza,937.07,25,Card,SUCCESS
TXN01808,2024-03-16,CUS0312,Bangladesh,AGT002,Priya Sharma,806.83,15,Cash,SUCCESS
TXN03278,2024-03-16,CUS0474,India,AGT008,Sarah Johnson,1248.35,25,Card,SUCCESS
TXN02424,2024-03-16,CUS0569,Philippines,AGT007,Rajesh Kumar,888.26,20,Cash,SUCCESS
TXN01718,2024-03-16,CUS0117,Philippines,AGT006,Fatima Al Zaabi,951.43,20,Card,SUCCESS
TXN03713,2024-03-16,CUS0387,India,AGT002,Priya Sharma,1301.16,25,Cash,SUCCESS
TXN02082,2024-03-16,CUS0392,Pakistan,AGT002,Priya Sharma,944.29,18,Card,SUCCESS
TXN03389,2024-03-16,CUS0185,India,AGT002,Priya Sharma,1510.19,25,Card,SUCCESS
TXN02509,2024-03-16,CUS0012,India,AGT007,Rajesh Kumar,713.61,25,Card,SUCCESS
TXN02819,2024-03-16,CUS0558,Philippines,AGT006,Fatima Al Zaabi,1006.33,20,Cash,SUCCESS
TXN02745,2024-03-16,CUS0295,Pakistan,AGT008,Sarah Johnson,192.91,18,Bank Transfer,SUCCESS
TXN03623,2024-03-16,CUS0337,Sri Lanka,AGT006,Fatima Al Zaabi,304.9,0,Cash,FAILED
TXN02704,2024-03-17,CUS0787,Kenya,AGT006,Fatima Al Zaabi,1241.76,20,Card,SUCCESS
TXN01220,2024-03-17,CUS0175,India,AGT006,Fatima Al Zaabi,1972.25,25,Cash,SUCCESS
TXN02402,2024-03-17,CUS0023,India,AGT004,Maria Santos,1263.66,25,Cash,SUCCESS
TXN00640,2024-03-17,CUS0741,Egypt,AGT002,Priya Sharma,672.62,22,Bank Transfer,SUCCESS
TXN00378,2024-03-17,CUS0773,India,AGT003,Mohammad Raza,1266.0,25,Cash,SUCCESS
TXN02610,2024-03-17,CUS0095,Pakistan,AGT008,Sarah Johnson,1105.97,18,Card,SUCCESS
TXN00400,2024-03-17,CUS0363,India,AGT005,John Mathew,1645.61,25,Cash,SUCCESS
TXN01658,2024-03-17,CUS0328,Bangladesh,AGT003,Mohammad Raza,976.7,15,Cash,SUCCESS
TXN04638,2024-03-17,CUS0435,India,AGT007,Rajesh Kumar,760.68,25,Card,SUCCESS
TXN02862,2024-03-17,CUS0075,Bangladesh,AGT003,Mohammad Raza,801.61,15,Cash,SUCCESS
TXN03321,2024-03-17,CUS0586,India,AGT004,Maria Santos,1270.61,25,Card,SUCCESS
TXN02623,2024-03-17,CUS0789,Bangladesh,AGT005,John Mathew,717.6,15,Cash,SUCCESS
TXN00057,2024-03-17,CUS0597,Pakistan,AGT006,Fatima Al Zaabi,598.59,18,Cash,SUCCESS
TXN01419,2024-03-17,CUS0233,Sri Lanka,AGT004,Maria Santos,1093.91,15,Cash,SUCCESS
TXN00133,2024-03-17,CUS0074,Egypt,AGT003,Mohammad Raza,749.44,0,Card,FAILED
TXN02915,2024-03-17,CUS0376,Bangladesh,AGT003,Mohammad Raza,843.96,15,Bank Transfer,SUCCESS
TXN00960,2024-03-17,CUS0016,India,AGT002,Priya Sharma,1361.18,25,Card,SUCCESS
TXN01074,2024-03-17,CUS0428,Egypt,AGT001,Ahmed Al Mansoori,676.61,22,Cash,SUCCESS
TXN02168,2024-03-18,CUS0588,Sri Lanka,AGT005,John Mathew,467.04,15,Cash,SUCCESS
TXN04741,2024-03-18,CUS0365,Bangladesh,AGT008,Sarah Johnson,808.96,15,Cash,SUCCESS
TXN01236,2024-03-18,CUS0055,Pakistan,AGT008,Sarah Johnson,1193.39,18,Cash,SUCCESS
TXN03420,2024-03-18,CUS0079,India,AGT003,Mohammad Raza,1008.42,25,Cash,SUCCESS
TXN03069,2024-03-18,CUS0439,India,AGT008,Sarah Johnson,1281.1,25,Cash,SUCCESS
TXN03962,2024-03-18,CUS0623,Philippines,AGT003,Mohammad Raza,1410.42,20,Cash,SUCCESS
TXN02180,2024-03-18,CUS0187,Pakistan,AGT002,Priya Sharma,801.63,18,Cash,SUCCESS
TXN03239,2024-03-18,CUS0122,Pakistan,AGT004,Maria Santos,844.33,18,Cash,SUCCESS
TXN04153,2024-03-18,CUS0768,Philippines,AGT006,Fatima Al Zaabi,923.25,20,Card,SUCCESS
TXN01470,2024-03-18,CUS0244,Philippines,AGT001,Ahmed Al Mansoori,1020.04,20,Card,SUCCESS
TXN02594,2024-03-18,CUS0216,Philippines,AGT005,John Mathew,915.67,0,Cash,FAILED
TXN01006,2024-03-18,CUS0180,Pakistan,AGT006,Fatima Al Zaabi,894.44,18,Card,SUCCESS
TXN02955,2024-03-18,CUS0121,India,AGT003,Mohammad Raza,858.39,25,Bank Transfer,SUCCESS
TXN00327,2024-03-18,CUS0421,Philippines,AGT004,Maria Santos,1212.69,20,Card,SUCCESS
TXN03628,2024-03-18,CUS0702,Nepal,AGT003,Mohammad Raza,737.53,12,Bank Transfer,SUCCESS
TXN00487,2024-03-18,CUS0223,Egypt,AGT008,Sarah Johnson,886.63,22,Cash,SUCCESS
TXN03031,2024-03-18,CUS0157,India,AGT001,Ahmed Al Mansoori,304.2,25,Cash,SUCCESS
TXN03930,2024-03-18,CUS0240,India,AGT003,Mohammad Raza,1262.01,25,Cash,SUCCESS
TXN02229,2024-03-18,CUS0208,Pakistan,AGT007,Rajesh Kumar,352.03,18,Bank Transfer,SUCCESS
TXN01299,2024-03-18,CUS0647,Egypt,AGT001,Ahmed Al Mansoori,1188.24,22,Card,SUCCESS
TXN03281,2024-03-19,CUS0026,Nepal,AGT002,Priya Sharma,444.89,12,Cash,SUCCESS
TXN03304,2024-03-19,CUS0735,India,AGT003,Mohammad Raza,830.73,25,Bank Transfer,SUCCESS
TXN00088,2024-03-19,CUS0425,Bangladesh,AGT002,Priya Sharma,769.04,15,Card,SUCCESS
TXN00148,2024-03-19,CUS0522,Philippines,AGT005,John Mathew,543.48,20,Cash,SUCCESS
TXN03432,2024-03-19,CUS0603,Nepal,AGT007,Rajesh Kumar,842.32,12,Bank Transfer,SUCCESS
TXN02025,2024-03-19,CUS0135,Bangladesh,AGT003,Mohammad Raza,100.0,0,Bank Transfer,FAILED
TXN02606,2024-03-19,CUS0342,Philippines,AGT001,Ahmed Al Mansoori,850.18,20,Cash,SUCCESS
TXN02567,2024-03-19,CUS0252,Pakistan,AGT003,Mohammad Raza,561.0,18,Cash,SUCCESS
TXN00848,2024-03-19,CUS0420,Pakistan,AGT006,Fatima Al Zaabi,1389.27,18,Cash,SUCCESS
TXN03723,2024-03-19,CUS0446,India,AGT005,John Mathew,610.31,25,Bank Transfer,SUCCESS
TXN00498,2024-03-19,CUS0081,India,AGT005,John Mathew,1131.48,25,Cash,SUCCESS
TXN04074,2024-03-19,CUS0063,Egypt,AGT007,Rajesh Kumar,1052.18,22,Card,SUCCESS
TXN03664,2024-03-19,CUS0079,Sri Lanka,AGT005,John Mathew,820.29,15,Card,SUCCESS
TXN03242,2024-03-19,CUS0371,India,AGT007,Rajesh Kumar,2232.63,25,Cash,SUCCESS
TXN03415,2024-03-19,CUS0638,Pakistan,AGT003,Mohammad Raza,667.97,18,Card,SUCCESS
TXN03447,2024-03-19,CUS0358,India,AGT004,Maria Santos,1159.86,25,Cash,SUCCESS
TXN01754,2024-03-19,CUS0118,India,AGT006,Fatima Al Zaabi,540.97,25,Cash,SUCCESS
TXN04069,2024-03-19,CUS0310,India,AGT005,John Mathew,771.88,25,Card,SUCCESS
TXN04111,2024-03-20,CUS0409,Kenya,AGT008,Sarah Johnson,1276.62,20,Cash,SUCCESS
TXN00499,2024-03-20,CUS0601,Pakistan,AGT007,Rajesh Kumar,589.85,18,Bank Transfer,SUCCESS
TXN04389,2024-03-20,CUS0415,Sri Lanka,AGT002,Priya Sharma,782.81,15,Card,SUCCESS
TXN02127,2024-03-20,CUS0151,Bangladesh,AGT003,Mohammad Raza,452.03,15,Bank Transfer,SUCCESS
TXN03221,2024-03-20,CUS0177,Philippines,AGT008,Sarah Johnson,616.46,20,Cash,SUCCESS
TXN01708,2024-03-20,CUS0656,Egypt,AGT003,Mohammad Raza,1726.96,22,Card,SUCCESS
TXN01255,2024-03-20,CUS0298,Egypt,AGT002,Priya Sharma,1505.13,22,Cash,SUCCESS
TXN02318,2024-03-20,CUS0637,India,AGT004,Maria Santos,977.79,25,Bank Transfer,SUCCESS
TXN04624,2024-03-21,CUS0773,Bangladesh,AGT004,Maria Santos,862.08,15,Card,SUCCESS
TXN00769,2024-03-21,CUS0799,India,AGT005,John Mathew,974.29,25,Card,SUCCESS
TXN01319,2024-03-21,CUS0122,Egypt,AGT006,Fatima Al Zaabi,898.86,22,Cash,SUCCESS
TXN03709,2024-03-21,CUS0720,India,AGT004,Maria Santos,1352.66,25,Cash,SUCCESS
TXN02004,2024-03-21,CUS0354,India,AGT004,Maria Santos,1089.13,25,Bank Transfer,SUCCESS
TXN03269,2024-03-21,CUS0309,Egypt,AGT002,Priya Sharma,1176.38,22,Bank Transfer,SUCCESS
TXN01871,2024-03-21,CUS0548,Kenya,AGT002,Priya Sharma,634.87,20,Bank Transfer,SUCCESS
TXN01282,2024-03-21,CUS0426,Pakistan,AGT002,Priya Sharma,763.41,18,Cash,SUCCESS
TXN00901,2024-03-21,CUS0189,India,AGT002,Priya Sharma,1332.72,25,Bank Transfer,SUCCESS
TXN03198,2024-03-21,CUS0224,India,AGT001,Ahmed Al Mansoori,522.07,25,Cash,SUCCESS
TXN00292,2024-03-21,CUS0371,Bangladesh,AGT003,Mohammad Raza,596.47,15,Cash,SUCCESS
TXN00129,2024-03-21,CUS0161,India,AGT002,Priya Sharma,1235.87,0,Cash,FAILED
TXN03763,2024-03-21,CUS0112,Sri Lanka,AGT006,Fatima Al Zaabi,567.07,15,Cash,SUCCESS
TXN04489,2024-03-22,CUS0222,Sri Lanka,AGT008,Sarah Johnson,948.26,15,Cash,SUCCESS
TXN02101,2024-03-22,CUS0564,Bangladesh,AGT007,Rajesh Kumar,779.05,15,Card,SUCCESS
TXN03170,2024-03-22,CUS0747,India,AGT003,Mohammad Raza,1050.25,25,Card,SUCCESS
TXN02126,2024-03-22,CUS0487,Pakistan,AGT005,John Mathew,931.31,18,Card,SUCCESS
TXN00005,2024-03-22,CUS0285,Bangladesh,AGT006,Fatima Al Zaabi,650.83,15,Bank Transfer,SUCCESS
TXN02724,2024-03-22,CUS0176,Philippines,AGT001,Ahmed Al Mansoori,1300.05,20,Card,SUCCESS
TXN03667,2024-03-22,CUS0371,Pakistan,AGT004,Maria Santos,975.53,0,Cash,FAILED
TXN03408,2024-03-22,CUS0425,Egypt,AGT006,Fatima Al Zaabi,1141.64,22,Cash,SUCCESS
TXN04335,2024-03-22,CUS0489,Pakistan,AGT006,Fatima Al Zaabi,913.53,18,Cash,SUCCESS
TXN03374,2024-03-22,CUS0533,India,AGT003,Mohammad Raza,1850.59,25,Card,SUCCESS
TXN00310,2024-03-22,CUS0195,Nepal,AGT006,Fatima Al Zaabi,563.61,12,Cash,SUCCESS
TXN02443,2024-03-22,CUS0343,Nepal,AGT005,John Mathew,367.39,12,Bank Transfer,SUCCESS
TXN01628,2024-03-22,CUS0526,Pakistan,AGT001,Ahmed Al Mansoori,1107.44,18,Card,SUCCESS
TXN01857,2024-03-22,CUS0512,India,AGT002,Priya Sharma,1701.29,25,Cash,SUCCESS
TXN00283,2024-03-22,CUS0623,Kenya,AGT003,Mohammad Raza,1402.01,20,Cash,SUCCESS
TXN02287,2024-03-23,CUS0616,Bangladesh,AGT004,Maria Santos,864.51,15,Bank Transfer,SUCCESS
TXN01715,2024-03-23,CUS0364,Kenya,AGT007,Rajesh Kumar,797.43,20,Card,SUCCESS
TXN04053,2024-03-23,CUS0765,India,AGT008,Sarah Johnson,1365.7,25,Cash,SUCCESS
TXN01450,2024-03-23,CUS0622,India,AGT001,Ahmed Al Mansoori,1207.66,25,Cash,SUCCESS
TXN04874,2024-03-23,CUS0671,Philippines,AGT005,John Mathew,962.87,20,Cash,SUCCESS
TXN01099,2024-03-23,CUS0187,Bangladesh,AGT005,John Mathew,892.43,15,Bank Transfer,SUCCESS
TXN03679,2024-03-23,CUS0319,Nepal,AGT006,Fatima Al Zaabi,814.51,12,Card,SUCCESS
TXN03672,2024-03-24,CUS0018,Philippines,AGT003,Mohammad Raza,1135.53,20,Card,SUCCESS
TXN01648,2024-03-24,CUS0159,India,AGT008,Sarah Johnson,1554.86,25,Card,SUCCESS
TXN03384,2024-03-24,CUS0300,Pakistan,AGT003,Mohammad Raza,1046.48,0,Cash,FAILED
TXN04051,2024-03-24,CUS0606,India,AGT004,Maria Santos,934.3,25,Card,SUCCESS
TXN01103,2024-03-24,CUS0026,Pakistan,AGT002,Priya Sharma,1301.21,18,Cash,SUCCESS
TXN01133,2024-03-24,CUS0516,India,AGT003,Mohammad Raza,1780.94,25,Cash,SUCCESS
TXN02619,2024-03-24,CUS0368,Bangladesh,AGT008,Sarah Johnson,796.03,15,Cash,SUCCESS
TXN02202,2024-03-24,CUS0314,India,AGT004,Maria Santos,1131.27,25,Cash,SUCCESS
TXN04019,2024-03-24,CUS0386,Nepal,AGT008,Sarah Johnson,506.82,12,Card,SUCCESS
TXN02187,2024-03-24,CUS0239,Philippines,AGT005,John Mathew,515.53,20,Cash,SUCCESS
TXN01714,2024-03-25,CUS0494,India,AGT007,Rajesh Kumar,1505.07,25,Card,SUCCESS
TXN00040,2024-03-25,CUS0272,Philippines,AGT007,Rajesh Kumar,953.15,20,Card,SUCCESS
TXN01092,2024-03-25,CUS0509,India,AGT003,Mohammad Raza,1186.6,25,Cash,SUCCESS
TXN04971,2024-03-25,CUS0371,Pakistan,AGT007,Rajesh Kumar,1166.9,18,Cash,SUCCESS
TXN03889,2024-03-25,CUS0564,Pakistan,AGT007,Rajesh Kumar,834.33,18,Bank Transfer,SUCCESS
TXN02892,2024-03-25,CUS0596,India,AGT006,Fatima Al Zaabi,433.0,25,Card,SUCCESS
TXN04163,2024-03-25,CUS0065,India,AGT006,Fatima Al Zaabi,1103.29,25,Bank Transfer,SUCCESS
TXN04227,2024-03-25,CUS0353,Philippines,AGT005,John Mathew,1404.58,20,Cash,SUCCESS
TXN00655,2024-03-25,CUS0329,India,AGT008,Sarah Johnson,2126.41,25,Bank Transfer,SUCCESS
TXN01329,2024-03-25,CUS0575,Bangladesh,AGT005,John Mathew,445.96,15,Card,SUCCESS
TXN00178,2024-03-25,CUS0303,India,AGT008,Sarah Johnson,1723.27,25,Cash,SUCCESS
TXN03840,2024-03-25,CUS0792,Philippines,AGT005,John Mathew,816.22,20,Card,SUCCESS
TXN01999,2024-03-25,CUS0629,India,AGT004,Maria Santos,1141.3,25,Cash,SUCCESS
TXN02596,2024-03-25,CUS0117,Egypt,AGT008,Sarah Johnson,358.53,22,Cash,SUCCESS
TXN01496,2024-03-25,CUS0709,Nepal,AGT005,John Mathew,961.1,12,Bank Transfer,SUCCESS
TXN01759,2024-03-25,CUS0444,Nepal,AGT008,Sarah Johnson,890.21,12,Cash,SUCCESS
TXN03986,2024-03-25,CUS0655,India,AGT004,Maria Santos,450.44,0,Cash,FAILED
TXN00567,2024-03-25,CUS0161,Pakistan,AGT007,Rajesh Kumar,310.85,0,Cash,FAILED
TXN01298,2024-03-25,CUS0778,Philippines,AGT007,Rajesh Kumar,821.63,0,Bank Transfer,FAILED
TXN02904,2024-03-26,CUS0523,India,AGT006,Fatima Al Zaabi,1318.62,25,Card,SUCCESS
TXN02716,2024-03-26,CUS0502,Pakistan,AGT001,Ahmed Al Mansoori,295.99,18,Cash,SUCCESS
TXN02575,2024-03-26,CUS0130,Philippines,AGT008,Sarah Johnson,1607.61,20,Cash,SUCCESS
TXN00039,2024-03-26,CUS0219,Philippines,AGT008,Sarah Johnson,541.39,20,Bank Transfer,SUCCESS
TXN00458,2024-03-26,CUS0780,India,AGT001,Ahmed Al Mansoori,827.31,25,Cash,SUCCESS
TXN04517,2024-03-26,CUS0104,Bangladesh,AGT005,John Mathew,612.34,15,Cash,SUCCESS
TXN02951,2024-03-26,CUS0680,Bangladesh,AGT006,Fatima Al Zaabi,953.26,15,Cash,SUCCESS
TXN04922,2024-03-26,CUS0238,India,AGT003,Mohammad Raza,1309.89,25,Bank Transfer,SUCCESS
TXN04433,2024-03-26,CUS0686,Kenya,AGT008,Sarah Johnson,1014.61,20,Cash,SUCCESS
TXN00562,2024-03-26,CUS0388,Sri Lanka,AGT008,Sarah Johnson,1216.97,15,Cash,SUCCESS
TXN03246,2024-03-26,CUS0173,Philippines,AGT003,Mohammad Raza,1108.42,20,Cash,SUCCESS
TXN00808,2024-03-26,CUS0066,Philippines,AGT002,Priya Sharma,770.74,20,Cash,SUCCESS
TXN02324,2024-03-26,CUS0698,Egypt,AGT005,John Mathew,1652.58,22,Card,SUCCESS
TXN01970,2024-03-26,CUS0629,Pakistan,AGT002,Priya Sharma,1072.1,18,Cash,SUCCESS
TXN00579,2024-03-26,CUS0130,Kenya,AGT004,Maria Santos,528.6,20,Cash,SUCCESS
TXN03405,2024-03-26,CUS0629,India,AGT006,Fatima Al Zaabi,1356.95,25,Card,SUCCESS
TXN04855,2024-03-26,CUS0387,India,AGT003,Mohammad Raza,1625.36,0,Cash,FAILED
TXN00101,2024-03-26,CUS0797,Pakistan,AGT002,Priya Sharma,460.31,18,Bank Transfer,SUCCESS
TXN00301,2024-03-27,CUS0176,Pakistan,AGT003,Mohammad Raza,601.04,18,Card,SUCCESS
TXN04234,2024-03-27,CUS0117,India,AGT001,Ahmed Al Mansoori,1381.61,25,Card,SUCCESS
TXN02369,2024-03-27,CUS0197,Philippines,AGT005,John Mathew,598.54,20,Bank Transfer,SUCCESS
TXN04478,2024-03-27,CUS0511,Sri Lanka,AGT001,Ahmed Al Mansoori,920.23,15,Cash,SUCCESS
TXN00393,2024-03-27,CUS0174,Bangladesh,AGT006,Fatima Al Zaabi,422.75,15,Card,SUCCESS
TXN03661,2024-03-27,CUS0776,India,AGT006,Fatima Al Zaabi,1070.39,25,Card,SUCCESS
TXN02294,2024-03-27,CUS0005,India,AGT001,Ahmed Al Mansoori,909.02,25,Cash,SUCCESS
TXN03864,2024-03-27,CUS0410,Bangladesh,AGT008,Sarah Johnson,654.72,0,Bank Transfer,FAILED
TXN03838,2024-03-27,CUS0439,India,AGT006,Fatima Al Zaabi,1336.72,25,Card,SUCCESS
TXN00535,2024-03-27,CUS0742,Egypt,AGT007,Rajesh Kumar,884.89,22,Cash,SUCCESS
TXN00621,2024-03-27,CUS0502,Pakistan,AGT003,Mohammad Raza,610.29,18,Card,SUCCESS
TXN00421,2024-03-27,CUS0275,India,AGT005,John Mathew,1941.87,25,Cash,SUCCESS
TXN01544,2024-03-27,CUS0365,Egypt,AGT002,Priya Sharma,949.16,22,Cash,SUCCESS
TXN01337,2024-03-27,CUS0186,India,AGT006,Fatima Al Zaabi,979.18,25,Cash,SUCCESS
TXN03500,2024-03-28,CUS0144,Bangladesh,AGT006,Fatima Al Zaabi,625.1,15,Cash,SUCCESS
TXN01805,2024-03-28,CUS0609,Pakistan,AGT001,Ahmed Al Mansoori,367.25,18,Cash,SUCCESS
TXN02568,2024-03-28,CUS0513,Bangladesh,AGT001,Ahmed Al Mansoori,836.74,15,Cash,SUCCESS
TXN03773,2024-03-28,CUS0191,Pakistan,AGT003,Mohammad Raza,612.32,18,Bank Transfer,SUCCESS
TXN01630,2024-03-28,CUS0299,India,AGT004,Maria Santos,1507.0,0,Cash,FAILED
TXN00565,2024-03-28,CUS0750,Sri Lanka,AGT003,Mohammad Raza,1020.27,0,Bank Transfer,FAILED
TXN00612,2024-03-28,CUS0301,Nepal,AGT003,Mohammad Raza,589.99,0,Cash,FAILED
TXN02280,2024-03-28,CUS0573,India,AGT008,Sarah Johnson,1366.53,25,Bank Transfer,SUCCESS
TXN00644,2024-03-28,CUS0637,India,AGT008,Sarah Johnson,658.87,25,Card,SUCCESS
TXN04583,2024-03-28,CUS0288,India,AGT003,Mohammad Raza,1197.86,25,Card,SUCCESS
TXN01558,2024-03-28,CUS0255,Philippines,AGT001,Ahmed Al Mansoori,683.14,20,Bank Transfer,SUCCESS
TXN02155,2024-03-28,CUS0334,Sri Lanka,AGT003,Mohammad Raza,466.46,15,Bank Transfer,SUCCESS
TXN04619,2024-03-28,CUS0097,Bangladesh,AGT005,John Mathew,696.51,15,Card,SUCCESS
TXN00922,2024-03-28,CUS0167,Egypt,AGT003,Mohammad Raza,761.25,22,Cash,SUCCESS
TXN00812,2024-03-28,CUS0334,India,AGT006,Fatima Al Zaabi,1041.7,25,Cash,SUCCESS
TXN03836,2024-03-29,CUS0043,India,AGT003,Mohammad Raza,1056.88,25,Cash,SUCCESS
TXN02401,2024-03-29,CUS0223,India,AGT003,Mohammad Raza,940.17,0,Cash,FAILED
TXN02531,2024-03-29,CUS0654,India,AGT005,John Mathew,1370.51,25,Card,SUCCESS
TXN04066,2024-03-29,CUS0282,India,AGT007,Rajesh Kumar,972.16,0,Cash,FAILED
TXN04921,2024-03-29,CUS0417,India,AGT001,Ahmed Al Mansoori,1798.94,25,Bank Transfer,SUCCESS
TXN02354,2024-03-29,CUS0657,India,AGT003,Mohammad Raza,708.26,25,Card,SUCCESS
TXN01738,2024-03-29,CUS0530,Philippines,AGT006,Fatima Al Zaabi,611.69,20,Cash,SUCCESS
TXN03075,2024-03-29,CUS0455,Pakistan,AGT006,Fatima Al Zaabi,624.07,18,Bank Transfer,SUCCESS
TXN03381,2024-03-29,CUS0500,Egypt,AGT005,John Mathew,1814.47,22,Cash,SUCCESS
TXN00451,2024-03-29,CUS0630,Nepal,AGT005,John Mathew,588.72,12,Card,SUCCESS
TXN04788,2024-03-29,CUS0130,Egypt,AGT003,Mohammad Raza,885.28,22,Card,SUCCESS
TXN03653,2024-03-30,CUS0582,India,AGT003,Mohammad Raza,1360.12,25,Bank Transfer,SUCCESS
TXN02191,2024-03-30,CUS0167,Philippines,AGT002,Priya Sharma,468.51,20,Cash,SUCCESS
TXN04815,2024-03-30,CUS0597,Kenya,AGT001,Ahmed Al Mansoori,1037.59,20,Card,SUCCESS
TXN00642,2024-03-30,CUS0369,Sri Lanka,AGT005,John Mathew,1125.53,15,Cash,SUCCESS
TXN04884,2024-03-30,CUS0564,India,AGT001,Ahmed Al Mansoori,1371.13,25,Cash,SUCCESS
TXN03511,2024-03-30,CUS0362,Nepal,AGT002,Priya Sharma,819.75,12,Cash,SUCCESS
TXN04527,2024-03-30,CUS0110,Nepal,AGT004,Maria Santos,350.18,12,Cash,SUCCESS
TXN03190,2024-03-30,CUS0355,Kenya,AGT006,Fatima Al Zaabi,1471.44,20,Cash,SUCCESS
TXN04306,2024-03-30,CUS0786,India,AGT001,Ahmed Al Mansoori,624.77,25,Cash,SUCCESS
TXN00801,2024-03-30,CUS0364,Kenya,AGT005,John Mathew,1217.41,20,Card,SUCCESS
TXN02332,2024-03-30,CUS0660,Philippines,AGT004,Maria Santos,880.67,20,Cash,SUCCESS
TXN00723,2024-03-30,CUS0288,Pakistan,AGT002,Priya Sharma,476.44,18,Cash,SUCCESS
TXN00766,2024-03-30,CUS0011,Pakistan,AGT008,Sarah Johnson,631.24,18,Card,SUCCESS
TXN04496,2024-03-30,CUS0475,Pakistan,AGT007,Rajesh Kumar,1202.57,18,Bank Transfer,SUCCESS
TXN00349,2024-03-30,CUS0438,Pakistan,AGT007,Rajesh Kumar,627.57,18,Cash,SUCCESS
TXN04197,2024-03-30,CUS0120,Philippines,AGT007,Rajesh Kumar,1196.27,20,Cash,SUCCESS
TXN04318,2024-03-31,CUS0619,Sri Lanka,AGT007,Rajesh Kumar,1003.78,15,Bank Transfer,SUCCESS
TXN01640,2024-03-31,CUS0747,India,AGT008,Sarah Johnson,815.69,25,Cash,SUCCESS
TXN02105,2024-03-31,CUS0546,Philippines,AGT001,Ahmed Al Mansoori,578.86,20,Card,SUCCESS
TXN02564,2024-03-31,CUS0434,India,AGT008,Sarah Johnson,1291.94,25,Cash,SUCCESS
TXN02317,2024-03-31,CUS0381,Kenya,AGT004,Maria Santos,1189.1,20,Cash,SUCCESS
TXN01397,2024-03-31,CUS0022,Nepal,AGT002,Priya Sharma,357.52,12,Cash,SUCCESS
TXN03425,2024-03-31,CUS0453,Pakistan,AGT008,Sarah Johnson,373.76,18,Cash,SUCCESS
TXN02298,2024-03-31,CUS0032,Philippines,AGT008,Sarah Johnson,1278.43,20,Bank Transfer,SUCCESS
TXN04902,2024-03-31,CUS0767,India,AGT007,Rajesh Kumar,833.6,25,Card,SUCCESS
TXN00814,2024-03-31,CUS0647,Pakistan,AGT008,Sarah Johnson,847.17,18,Bank Transfer,SUCCESS
TXN00620,2024-03-31,CUS0005,India,AGT001,Ahmed Al Mansoori,1280.6,25,Cash,SUCCESS
TXN00978,2024-03-31,CUS0072,India,AGT007,Rajesh Kumar,327.4,25,Card,SUCCESS
TXN03821,2024-03-31,CUS0475,India,AGT005,John Mathew,1056.04,25,Bank Transfer,SUCCESS
TXN00918,2024-04-01,CUS0466,Philippines,AGT004,Maria Santos,950.38,20,Cash,SUCCESS
TXN01751,2024-04-01,CUS0121,Pakistan,AGT001,Ahmed Al Mansoori,151.22,18,Bank Transfer,SUCCESS
TXN04722,2024-04-01,CUS0100,India,AGT004,Maria Santos,1386.48,25,Cash,SUCCESS
TXN02067,2024-04-01,CUS0477,India,AGT002,Priya Sharma,322.03,25,Cash,SUCCESS
TXN02871,2024-04-01,CUS0459,India,AGT007,Rajesh Kumar,970.57,25,Cash,SUCCESS
TXN03060,2024-04-01,CUS0385,India,AGT007,Rajesh Kumar,1057.55,25,Cash,SUCCESS
TXN00759,2024-04-01,CUS0260,Philippines,AGT008,Sarah Johnson,668.24,20,Card,SUCCESS
TXN01943,2024-04-01,CUS0753,Kenya,AGT001,Ahmed Al Mansoori,1026.7,20,Card,SUCCESS
TXN01027,2024-04-01,CUS0206,Philippines,AGT008,Sarah Johnson,910.26,20,Cash,SUCCESS
TXN01960,2024-04-01,CUS0629,India,AGT005,John Mathew,1280.37,25,Card,SUCCESS
TXN02566,2024-04-01,CUS0567,Pakistan,AGT008,Sarah Johnson,702.06,18,Card,SUCCESS
TXN01224,2024-04-02,CUS0030,Philippines,AGT003,Mohammad Raza,1011.73,20,Cash,SUCCESS
TXN02185,2024-04-02,CUS0799,India,AGT001,Ahmed Al Mansoori,403.73,25,Cash,SUCCESS
TXN02958,2024-04-02,CUS0458,India,AGT001,Ahmed Al Mansoori,1114.84,25,Cash,SUCCESS
TXN02288,2024-04-02,CUS0747,India,AGT008,Sarah Johnson,1109.45,25,Cash,SUCCESS
TXN04632,2024-04-02,CUS0037,Bangladesh,AGT003,Mohammad Raza,586.75,15,Cash,SUCCESS
TXN00938,2024-04-02,CUS0726,Sri Lanka,AGT004,Maria Santos,909.38,15,Cash,SUCCESS
TXN01018,2024-04-02,CUS0689,India,AGT001,Ahmed Al Mansoori,1025.8,0,Cash,FAILED
TXN01855,2024-04-02,CUS0133,Pakistan,AGT005,John Mathew,1040.14,18,Card,SUCCESS
TXN02254,2024-04-02,CUS0102,India,AGT006,Fatima Al Zaabi,1195.65,25,Cash,SUCCESS
TXN03489,2024-04-02,CUS0340,India,AGT001,Ahmed Al Mansoori,867.16,25,Bank Transfer,SUCCESS
TXN00279,2024-04-02,CUS0106,Pakistan,AGT006,Fatima Al Zaabi,816.75,18,Card,SUCCESS
TXN03416,2024-04-02,CUS0078,India,AGT007,Rajesh Kumar,1147.07,25,Cash,SUCCESS
TXN03765,2024-04-02,CUS0164,Pakistan,AGT002,Priya Sharma,854.18,18,Cash,SUCCESS
TXN02353,2024-04-02,CUS0711,Egypt,AGT001,Ahmed Al Mansoori,1325.58,22,Card,SUCCESS
TXN03814,2024-04-02,CUS0174,Pakistan,AGT002,Priya Sharma,823.44,18,Cash,SUCCESS
TXN03364,2024-04-03,CUS0162,India,AGT007,Rajesh Kumar,712.04,25,Card,SUCCESS
TXN01595,2024-04-03,CUS0112,Pakistan,AGT005,John Mathew,232.9,18,Card,SUCCESS
TXN02927,2024-04-03,CUS0661,Bangladesh,AGT002,Priya Sharma,675.59,15,Cash,SUCCESS
TXN03178,2024-04-03,CUS0580,Philippines,AGT006,Fatima Al Zaabi,764.62,20,Bank Transfer,SUCCESS
TXN02296,2024-04-03,CUS0100,Pakistan,AGT006,Fatima Al Zaabi,925.4,18,Bank Transfer,SUCCESS
TXN01475,2024-04-03,CUS0067,Philippines,AGT001,Ahmed Al Mansoori,688.08,20,Cash,SUCCESS
TXN03555,2024-04-03,CUS0558,Philippines,AGT003,Mohammad Raza,403.18,20,Bank Transfer,SUCCESS
TXN01502,2024-04-03,CUS0462,Philippines,AGT002,Priya Sharma,751.18,20,Cash,SUCCESS
TXN04915,2024-04-03,CUS0070,Egypt,AGT007,Rajesh Kumar,680.27,22,Cash,SUCCESS
TXN04751,2024-04-03,CUS0368,India,AGT007,Rajesh Kumar,1597.42,25,Bank Transfer,SUCCESS
TXN03812,2024-04-03,CUS0173,Philippines,AGT007,Rajesh Kumar,1013.45,20,Bank Transfer,SUCCESS
TXN02912,2024-04-03,CUS0311,Bangladesh,AGT005,John Mathew,775.28,15,Card,SUCCESS
TXN01217,2024-04-03,CUS0585,Philippines,AGT007,Rajesh Kumar,718.16,20,Bank Transfer,SUCCESS
TXN03299,2024-04-03,CUS0683,Bangladesh,AGT008,Sarah Johnson,457.8,15,Card,SUCCESS
TXN03860,2024-04-03,CUS0589,Philippines,AGT008,Sarah Johnson,847.24,20,Card,SUCCESS
TXN02152,2024-04-03,CUS0782,India,AGT002,Priya Sharma,1798.13,25,Cash,SUCCESS
TXN03510,2024-04-03,CUS0526,Philippines,AGT001,Ahmed Al Mansoori,755.93,20,Card,SUCCESS
TXN02797,2024-04-03,CUS0498,Philippines,AGT002,Priya Sharma,1054.74,20,Cash,SUCCESS
TXN01237,2024-04-03,CUS0168,India,AGT005,John Mathew,1803.97,25,Cash,SUCCESS
TXN01336,2024-04-03,CUS0158,India,AGT002,Priya Sharma,1078.65,25,Cash,SUCCESS
TXN04503,2024-04-04,CUS0320,Kenya,AGT002,Priya Sharma,498.68,20,Cash,SUCCESS
TXN02687,2024-04-04,CUS0688,Nepal,AGT002,Priya Sharma,684.47,12,Card,SUCCESS
TXN01843,2024-04-04,CUS0628,Nepal,AGT005,John Mathew,501.23,12,Bank Transfer,SUCCESS
TXN04268,2024-04-04,CUS0467,Philippines,AGT002,Priya Sharma,361.21,20,Cash,SUCCESS
TXN00394,2024-04-04,CUS0537,Egypt,AGT001,Ahmed Al Mansoori,1704.38,22,Bank Transfer,SUCCESS
TXN01713,2024-04-04,CUS0439,Nepal,AGT002,Priya Sharma,208.92,12,Card,SUCCESS
TXN04194,2024-04-04,CUS0382,Pakistan,AGT001,Ahmed Al Mansoori,217.67,18,Card,SUCCESS
TXN00904,2024-04-04,CUS0621,India,AGT005,John Mathew,1660.24,25,Cash,SUCCESS
TXN03755,2024-04-04,CUS0508,Pakistan,AGT005,John Mathew,633.86,18,Cash,SUCCESS
TXN03759,2024-04-04,CUS0188,Philippines,AGT008,Sarah Johnson,974.89,20,Cash,SUCCESS
TXN03599,2024-04-05,CUS0324,India,AGT005,John Mathew,1321.01,25,Card,SUCCESS
TXN02047,2024-04-05,CUS0167,Egypt,AGT005,John Mathew,1100.07,22,Cash,SUCCESS
TXN03972,2024-04-05,CUS0609,Pakistan,AGT002,Priya Sharma,535.46,18,Cash,SUCCESS
TXN01186,2024-04-05,CUS0677,Pakistan,AGT004,Maria Santos,1025.79,18,Card,SUCCESS
TXN03913,2024-04-05,CUS0189,Pakistan,AGT007,Rajesh Kumar,1042.27,18,Cash,SUCCESS
TXN00790,2024-04-05,CUS0276,Pakistan,AGT004,Maria Santos,401.37,18,Card,SUCCESS
TXN04020,2024-04-05,CUS0485,India,AGT008,Sarah Johnson,1168.29,25,Card,SUCCESS
TXN01764,2024-04-05,CUS0221,Philippines,AGT002,Priya Sharma,467.47,20,Cash,SUCCESS
TXN03753,2024-04-05,CUS0765,India,AGT003,Mohammad Raza,1651.02,25,Bank Transfer,SUCCESS
TXN00348,2024-04-05,CUS0303,India,AGT006,Fatima Al Zaabi,693.31,25,Card,SUCCESS
TXN00044,2024-04-05,CUS0692,India,AGT002,Priya Sharma,1091.6,25,Cash,SUCCESS
TXN00455,2024-04-05,CUS0635,India,AGT008,Sarah Johnson,1009.11,0,Cash,FAILED
TXN01608,2024-04-06,CUS0235,Kenya,AGT003,Mohammad Raza,1413.03,20,Cash,SUCCESS
TXN03213,2024-04-06,CUS0102,Philippines,AGT003,Mohammad Raza,1350.15,20,Card,SUCCESS
TXN02463,2024-04-06,CUS0002,India,AGT008,Sarah Johnson,1373.61,25,Cash,SUCCESS
TXN00238,2024-04-06,CUS0514,India,AGT008,Sarah Johnson,1267.12,25,Cash,SUCCESS
TXN02388,2024-04-06,CUS0775,India,AGT006,Fatima Al Zaabi,867.28,25,Cash,SUCCESS
TXN04639,2024-04-06,CUS0207,India,AGT004,Maria Santos,473.76,25,Card,SUCCESS
TXN04861,2024-04-06,CUS0704,Philippines,AGT001,Ahmed Al Mansoori,771.54,20,Cash,SUCCESS
TXN04615,2024-04-06,CUS0429,India,AGT002,Priya Sharma,1220.11,25,Cash,SUCCESS
TXN04477,2024-04-06,CUS0122,Philippines,AGT004,Maria Santos,775.48,20,Cash,SUCCESS
TXN04405,2024-04-07,CUS0549,Egypt,AGT001,Ahmed Al Mansoori,1058.69,22,Bank Transfer,SUCCESS
TXN00034,2024-04-07,CUS0363,India,AGT007,Rajesh Kumar,819.22,25,Cash,SUCCESS
TXN03183,2024-04-07,CUS0610,Nepal,AGT008,Sarah Johnson,401.34,12,Bank Transfer,SUCCESS
TXN02321,2024-04-07,CUS0260,Nepal,AGT008,Sarah Johnson,679.11,12,Card,SUCCESS
TXN01401,2024-04-07,CUS0712,India,AGT007,Rajesh Kumar,823.11,25,Card,SUCCESS
TXN01722,2024-04-07,CUS0380,Kenya,AGT001,Ahmed Al Mansoori,876.03,20,Cash,SUCCESS
TXN00382,2024-04-07,CUS0690,India,AGT007,Rajesh Kumar,984.22,25,Cash,SUCCESS
TXN03795,2024-04-07,CUS0065,India,AGT002,Priya Sharma,1202.84,25,Cash,SUCCESS
TXN00568,2024-04-07,CUS0677,Philippines,AGT005,John Mathew,627.82,20,Cash,SUCCESS
TXN04228,2024-04-07,CUS0143,Pakistan,AGT008,Sarah Johnson,900.73,18,Card,SUCCESS
TXN01267,2024-04-07,CUS0713,India,AGT001,Ahmed Al Mansoori,1159.96,25,Bank Transfer,SUCCESS
TXN02018,2024-04-07,CUS0766,Philippines,AGT003,Mohammad Raza,358.96,20,Cash,SUCCESS
TXN02455,2024-04-07,CUS0078,Kenya,AGT006,Fatima Al Zaabi,1144.38,20,Card,SUCCESS
TXN00174,2024-04-07,CUS0644,Pakistan,AGT003,Mohammad Raza,881.88,0,Card,FAILED
TXN00699,2024-04-08,CUS0099,India,AGT002,Priya Sharma,1532.65,25,Bank Transfer,SUCCESS
TXN03402,2024-04-08,CUS0709,Egypt,AGT001,Ahmed Al Mansoori,1288.02,22,Cash,SUCCESS
TXN03776,2024-04-08,CUS0007,India,AGT003,Mohammad Raza,1369.76,25,Cash,SUCCESS
TXN01457,2024-04-08,CUS0226,Pakistan,AGT002,Priya Sharma,980.8,18,Cash,SUCCESS
TXN02615,2024-04-08,CUS0503,Nepal,AGT007,Rajesh Kumar,707.78,0,Card,FAILED
TXN01476,2024-04-08,CUS0210,India,AGT003,Mohammad Raza,1433.38,25,Cash,SUCCESS
TXN00248,2024-04-08,CUS0159,India,AGT003,Mohammad Raza,964.8,0,Bank Transfer,FAILED
TXN00959,2024-04-08,CUS0792,India,AGT006,Fatima Al Zaabi,1405.12,25,Cash,SUCCESS
TXN00118,2024-04-08,CUS0197,India,AGT003,Mohammad Raza,779.28,25,Cash,SUCCESS
TXN03781,2024-04-08,CUS0253,Sri Lanka,AGT005,John Mathew,716.18,15,Cash,SUCCESS
TXN01864,2024-04-08,CUS0645,India,AGT001,Ahmed Al Mansoori,570.53,25,Cash,SUCCESS
TXN04510,2024-04-08,CUS0357,Pakistan,AGT006,Fatima Al Zaabi,783.31,18,Bank Transfer,SUCCESS
TXN00347,2024-04-08,CUS0167,Nepal,AGT006,Fatima Al Zaabi,339.34,12,Card,SUCCESS
TXN02758,2024-04-09,CUS0542,Philippines,AGT004,Maria Santos,695.26,20,Cash,SUCCESS
TXN00254,2024-04-09,CUS0473,Philippines,AGT008,Sarah Johnson,1178.77,20,Card,SUCCESS
TXN02146,2024-04-09,CUS0001,Pakistan,AGT008,Sarah Johnson,1157.57,18,Cash,SUCCESS
TXN02027,2024-04-09,CUS0341,Pakistan,AGT001,Ahmed Al Mansoori,1232.12,18,Bank Transfer,SUCCESS
TXN01489,2024-04-09,CUS0790,Bangladesh,AGT005,John Mathew,379.61,15,Card,SUCCESS
TXN01447,2024-04-09,CUS0257,Philippines,AGT001,Ahmed Al Mansoori,757.27,20,Bank Transfer,SUCCESS
TXN01369,2024-04-09,CUS0756,India,AGT001,Ahmed Al Mansoori,1040.42,25,Card,SUCCESS
TXN01363,2024-04-09,CUS0067,Pakistan,AGT003,Mohammad Raza,828.7,18,Card,SUCCESS
TXN02421,2024-04-09,CUS0255,Philippines,AGT005,John Mathew,1182.78,20,Cash,SUCCESS
TXN03231,2024-04-09,CUS0516,India,AGT003,Mohammad Raza,1049.55,0,Cash,FAILED
TXN04942,2024-04-09,CUS0483,Bangladesh,AGT001,Ahmed Al Mansoori,656.82,0,Cash,FAILED
TXN03196,2024-04-09,CUS0315,Pakistan,AGT005,John Mathew,348.8,18,Bank Transfer,SUCCESS
TXN02883,2024-04-09,CUS0349,Pakistan,AGT002,Priya Sharma,654.35,18,Cash,SUCCESS
TXN01880,2024-04-10,CUS0699,Pakistan,AGT007,Rajesh Kumar,606.59,18,Cash,SUCCESS
TXN01824,2024-04-10,CUS0298,Philippines,AGT002,Priya Sharma,724.5,20,Cash,SUCCESS
TXN00686,2024-04-10,CUS0302,Bangladesh,AGT004,Maria Santos,849.73,15,Bank Transfer,SUCCESS
TXN02881,2024-04-10,CUS0191,India,AGT005,John Mathew,394.24,25,Card,SUCCESS
TXN04332,2024-04-10,CUS0083,Pakistan,AGT002,Priya Sharma,523.11,18,Bank Transfer,SUCCESS
TXN01542,2024-04-10,CUS0371,Bangladesh,AGT001,Ahmed Al Mansoori,1072.17,15,Card,SUCCESS
TXN02565,2024-04-10,CUS0069,Pakistan,AGT002,Priya Sharma,585.12,18,Cash,SUCCESS
TXN04717,2024-04-10,CUS0791,India,AGT007,Rajesh Kumar,2059.81,25,Bank Transfer,SUCCESS
TXN04498,2024-04-10,CUS0458,Pakistan,AGT008,Sarah Johnson,1058.44,18,Card,SUCCESS
TXN03436,2024-04-10,CUS0199,Bangladesh,AGT006,Fatima Al Zaabi,886.7,15,Cash,SUCCESS
TXN02831,2024-04-10,CUS0658,Sri Lanka,AGT008,Sarah Johnson,366.63,15,Cash,SUCCESS
TXN00170,2024-04-11,CUS0110,Kenya,AGT008,Sarah Johnson,735.19,20,Card,SUCCESS
TXN01932,2024-04-11,CUS0016,Sri Lanka,AGT008,Sarah Johnson,861.76,15,Cash,SUCCESS
TXN04841,2024-04-11,CUS0246,Nepal,AGT008,Sarah Johnson,454.85,12,Card,SUCCESS
TXN02190,2024-04-11,CUS0605,India,AGT007,Rajesh Kumar,1411.88,25,Cash,SUCCESS
TXN02498,2024-04-11,CUS0006,Philippines,AGT004,Maria Santos,824.46,20,Card,SUCCESS
TXN00966,2024-04-11,CUS0774,Bangladesh,AGT002,Priya Sharma,1002.42,15,Card,SUCCESS
TXN03287,2024-04-11,CUS0638,India,AGT007,Rajesh Kumar,1081.16,25,Card,SUCCESS
TXN02355,2024-04-11,CUS0480,India,AGT006,Fatima Al Zaabi,1636.3,25,Card,SUCCESS
TXN00717,2024-04-11,CUS0339,Bangladesh,AGT008,Sarah Johnson,723.99,15,Card,SUCCESS
TXN00078,2024-04-11,CUS0251,India,AGT001,Ahmed Al Mansoori,1092.36,25,Card,SUCCESS
TXN04438,2024-04-11,CUS0431,Kenya,AGT006,Fatima Al Zaabi,872.32,20,Bank Transfer,SUCCESS
TXN00318,2024-04-11,CUS0513,Pakistan,AGT007,Rajesh Kumar,725.54,0,Cash,FAILED
TXN01188,2024-04-12,CUS0247,Philippines,AGT003,Mohammad Raza,839.35,20,Card,SUCCESS
TXN04693,2024-04-12,CUS0422,Sri Lanka,AGT003,Mohammad Raza,964.04,15,Cash,SUCCESS
TXN03297,2024-04-12,CUS0015,Philippines,AGT002,Priya Sharma,1352.63,20,Cash,SUCCESS
TXN03921,2024-04-12,CUS0783,Pakistan,AGT004,Maria Santos,1245.32,18,Cash,SUCCESS
TXN02993,2024-04-12,CUS0451,Pakistan,AGT003,Mohammad Raza,817.29,18,Bank Transfer,SUCCESS
TXN01119,2024-04-12,CUS0297,India,AGT007,Rajesh Kumar,1272.4,25,Cash,SUCCESS
TXN01503,2024-04-12,CUS0778,India,AGT003,Mohammad Raza,905.45,25,Bank Transfer,SUCCESS
TXN03507,2024-04-12,CUS0038,India,AGT004,Maria Santos,1316.27,25,Cash,SUCCESS
TXN00293,2024-04-12,CUS0506,Nepal,AGT004,Maria Santos,493.91,0,Card,FAILED
TXN02352,2024-04-12,CUS0676,India,AGT003,Mohammad Raza,1422.12,25,Card,SUCCESS
TXN04245,2024-04-12,CUS0310,India,AGT006,Fatima Al Zaabi,1209.08,25,Bank Transfer,SUCCESS
TXN04057,2024-04-12,CUS0590,Bangladesh,AGT005,John Mathew,1007.06,15,Cash,SUCCESS
TXN04451,2024-04-13,CUS0143,Pakistan,AGT005,John Mathew,681.21,18,Card,SUCCESS
TXN04990,2024-04-13,CUS0589,India,AGT001,Ahmed Al Mansoori,2061.16,25,Bank Transfer,SUCCESS
TXN01388,2024-04-13,CUS0194,Nepal,AGT006,Fatima Al Zaabi,881.07,12,Card,SUCCESS
TXN03255,2024-04-13,CUS0707,Egypt,AGT001,Ahmed Al Mansoori,1221.31,22,Cash,SUCCESS
TXN04071,2024-04-13,CUS0548,India,AGT007,Rajesh Kumar,1405.92,25,Cash,SUCCESS
TXN00524,2024-04-13,CUS0160,India,AGT002,Priya Sharma,1405.42,25,Cash,SUCCESS
TXN01436,2024-04-13,CUS0283,Philippines,AGT008,Sarah Johnson,976.3,20,Bank Transfer,SUCCESS
TXN03572,2024-04-13,CUS0605,India,AGT004,Maria Santos,1672.31,25,Card,SUCCESS
TXN00359,2024-04-13,CUS0169,Pakistan,AGT003,Mohammad Raza,877.45,18,Card,SUCCESS
TXN02457,2024-04-14,CUS0488,India,AGT001,Ahmed Al Mansoori,991.18,25,Cash,SUCCESS
TXN04401,2024-04-14,CUS0184,India,AGT008,Sarah Johnson,1375.43,25,Cash,SUCCESS
TXN01344,2024-04-14,CUS0383,Nepal,AGT003,Mohammad Raza,814.32,12,Cash,SUCCESS
TXN02696,2024-04-14,CUS0145,Philippines,AGT005,John Mathew,1286.47,20,Cash,SUCCESS
TXN03586,2024-04-14,CUS0081,India,AGT006,Fatima Al Zaabi,734.34,25,Bank Transfer,SUCCESS
TXN01665,2024-04-14,CUS0372,Kenya,AGT001,Ahmed Al Mansoori,1319.64,20,Bank Transfer,SUCCESS
TXN03105,2024-04-14,CUS0607,Nepal,AGT004,Maria Santos,468.67,12,Card,SUCCESS
TXN01222,2024-04-14,CUS0295,India,AGT005,John Mathew,1311.54,25,Cash,SUCCESS
TXN00909,2024-04-14,CUS0632,India,AGT008,Sarah Johnson,1432.37,25,Cash,SUCCESS
TXN02723,2024-04-14,CUS0704,Philippines,AGT005,John Mathew,614.09,20,Card,SUCCESS
TXN03342,2024-04-15,CUS0081,Philippines,AGT004,Maria Santos,834.48,20,Card,SUCCESS
TXN03769,2024-04-15,CUS0639,Pakistan,AGT005,John Mathew,959.53,18,Card,SUCCESS
TXN02737,2024-04-15,CUS0716,India,AGT004,Maria Santos,1079.35,25,Card,SUCCESS
TXN04427,2024-04-15,CUS0615,Philippines,AGT002,Priya Sharma,994.6,20,Cash,SUCCESS
TXN03442,2024-04-15,CUS0690,Sri Lanka,AGT007,Rajesh Kumar,611.82,15,Bank Transfer,SUCCESS
TXN03532,2024-04-15,CUS0536,Philippines,AGT003,Mohammad Raza,1401.58,20,Bank Transfer,SUCCESS
TXN03747,2024-04-15,CUS0180,India,AGT003,Mohammad Raza,416.26,25,Cash,SUCCESS
TXN04616,2024-04-15,CUS0197,India,AGT008,Sarah Johnson,1088.53,25,Cash,SUCCESS
TXN01947,2024-04-15,CUS0029,Pakistan,AGT003,Mohammad Raza,890.5,18,Cash,SUCCESS
TXN03548,2024-04-15,CUS0144,Philippines,AGT007,Rajesh Kumar,1295.97,20,Cash,SUCCESS
TXN04547,2024-04-15,CUS0696,India,AGT008,Sarah Johnson,1163.83,25,Card,SUCCESS
TXN04221,2024-04-16,CUS0061,Philippines,AGT007,Rajesh Kumar,254.17,20,Cash,SUCCESS
TXN02346,2024-04-16,CUS0428,Egypt,AGT007,Rajesh Kumar,1462.06,22,Cash,SUCCESS
TXN03327,2024-04-16,CUS0208,Egypt,AGT005,John Mathew,1099.21,22,Cash,SUCCESS
TXN02483,2024-04-16,CUS0069,India,AGT002,Priya Sharma,1917.31,25,Bank Transfer,SUCCESS
TXN00928,2024-04-16,CUS0057,India,AGT003,Mohammad Raza,1335.8,25,Cash,SUCCESS
TXN04042,2024-04-16,CUS0602,India,AGT004,Maria Santos,1475.72,25,Card,SUCCESS
TXN04139,2024-04-16,CUS0579,Bangladesh,AGT003,Mohammad Raza,887.17,15,Cash,SUCCESS
TXN04400,2024-04-16,CUS0007,India,AGT004,Maria Santos,1539.4,25,Card,SUCCESS
TXN00408,2024-04-16,CUS0079,Pakistan,AGT007,Rajesh Kumar,765.83,18,Card,SUCCESS
TXN02154,2024-04-17,CUS0332,Pakistan,AGT003,Mohammad Raza,855.37,18,Card,SUCCESS
TXN01268,2024-04-17,CUS0666,Philippines,AGT003,Mohammad Raza,655.94,20,Bank Transfer,SUCCESS
TXN03944,2024-04-17,CUS0306,Philippines,AGT004,Maria Santos,254.62,20,Bank Transfer,SUCCESS
TXN01422,2024-04-17,CUS0384,Philippines,AGT001,Ahmed Al Mansoori,1189.58,20,Bank Transfer,SUCCESS
TXN01632,2024-04-17,CUS0665,Pakistan,AGT001,Ahmed Al Mansoori,596.87,18,Card,SUCCESS
TXN00713,2024-04-17,CUS0217,Bangladesh,AGT006,Fatima Al Zaabi,585.57,15,Card,SUCCESS
TXN04773,2024-04-17,CUS0438,India,AGT006,Fatima Al Zaabi,1432.41,25,Cash,SUCCESS
TXN04348,2024-04-17,CUS0043,Egypt,AGT003,Mohammad Raza,577.88,0,Card,FAILED
TXN00885,2024-04-17,CUS0209,Bangladesh,AGT004,Maria Santos,843.2,15,Card,SUCCESS
TXN00789,2024-04-17,CUS0334,Philippines,AGT002,Priya Sharma,881.06,20,Bank Transfer,SUCCESS
TXN03959,2024-04-17,CUS0788,Pakistan,AGT007,Rajesh Kumar,1068.04,18,Bank Transfer,SUCCESS
TXN02193,2024-04-17,CUS0490,Kenya,AGT006,Fatima Al Zaabi,1526.93,20,Cash,SUCCESS
TXN04450,2024-04-18,CUS0009,Pakistan,AGT004,Maria Santos,1159.21,18,Cash,SUCCESS
TXN02683,2024-04-18,CUS0198,Pakistan,AGT007,Rajesh Kumar,720.93,18,Cash,SUCCESS
TXN00112,2024-04-18,CUS0349,Philippines,AGT005,John Mathew,892.84,20,Card,SUCCESS
TXN01227,2024-04-18,CUS0754,Bangladesh,AGT007,Rajesh Kumar,709.2,15,Cash,SUCCESS
TXN02960,2024-04-19,CUS0442,India,AGT004,Maria Santos,801.73,25,Cash,SUCCESS
TXN04311,2024-04-19,CUS0636,India,AGT003,Mohammad Raza,1215.97,25,Card,SUCCESS
TXN03443,2024-04-19,CUS0765,Nepal,AGT007,Rajesh Kumar,625.38,0,Cash,FAILED
TXN03039,2024-04-19,CUS0001,Philippines,AGT007,Rajesh Kumar,640.06,20,Bank Transfer,SUCCESS
TXN01710,2024-04-19,CUS0777,India,AGT001,Ahmed Al Mansoori,849.17,25,Cash,SUCCESS
TXN01959,2024-04-19,CUS0503,India,AGT002,Priya Sharma,1580.18,25,Cash,SUCCESS
TXN04544,2024-04-19,CUS0654,Bangladesh,AGT005,John Mathew,574.49,15,Cash,SUCCESS
TXN03270,2024-04-19,CUS0464,Bangladesh,AGT001,Ahmed Al Mansoori,835.76,15,Cash,SUCCESS
TXN01049,2024-04-19,CUS0344,Bangladesh,AGT003,Mohammad Raza,1010.07,0,Cash,FAILED
TXN04674,2024-04-20,CUS0217,India,AGT005,John Mathew,820.16,25,Cash,SUCCESS
TXN01072,2024-04-20,CUS0286,Pakistan,AGT008,Sarah Johnson,914.49,0,Cash,FAILED
TXN02271,2024-04-20,CUS0250,India,AGT005,John Mathew,1325.16,25,Bank Transfer,SUCCESS
TXN01562,2024-04-20,CUS0606,Kenya,AGT004,Maria Santos,737.04,20,Cash,SUCCESS
TXN03900,2024-04-20,CUS0600,Philippines,AGT001,Ahmed Al Mansoori,1002.5,20,Bank Transfer,SUCCESS
TXN00666,2024-04-20,CUS0734,Philippines,AGT004,Maria Santos,928.74,20,Card,SUCCESS
TXN04456,2024-04-20,CUS0443,Philippines,AGT004,Maria Santos,977.96,20,Bank Transfer,SUCCESS
TXN02493,2024-04-20,CUS0011,Pakistan,AGT002,Priya Sharma,681.65,18,Card,SUCCESS
TXN04789,2024-04-20,CUS0492,India,AGT003,Mohammad Raza,447.49,25,Card,SUCCESS
TXN03302,2024-04-20,CUS0146,Kenya,AGT003,Mohammad Raza,682.69,20,Bank Transfer,SUCCESS
TXN02787,2024-04-20,CUS0076,Pakistan,AGT003,Mohammad Raza,615.2,18,Cash,SUCCESS
TXN02578,2024-04-20,CUS0461,Philippines,AGT003,Mohammad Raza,1169.15,20,Card,SUCCESS
TXN02007,2024-04-20,CUS0578,India,AGT005,John Mathew,1200.43,25,Card,SUCCESS
TXN02010,2024-04-20,CUS0147,India,AGT003,Mohammad Raza,1537.53,25,Bank Transfer,SUCCESS
TXN03862,2024-04-21,CUS0693,Philippines,AGT006,Fatima Al Zaabi,686.88,20,Bank Transfer,SUCCESS
TXN00357,2024-04-21,CUS0539,Bangladesh,AGT002,Priya Sharma,696.11,15,Card,SUCCESS
TXN00694,2024-04-21,CUS0575,Kenya,AGT008,Sarah Johnson,1125.54,20,Bank Transfer,SUCCESS
TXN04135,2024-04-21,CUS0492,Egypt,AGT006,Fatima Al Zaabi,1063.43,22,Cash,SUCCESS
TXN04123,2024-04-21,CUS0349,India,AGT006,Fatima Al Zaabi,1544.8,25,Card,SUCCESS
TXN03624,2024-04-21,CUS0019,India,AGT001,Ahmed Al Mansoori,1216.9,25,Cash,SUCCESS
TXN00363,2024-04-21,CUS0434,Pakistan,AGT001,Ahmed Al Mansoori,773.9,18,Cash,SUCCESS
TXN02449,2024-04-21,CUS0013,Philippines,AGT005,John Mathew,688.38,20,Cash,SUCCESS
TXN02689,2024-04-21,CUS0589,India,AGT002,Priya Sharma,1472.44,0,Cash,FAILED
TXN00827,2024-04-21,CUS0511,India,AGT005,John Mathew,1768.65,25,Cash,SUCCESS
TXN03708,2024-04-21,CUS0665,India,AGT001,Ahmed Al Mansoori,1686.79,25,Cash,SUCCESS
TXN02390,2024-04-21,CUS0754,Philippines,AGT006,Fatima Al Zaabi,1179.52,20,Cash,SUCCESS
TXN04572,2024-04-21,CUS0074,India,AGT002,Priya Sharma,1092.29,25,Cash,SUCCESS
TXN04166,2024-04-21,CUS0753,India,AGT006,Fatima Al Zaabi,1485.77,25,Cash,SUCCESS
TXN04031,2024-04-21,CUS0425,India,AGT002,Priya Sharma,1510.4,25,Card,SUCCESS
TXN00003,2024-04-21,CUS0575,India,AGT001,Ahmed Al Mansoori,1433.17,25,Card,SUCCESS
TXN04233,2024-04-21,CUS0034,India,AGT002,Priya Sharma,980.09,25,Cash,SUCCESS
TXN01635,2024-04-22,CUS0181,Bangladesh,AGT005,John Mathew,629.7,15,Cash,SUCCESS
TXN00031,2024-04-22,CUS0235,India,AGT001,Ahmed Al Mansoori,983.39,25,Cash,SUCCESS
TXN01679,2024-04-22,CUS0710,Philippines,AGT002,Priya Sharma,1169.54,20,Cash,SUCCESS
TXN03311,2024-04-22,CUS0411,Bangladesh,AGT003,Mohammad Raza,451.81,15,Card,SUCCESS
TXN04449,2024-04-22,CUS0038,India,AGT002,Priya Sharma,1373.07,25,Card,SUCCESS
TXN04370,2024-04-22,CUS0206,Pakistan,AGT007,Rajesh Kumar,853.59,0,Cash,FAILED
TXN03837,2024-04-22,CUS0791,Philippines,AGT005,John Mathew,1234.17,20,Card,SUCCESS
TXN00777,2024-04-22,CUS0324,Pakistan,AGT004,Maria Santos,625.49,18,Cash,SUCCESS
TXN01957,2024-04-22,CUS0482,Pakistan,AGT005,John Mathew,287.44,18,Bank Transfer,SUCCESS
TXN04101,2024-04-22,CUS0462,Pakistan,AGT002,Priya Sharma,439.95,18,Bank Transfer,SUCCESS
TXN01532,2024-04-22,CUS0151,Philippines,AGT008,Sarah Johnson,422.52,20,Cash,SUCCESS
TXN00542,2024-04-22,CUS0060,India,AGT005,John Mathew,793.31,25,Cash,SUCCESS
TXN01047,2024-04-22,CUS0437,India,AGT004,Maria Santos,1434.84,25,Bank Transfer,SUCCESS
TXN04117,2024-04-22,CUS0604,Philippines,AGT003,Mohammad Raza,834.47,20,Cash,SUCCESS
TXN01108,2024-04-22,CUS0335,Philippines,AGT002,Priya Sharma,615.58,20,Card,SUCCESS
TXN01953,2024-04-23,CUS0161,Bangladesh,AGT006,Fatima Al Zaabi,509.8,15,Cash,SUCCESS
TXN00229,2024-04-23,CUS0079,India,AGT003,Mohammad Raza,942.49,25,Cash,SUCCESS
TXN00063,2024-04-23,CUS0359,India,AGT008,Sarah Johnson,801.72,25,Card,SUCCESS
TXN02314,2024-04-23,CUS0732,Bangladesh,AGT002,Priya Sharma,804.53,15,Cash,SUCCESS
TXN00614,2024-04-23,CUS0431,Philippines,AGT005,John Mathew,596.12,20,Cash,SUCCESS
TXN02914,2024-04-23,CUS0737,Philippines,AGT008,Sarah Johnson,1104.64,20,Card,SUCCESS
TXN01570,2024-04-23,CUS0127,Philippines,AGT002,Priya Sharma,757.16,20,Card,SUCCESS
TXN04047,2024-04-23,CUS0391,Kenya,AGT005,John Mathew,1149.7,20,Cash,SUCCESS
TXN00438,2024-04-23,CUS0457,Philippines,AGT004,Maria Santos,527.37,20,Cash,SUCCESS
TXN03034,2024-04-23,CUS0546,India,AGT007,Rajesh Kumar,846.37,25,Cash,SUCCESS
TXN03822,2024-04-23,CUS0712,Philippines,AGT001,Ahmed Al Mansoori,972.71,20,Bank Transfer,SUCCESS
TXN00764,2024-04-23,CUS0742,Philippines,AGT001,Ahmed Al Mansoori,874.06,20,Bank Transfer,SUCCESS
TXN02602,2024-04-24,CUS0255,Nepal,AGT004,Maria Santos,711.55,12,Cash,SUCCESS
TXN00727,2024-04-24,CUS0138,Sri Lanka,AGT005,John Mathew,754.15,15,Card,SUCCESS
TXN03419,2024-04-24,CUS0066,Bangladesh,AGT003,Mohammad Raza,428.55,15,Cash,SUCCESS
TXN00661,2024-04-24,CUS0574,Nepal,AGT006,Fatima Al Zaabi,496.74,12,Card,SUCCESS
TXN03418,2024-04-24,CUS0045,Pakistan,AGT001,Ahmed Al Mansoori,849.87,18,Card,SUCCESS
TXN03492,2024-04-24,CUS0175,Pakistan,AGT006,Fatima Al Zaabi,748.77,18,Bank Transfer,SUCCESS
TXN02270,2024-04-24,CUS0252,Nepal,AGT004,Maria Santos,585.33,12,Cash,SUCCESS
TXN03363,2024-04-24,CUS0050,Egypt,AGT006,Fatima Al Zaabi,508.02,22,Cash,SUCCESS
TXN03518,2024-04-24,CUS0140,India,AGT007,Rajesh Kumar,1352.78,25,Card,SUCCESS
TXN01368,2024-04-24,CUS0546,India,AGT007,Rajesh Kumar,864.02,25,Cash,SUCCESS
TXN03901,2024-04-24,CUS0010,Philippines,AGT004,Maria Santos,749.85,20,Bank Transfer,SUCCESS
TXN02206,2024-04-24,CUS0116,India,AGT002,Priya Sharma,1370.07,25,Cash,SUCCESS
TXN00736,2024-04-24,CUS0354,Philippines,AGT006,Fatima Al Zaabi,1027.6,20,Cash,SUCCESS
TXN02826,2024-04-24,CUS0615,India,AGT007,Rajesh Kumar,1813.48,25,Bank Transfer,SUCCESS
TXN02698,2024-04-24,CUS0489,Philippines,AGT005,John Mathew,545.7,20,Cash,SUCCESS
TXN02811,2024-04-24,CUS0795,India,AGT003,Mohammad Raza,1157.96,25,Cash,SUCCESS
TXN03245,2024-04-25,CUS0009,Pakistan,AGT006,Fatima Al Zaabi,758.53,18,Card,SUCCESS
TXN02211,2024-04-25,CUS0735,Pakistan,AGT002,Priya Sharma,499.9,18,Bank Transfer,SUCCESS
TXN04974,2024-04-25,CUS0657,India,AGT001,Ahmed Al Mansoori,449.08,25,Cash,SUCCESS
TXN02518,2024-04-25,CUS0491,Bangladesh,AGT003,Mohammad Raza,233.95,15,Card,SUCCESS
TXN04121,2024-04-25,CUS0347,Kenya,AGT004,Maria Santos,776.82,20,Cash,SUCCESS
TXN00459,2024-04-25,CUS0800,Pakistan,AGT003,Mohammad Raza,667.12,18,Card,SUCCESS
TXN00379,2024-04-25,CUS0475,India,AGT003,Mohammad Raza,1988.33,25,Card,SUCCESS
TXN04323,2024-04-25,CUS0087,Philippines,AGT008,Sarah Johnson,1229.48,20,Cash,SUCCESS
TXN01536,2024-04-25,CUS0795,Bangladesh,AGT001,Ahmed Al Mansoori,365.11,15,Cash,SUCCESS
TXN01295,2024-04-26,CUS0424,India,AGT007,Rajesh Kumar,1229.46,25,Bank Transfer,SUCCESS
TXN01651,2024-04-26,CUS0362,Philippines,AGT003,Mohammad Raza,1056.5,20,Cash,SUCCESS
TXN02580,2024-04-26,CUS0499,Egypt,AGT005,John Mathew,1680.34,22,Card,SUCCESS
TXN01285,2024-04-26,CUS0499,India,AGT004,Maria Santos,917.04,25,Cash,SUCCESS
TXN02260,2024-04-26,CUS0104,India,AGT005,John Mathew,1271.62,25,Cash,SUCCESS
TXN03285,2024-04-26,CUS0788,Kenya,AGT002,Priya Sharma,504.97,20,Card,SUCCESS
TXN00576,2024-04-26,CUS0536,Pakistan,AGT007,Rajesh Kumar,269.33,18,Card,SUCCESS
TXN02139,2024-04-26,CUS0182,Bangladesh,AGT008,Sarah Johnson,439.79,0,Card,FAILED
TXN00589,2024-04-26,CUS0793,India,AGT008,Sarah Johnson,1498.92,25,Cash,SUCCESS
TXN04141,2024-04-26,CUS0385,India,AGT002,Priya Sharma,1422.8,25,Card,SUCCESS
TXN03156,2024-04-26,CUS0582,Nepal,AGT003,Mohammad Raza,306.37,12,Cash,SUCCESS
TXN02815,2024-04-26,CUS0334,Philippines,AGT004,Maria Santos,1394.79,20,Card,SUCCESS
TXN03152,2024-04-26,CUS0055,Egypt,AGT008,Sarah Johnson,978.16,22,Cash,SUCCESS
TXN00064,2024-04-26,CUS0409,India,AGT004,Maria Santos,769.37,25,Bank Transfer,SUCCESS
TXN04488,2024-04-27,CUS0671,Pakistan,AGT006,Fatima Al Zaabi,661.3,18,Cash,SUCCESS
TXN03504,2024-04-27,CUS0366,Bangladesh,AGT004,Maria Santos,710.75,15,Cash,SUCCESS
TXN04444,2024-04-27,CUS0724,India,AGT005,John Mathew,1444.88,25,Cash,SUCCESS
TXN03078,2024-04-27,CUS0351,Bangladesh,AGT008,Sarah Johnson,816.14,15,Cash,SUCCESS
TXN04950,2024-04-27,CUS0057,Sri Lanka,AGT007,Rajesh Kumar,847.76,15,Bank Transfer,SUCCESS
TXN04537,2024-04-27,CUS0161,Nepal,AGT003,Mohammad Raza,639.0,0,Card,FAILED
TXN04620,2024-04-27,CUS0422,Nepal,AGT001,Ahmed Al Mansoori,580.95,12,Cash,SUCCESS
TXN04524,2024-04-27,CUS0316,Nepal,AGT001,Ahmed Al Mansoori,973.51,12,Bank Transfer,SUCCESS
TXN01473,2024-04-27,CUS0351,Nepal,AGT006,Fatima Al Zaabi,575.88,12,Card,SUCCESS
TXN04819,2024-04-27,CUS0247,Bangladesh,AGT005,John Mathew,831.8,15,Bank Transfer,SUCCESS
TXN02413,2024-04-27,CUS0256,Bangladesh,AGT004,Maria Santos,464.27,15,Cash,SUCCESS
TXN04744,2024-04-27,CUS0505,India,AGT006,Fatima Al Zaabi,1349.32,25,Cash,SUCCESS
TXN00811,2024-04-27,CUS0454,India,AGT005,John Mathew,1132.73,25,Cash,SUCCESS
TXN00484,2024-04-27,CUS0106,Philippines,AGT002,Priya Sharma,954.94,20,Bank Transfer,SUCCESS
TXN01578,2024-04-27,CUS0313,India,AGT002,Priya Sharma,1619.31,25,Cash,SUCCESS
TXN02560,2024-04-27,CUS0095,India,AGT003,Mohammad Raza,1532.74,25,Card,SUCCESS
TXN01977,2024-04-27,CUS0035,Pakistan,AGT004,Maria Santos,1069.79,18,Cash,SUCCESS
TXN04236,2024-04-28,CUS0221,India,AGT005,John Mathew,775.39,25,Card,SUCCESS
TXN00905,2024-04-28,CUS0368,India,AGT001,Ahmed Al Mansoori,1268.8,25,Card,SUCCESS
TXN01926,2024-04-28,CUS0710,Philippines,AGT002,Priya Sharma,651.77,20,Card,SUCCESS
TXN02465,2024-04-28,CUS0294,Bangladesh,AGT001,Ahmed Al Mansoori,882.52,15,Card,SUCCESS
TXN03616,2024-04-28,CUS0579,Philippines,AGT002,Priya Sharma,1098.35,20,Cash,SUCCESS
TXN01858,2024-04-28,CUS0108,Kenya,AGT004,Maria Santos,878.74,20,Cash,SUCCESS
TXN04844,2024-04-28,CUS0772,Nepal,AGT002,Priya Sharma,574.5,12,Cash,SUCCESS
TXN00445,2024-04-28,CUS0191,Nepal,AGT003,Mohammad Raza,365.2,12,Cash,SUCCESS
TXN02734,2024-04-28,CUS0052,Nepal,AGT004,Maria Santos,441.63,12,Card,SUCCESS
TXN02972,2024-04-28,CUS0062,Pakistan,AGT005,John Mathew,783.53,18,Card,SUCCESS
TXN04637,2024-04-28,CUS0130,Nepal,AGT005,John Mathew,694.18,12,Card,SUCCESS
TXN00856,2024-04-28,CUS0198,Pakistan,AGT004,Maria Santos,663.02,18,Cash,SUCCESS
TXN01095,2024-04-28,CUS0422,Nepal,AGT006,Fatima Al Zaabi,731.88,12,Card,SUCCESS
TXN02688,2024-04-28,CUS0749,Kenya,AGT001,Ahmed Al Mansoori,512.36,20,Cash,SUCCESS
TXN03493,2024-04-28,CUS0007,Pakistan,AGT006,Fatima Al Zaabi,919.09,18,Cash,SUCCESS
TXN04359,2024-04-28,CUS0629,Bangladesh,AGT001,Ahmed Al Mansoori,824.2,15,Card,SUCCESS
TXN03852,2024-04-29,CUS0377,Philippines,AGT002,Priya Sharma,1033.29,20,Bank Transfer,SUCCESS
TXN00373,2024-04-29,CUS0144,Pakistan,AGT001,Ahmed Al Mansoori,1148.27,18,Cash,SUCCESS
TXN01468,2024-04-29,CUS0317,India,AGT002,Priya Sharma,1342.08,25,Cash,SUCCESS
TXN04173,2024-04-29,CUS0283,India,AGT006,Fatima Al Zaabi,1025.7,25,Card,SUCCESS
TXN03522,2024-04-29,CUS0168,Nepal,AGT006,Fatima Al Zaabi,151.21,12,Cash,SUCCESS
TXN02437,2024-04-29,CUS0513,Egypt,AGT003,Mohammad Raza,1056.61,22,Cash,SUCCESS
TXN04072,2024-04-29,CUS0043,Nepal,AGT008,Sarah Johnson,473.15,12,Cash,SUCCESS
TXN00481,2024-04-29,CUS0721,Philippines,AGT002,Priya Sharma,865.46,20,Cash,SUCCESS
TXN03579,2024-04-29,CUS0742,Sri Lanka,AGT001,Ahmed Al Mansoori,566.54,15,Cash,SUCCESS
TXN00882,2024-04-29,CUS0160,India,AGT006,Fatima Al Zaabi,1008.89,25,Bank Transfer,SUCCESS
TXN03375,2024-04-29,CUS0138,India,AGT001,Ahmed Al Mansoori,594.24,25,Card,SUCCESS
TXN04610,2024-04-29,CUS0223,India,AGT007,Rajesh Kumar,898.0,25,Card,SUCCESS
TXN01420,2024-04-29,CUS0740,Philippines,AGT008,Sarah Johnson,1037.12,20,Cash,SUCCESS
TXN02458,2024-04-30,CUS0277,Philippines,AGT005,John Mathew,964.64,0,Card,FAILED
TXN01208,2024-04-30,CUS0450,India,AGT003,Mohammad Raza,961.36,25,Bank Transfer,SUCCESS
TXN02948,2024-04-30,CUS0587,Egypt,AGT002,Priya Sharma,112.93,22,Card,SUCCESS
TXN02607,2024-04-30,CUS0406,Philippines,AGT008,Sarah Johnson,736.72,20,Cash,SUCCESS
TXN03309,2024-04-30,CUS0235,India,AGT006,Fatima Al Zaabi,1834.03,25,Bank Transfer,SUCCESS
TXN02608,2024-04-30,CUS0345,India,AGT003,Mohammad Raza,406.0,25,Cash,SUCCESS
TXN04621,2024-04-30,CUS0015,Philippines,AGT005,John Mathew,777.52,20,Card,SUCCESS
TXN01200,2024-04-30,CUS0148,Egypt,AGT004,Maria Santos,1550.17,22,Cash,SUCCESS
TXN02432,2024-04-30,CUS0366,India,AGT006,Fatima Al Zaabi,832.92,25,Cash,SUCCESS
TXN01409,2024-04-30,CUS0436,Philippines,AGT005,John Mathew,812.88,20,Card,SUCCESS
TXN02406,2024-04-30,CUS0222,Philippines,AGT008,Sarah Johnson,1261.92,20,Cash,SUCCESS
TXN01283,2024-04-30,CUS0019,India,AGT001,Ahmed Al Mansoori,1454.92,25,Cash,SUCCESS
TXN02063,2024-04-30,CUS0514,Philippines,AGT006,Fatima Al Zaabi,1005.43,20,Card,SUCCESS
TXN00260,2024-04-30,CUS0384,Philippines,AGT002,Priya Sharma,1109.15,20,Cash,SUCCESS
TXN00718,2024-04-30,CUS0199,India,AGT002,Priya Sharma,1254.11,25,Cash,SUCCESS
TXN02275,2024-04-30,CUS0079,India,AGT006,Fatima Al Zaabi,808.59,25,Cash,SUCCESS
TXN04011,2024-04-30,CUS0731,India,AGT006,Fatima Al Zaabi,1208.15,25,Cash,SUCCESS
TXN03804,2024-04-30,CUS0363,Bangladesh,AGT007,Rajesh Kumar,733.49,0,Bank Transfer,FAILED
TXN02877,2024-05-01,CUS0031,Philippines,AGT005,John Mathew,647.14,20,Bank Transfer,SUCCESS
TXN01903,2024-05-01,CUS0288,India,AGT001,Ahmed Al Mansoori,1622.32,25,Bank Transfer,SUCCESS
TXN00060,2024-05-01,CUS0423,Sri Lanka,AGT003,Mohammad Raza,969.5,0,Card,FAILED
TXN03106,2024-05-01,CUS0155,Pakistan,AGT002,Priya Sharma,886.74,18,Bank Transfer,SUCCESS
TXN02341,2024-05-01,CUS0354,Bangladesh,AGT005,John Mathew,846.75,15,Card,SUCCESS
TXN00464,2024-05-01,CUS0728,India,AGT006,Fatima Al Zaabi,1277.03,25,Cash,SUCCESS
TXN02216,2024-05-01,CUS0012,India,AGT006,Fatima Al Zaabi,1295.72,25,Cash,SUCCESS
TXN00196,2024-05-01,CUS0179,Pakistan,AGT001,Ahmed Al Mansoori,892.48,18,Cash,SUCCESS
TXN04852,2024-05-01,CUS0606,Sri Lanka,AGT008,Sarah Johnson,1323.53,15,Card,SUCCESS
TXN01771,2024-05-01,CUS0019,Pakistan,AGT005,John Mathew,810.46,18,Bank Transfer,SUCCESS
TXN03964,2024-05-01,CUS0136,India,AGT007,Rajesh Kumar,1476.78,25,Bank Transfer,SUCCESS
TXN04397,2024-05-02,CUS0290,Kenya,AGT003,Mohammad Raza,693.31,20,Cash,SUCCESS
TXN02111,2024-05-02,CUS0331,India,AGT004,Maria Santos,1004.12,25,Cash,SUCCESS
TXN02624,2024-05-02,CUS0420,Bangladesh,AGT007,Rajesh Kumar,996.2,0,Card,FAILED
TXN00492,2024-05-02,CUS0247,Philippines,AGT002,Priya Sharma,1299.58,20,Card,SUCCESS
TXN04430,2024-05-02,CUS0213,Nepal,AGT001,Ahmed Al Mansoori,513.09,12,Bank Transfer,SUCCESS
TXN01399,2024-05-02,CUS0677,Philippines,AGT006,Fatima Al Zaabi,1224.11,20,Card,SUCCESS
TXN03983,2024-05-02,CUS0380,Philippines,AGT001,Ahmed Al Mansoori,1751.06,20,Card,SUCCESS
TXN03637,2024-05-02,CUS0031,India,AGT007,Rajesh Kumar,1077.92,25,Cash,SUCCESS
TXN01456,2024-05-02,CUS0432,India,AGT001,Ahmed Al Mansoori,566.13,0,Cash,FAILED
TXN00086,2024-05-02,CUS0731,India,AGT002,Priya Sharma,1019.37,25,Cash,SUCCESS
TXN02642,2024-05-02,CUS0049,Philippines,AGT007,Rajesh Kumar,841.13,20,Bank Transfer,SUCCESS
TXN00501,2024-05-02,CUS0445,India,AGT002,Priya Sharma,1533.42,25,Card,SUCCESS
TXN02527,2024-05-02,CUS0314,Pakistan,AGT006,Fatima Al Zaabi,900.82,18,Cash,SUCCESS
TXN02995,2024-05-03,CUS0020,Nepal,AGT008,Sarah Johnson,428.65,0,Bank Transfer,FAILED
TXN04981,2024-05-03,CUS0771,India,AGT002,Priya Sharma,768.73,25,Bank Transfer,SUCCESS
TXN03147,2024-05-03,CUS0075,India,AGT007,Rajesh Kumar,945.25,25,Bank Transfer,SUCCESS
TXN04793,2024-05-03,CUS0410,Philippines,AGT007,Rajesh Kumar,869.05,20,Cash,SUCCESS
TXN02329,2024-05-03,CUS0449,Philippines,AGT006,Fatima Al Zaabi,1087.8,20,Cash,SUCCESS
TXN02113,2024-05-03,CUS0513,Nepal,AGT008,Sarah Johnson,607.37,12,Bank Transfer,SUCCESS
TXN00781,2024-05-03,CUS0235,Sri Lanka,AGT004,Maria Santos,789.98,15,Cash,SUCCESS
TXN02768,2024-05-03,CUS0283,Pakistan,AGT003,Mohammad Raza,909.14,18,Bank Transfer,SUCCESS
TXN03163,2024-05-03,CUS0431,India,AGT003,Mohammad Raza,1034.73,25,Cash,SUCCESS
TXN04923,2024-05-03,CUS0221,India,AGT003,Mohammad Raza,1411.46,25,Bank Transfer,SUCCESS
TXN02546,2024-05-03,CUS0178,Philippines,AGT003,Mohammad Raza,1016.9,20,Cash,SUCCESS
TXN02542,2024-05-03,CUS0566,India,AGT005,John Mathew,746.94,25,Cash,SUCCESS
TXN04665,2024-05-03,CUS0439,Pakistan,AGT008,Sarah Johnson,972.42,18,Card,SUCCESS
TXN03209,2024-05-03,CUS0009,Philippines,AGT003,Mohammad Raza,1143.11,20,Cash,SUCCESS
TXN02774,2024-05-03,CUS0505,Pakistan,AGT004,Maria Santos,428.33,18,Cash,SUCCESS
TXN04599,2024-05-03,CUS0275,India,AGT006,Fatima Al Zaabi,1351.84,25,Card,SUCCESS
TXN02753,2024-05-03,CUS0633,Philippines,AGT008,Sarah Johnson,774.23,20,Bank Transfer,SUCCESS
TXN03542,2024-05-03,CUS0011,Nepal,AGT002,Priya Sharma,861.18,12,Bank Transfer,SUCCESS
TXN00432,2024-05-03,CUS0733,India,AGT003,Mohammad Raza,465.88,25,Cash,SUCCESS
TXN03115,2024-05-04,CUS0604,Pakistan,AGT002,Priya Sharma,893.35,18,Cash,SUCCESS
TXN00338,2024-05-04,CUS0654,India,AGT004,Maria Santos,1084.3,25,Cash,SUCCESS
TXN01668,2024-05-04,CUS0058,India,AGT004,Maria Santos,1018.28,25,Cash,SUCCESS
TXN02759,2024-05-04,CUS0145,India,AGT002,Priya Sharma,792.98,25,Card,SUCCESS
TXN01786,2024-05-04,CUS0712,Pakistan,AGT004,Maria Santos,450.19,18,Bank Transfer,SUCCESS
TXN04526,2024-05-04,CUS0048,Philippines,AGT006,Fatima Al Zaabi,1208.96,20,Cash,SUCCESS
TXN00104,2024-05-04,CUS0701,India,AGT005,John Mathew,911.18,25,Cash,SUCCESS
TXN04180,2024-05-04,CUS0597,India,AGT004,Maria Santos,1076.56,25,Cash,SUCCESS
TXN01469,2024-05-04,CUS0141,Pakistan,AGT001,Ahmed Al Mansoori,512.99,18,Cash,SUCCESS
TXN04986,2024-05-04,CUS0632,Nepal,AGT006,Fatima Al Zaabi,894.44,12,Cash,SUCCESS
TXN04203,2024-05-04,CUS0182,India,AGT006,Fatima Al Zaabi,845.21,25,Bank Transfer,SUCCESS
TXN00080,2024-05-04,CUS0769,India,AGT001,Ahmed Al Mansoori,484.48,25,Bank Transfer,SUCCESS
TXN00444,2024-05-04,CUS0339,Philippines,AGT003,Mohammad Raza,875.94,20,Bank Transfer,SUCCESS
TXN02086,2024-05-04,CUS0384,Bangladesh,AGT001,Ahmed Al Mansoori,443.65,15,Cash,SUCCESS
TXN04073,2024-05-05,CUS0638,Philippines,AGT001,Ahmed Al Mansoori,484.85,20,Bank Transfer,SUCCESS
TXN00516,2024-05-05,CUS0025,India,AGT007,Rajesh Kumar,1471.94,25,Cash,SUCCESS
TXN00012,2024-05-05,CUS0277,India,AGT007,Rajesh Kumar,1032.34,25,Card,SUCCESS
TXN03705,2024-05-05,CUS0714,Pakistan,AGT006,Fatima Al Zaabi,766.31,18,Bank Transfer,SUCCESS
TXN04331,2024-05-05,CUS0630,Philippines,AGT002,Priya Sharma,1083.97,20,Card,SUCCESS
TXN02169,2024-05-05,CUS0571,India,AGT005,John Mathew,1115.75,25,Cash,SUCCESS
TXN04343,2024-05-05,CUS0250,Pakistan,AGT003,Mohammad Raza,1267.6,18,Cash,SUCCESS
TXN04832,2024-05-05,CUS0570,Kenya,AGT002,Priya Sharma,611.89,20,Cash,SUCCESS
TXN01345,2024-05-05,CUS0569,Pakistan,AGT007,Rajesh Kumar,1027.89,18,Cash,SUCCESS
TXN00165,2024-05-05,CUS0175,Pakistan,AGT003,Mohammad Raza,1031.21,18,Card,SUCCESS
TXN02057,2024-05-05,CUS0006,India,AGT006,Fatima Al Zaabi,1028.56,25,Cash,SUCCESS
TXN02703,2024-05-05,CUS0643,Bangladesh,AGT003,Mohammad Raza,1122.58,15,Card,SUCCESS
TXN02708,2024-05-05,CUS0366,India,AGT006,Fatima Al Zaabi,1208.61,25,Cash,SUCCESS
TXN03238,2024-05-06,CUS0069,Nepal,AGT005,John Mathew,374.11,12,Cash,SUCCESS
TXN01073,2024-05-06,CUS0594,India,AGT007,Rajesh Kumar,1227.66,25,Bank Transfer,SUCCESS
TXN00878,2024-05-06,CUS0796,India,AGT005,John Mathew,1280.56,25,Card,SUCCESS
TXN00415,2024-05-06,CUS0275,Bangladesh,AGT002,Priya Sharma,769.79,15,Card,SUCCESS
TXN03090,2024-05-06,CUS0337,Nepal,AGT005,John Mathew,625.85,12,Cash,SUCCESS
TXN00030,2024-05-06,CUS0022,India,AGT006,Fatima Al Zaabi,1094.99,25,Cash,SUCCESS
TXN02980,2024-05-06,CUS0141,India,AGT002,Priya Sharma,1271.93,25,Cash,SUCCESS
TXN02936,2024-05-06,CUS0268,Egypt,AGT006,Fatima Al Zaabi,1585.98,22,Card,SUCCESS
TXN00423,2024-05-06,CUS0609,Bangladesh,AGT008,Sarah Johnson,647.72,15,Cash,SUCCESS
TXN03038,2024-05-07,CUS0210,Philippines,AGT003,Mohammad Raza,946.03,20,Cash,SUCCESS
TXN04352,2024-05-07,CUS0689,Philippines,AGT006,Fatima Al Zaabi,912.82,20,Bank Transfer,SUCCESS
TXN02362,2024-05-07,CUS0456,Kenya,AGT003,Mohammad Raza,564.49,0,Cash,FAILED
TXN04192,2024-05-07,CUS0132,India,AGT003,Mohammad Raza,1294.88,25,Cash,SUCCESS
TXN03050,2024-05-07,CUS0714,Bangladesh,AGT007,Rajesh Kumar,951.42,15,Cash,SUCCESS
TXN00625,2024-05-07,CUS0320,India,AGT006,Fatima Al Zaabi,1773.55,25,Cash,SUCCESS
TXN01975,2024-05-07,CUS0021,Egypt,AGT001,Ahmed Al Mansoori,1093.83,22,Card,SUCCESS
TXN02256,2024-05-07,CUS0333,India,AGT001,Ahmed Al Mansoori,1330.91,25,Bank Transfer,SUCCESS
TXN00672,2024-05-07,CUS0302,India,AGT006,Fatima Al Zaabi,453.58,25,Cash,SUCCESS
TXN02848,2024-05-08,CUS0482,Nepal,AGT007,Rajesh Kumar,449.29,12,Bank Transfer,SUCCESS
TXN02561,2024-05-08,CUS0464,India,AGT005,John Mathew,835.0,25,Cash,SUCCESS
TXN04877,2024-05-08,CUS0579,Nepal,AGT001,Ahmed Al Mansoori,358.79,12,Card,SUCCESS
TXN02016,2024-05-08,CUS0668,Bangladesh,AGT007,Rajesh Kumar,659.3,15,Cash,SUCCESS
TXN00256,2024-05-08,CUS0381,India,AGT008,Sarah Johnson,1025.68,25,Cash,SUCCESS
TXN04083,2024-05-08,CUS0599,Pakistan,AGT006,Fatima Al Zaabi,1202.88,18,Card,SUCCESS
TXN01030,2024-05-08,CUS0510,Bangladesh,AGT001,Ahmed Al Mansoori,485.21,15,Card,SUCCESS
TXN01160,2024-05-08,CUS0644,Philippines,AGT004,Maria Santos,812.3,20,Cash,SUCCESS
TXN03833,2024-05-08,CUS0639,Pakistan,AGT003,Mohammad Raza,1048.66,18,Bank Transfer,SUCCESS
TXN01259,2024-05-09,CUS0788,Philippines,AGT002,Priya Sharma,709.65,20,Cash,SUCCESS
TXN02627,2024-05-09,CUS0475,Philippines,AGT008,Sarah Johnson,1278.91,20,Cash,SUCCESS
TXN01622,2024-05-09,CUS0375,Sri Lanka,AGT006,Fatima Al Zaabi,426.39,15,Card,SUCCESS
TXN02291,2024-05-09,CUS0267,Philippines,AGT003,Mohammad Raza,1369.5,20,Cash,SUCCESS
TXN04710,2024-05-09,CUS0172,Philippines,AGT006,Fatima Al Zaabi,889.54,20,Cash,SUCCESS
TXN03225,2024-05-09,CUS0499,India,AGT005,John Mathew,1302.15,25,Card,SUCCESS
TXN04924,2024-05-09,CUS0411,India,AGT001,Ahmed Al Mansoori,1709.11,25,Bank Transfer,SUCCESS
TXN00925,2024-05-09,CUS0511,India,AGT008,Sarah Johnson,1630.22,25,Cash,SUCCESS
TXN02534,2024-05-10,CUS0128,Pakistan,AGT005,John Mathew,579.52,18,Bank Transfer,SUCCESS
TXN02796,2024-05-10,CUS0054,Sri Lanka,AGT006,Fatima Al Zaabi,559.1,15,Card,SUCCESS
TXN03801,2024-05-10,CUS0718,Pakistan,AGT006,Fatima Al Zaabi,466.75,18,Card,SUCCESS
TXN04150,2024-05-10,CUS0711,Nepal,AGT004,Maria Santos,643.84,12,Cash,SUCCESS
TXN01016,2024-05-10,CUS0473,Pakistan,AGT007,Rajesh Kumar,847.5,18,Card,SUCCESS
TXN04171,2024-05-10,CUS0493,Sri Lanka,AGT007,Rajesh Kumar,402.87,0,Card,FAILED
TXN00862,2024-05-10,CUS0459,Philippines,AGT008,Sarah Johnson,490.75,20,Cash,SUCCESS
TXN00798,2024-05-10,CUS0461,Philippines,AGT002,Priya Sharma,1084.01,20,Cash,SUCCESS
TXN04005,2024-05-10,CUS0252,India,AGT004,Maria Santos,707.93,25,Cash,SUCCESS
TXN02701,2024-05-10,CUS0675,Bangladesh,AGT005,John Mathew,781.23,15,Cash,SUCCESS
TXN03905,2024-05-10,CUS0717,Philippines,AGT002,Priya Sharma,1335.99,20,Cash,SUCCESS
TXN02084,2024-05-11,CUS0444,Bangladesh,AGT002,Priya Sharma,217.8,15,Card,SUCCESS
TXN03742,2024-05-11,CUS0197,Bangladesh,AGT006,Fatima Al Zaabi,809.47,15,Card,SUCCESS
TXN00561,2024-05-11,CUS0050,Nepal,AGT001,Ahmed Al Mansoori,652.16,12,Card,SUCCESS
TXN03407,2024-05-11,CUS0407,Pakistan,AGT003,Mohammad Raza,963.7,18,Card,SUCCESS
TXN01005,2024-05-11,CUS0619,India,AGT002,Priya Sharma,1451.36,25,Card,SUCCESS
TXN02138,2024-05-11,CUS0707,Nepal,AGT003,Mohammad Raza,878.82,12,Bank Transfer,SUCCESS
TXN02128,2024-05-11,CUS0217,Pakistan,AGT001,Ahmed Al Mansoori,1067.44,18,Cash,SUCCESS
TXN01191,2024-05-11,CUS0416,Bangladesh,AGT004,Maria Santos,722.13,15,Cash,SUCCESS
TXN04360,2024-05-11,CUS0142,Bangladesh,AGT005,John Mathew,842.85,0,Card,FAILED
TXN03731,2024-05-12,CUS0702,Bangladesh,AGT007,Rajesh Kumar,880.18,15,Bank Transfer,SUCCESS
TXN00613,2024-05-12,CUS0697,Bangladesh,AGT003,Mohammad Raza,758.79,15,Card,SUCCESS
TXN00085,2024-05-12,CUS0785,Bangladesh,AGT005,John Mathew,530.22,15,Cash,SUCCESS
TXN00597,2024-05-12,CUS0292,Bangladesh,AGT002,Priya Sharma,643.33,0,Cash,FAILED
TXN01913,2024-05-12,CUS0695,Kenya,AGT001,Ahmed Al Mansoori,1131.84,20,Bank Transfer,SUCCESS
TXN01194,2024-05-12,CUS0675,Nepal,AGT005,John Mathew,657.56,12,Card,SUCCESS
TXN01946,2024-05-12,CUS0238,Kenya,AGT002,Priya Sharma,844.66,20,Cash,SUCCESS
TXN04511,2024-05-12,CUS0042,Pakistan,AGT007,Rajesh Kumar,515.12,18,Bank Transfer,SUCCESS
TXN04898,2024-05-12,CUS0783,India,AGT008,Sarah Johnson,796.78,25,Cash,SUCCESS
TXN01125,2024-05-12,CUS0711,Pakistan,AGT008,Sarah Johnson,1192.02,18,Cash,SUCCESS
TXN04421,2024-05-12,CUS0470,India,AGT001,Ahmed Al Mansoori,1693.09,0,Card,FAILED
TXN02648,2024-05-12,CUS0688,India,AGT005,John Mathew,694.0,25,Cash,SUCCESS
TXN00504,2024-05-12,CUS0768,India,AGT003,Mohammad Raza,1402.67,25,Cash,SUCCESS
TXN04954,2024-05-12,CUS0235,India,AGT003,Mohammad Raza,1549.04,25,Cash,SUCCESS
TXN02173,2024-05-12,CUS0144,India,AGT001,Ahmed Al Mansoori,1084.85,25,Cash,SUCCESS
TXN04480,2024-05-12,CUS0373,Bangladesh,AGT008,Sarah Johnson,921.32,15,Bank Transfer,SUCCESS
TXN04609,2024-05-12,CUS0741,India,AGT004,Maria Santos,1447.09,25,Cash,SUCCESS
TXN03660,2024-05-12,CUS0086,India,AGT007,Rajesh Kumar,1996.51,25,Cash,SUCCESS
TXN03717,2024-05-12,CUS0503,Bangladesh,AGT003,Mohammad Raza,1381.05,15,Bank Transfer,SUCCESS
TXN02183,2024-05-12,CUS0546,Sri Lanka,AGT006,Fatima Al Zaabi,709.41,15,Card,SUCCESS
TXN01874,2024-05-13,CUS0143,India,AGT001,Ahmed Al Mansoori,1480.68,25,Bank Transfer,SUCCESS
TXN02890,2024-05-13,CUS0314,India,AGT004,Maria Santos,1337.88,25,Cash,SUCCESS
TXN03636,2024-05-13,CUS0071,Nepal,AGT001,Ahmed Al Mansoori,648.03,12,Cash,SUCCESS
TXN02123,2024-05-13,CUS0339,India,AGT008,Sarah Johnson,1193.07,25,Card,SUCCESS
TXN03387,2024-05-13,CUS0271,Philippines,AGT003,Mohammad Raza,679.62,0,Cash,FAILED
TXN02435,2024-05-13,CUS0661,India,AGT001,Ahmed Al Mansoori,1281.11,25,Cash,SUCCESS
TXN04654,2024-05-13,CUS0083,Pakistan,AGT002,Priya Sharma,949.62,0,Card,FAILED
TXN00351,2024-05-13,CUS0772,Philippines,AGT008,Sarah Johnson,983.95,20,Cash,SUCCESS
TXN00529,2024-05-13,CUS0032,Nepal,AGT003,Mohammad Raza,646.75,12,Bank Transfer,SUCCESS
TXN00615,2024-05-13,CUS0121,Pakistan,AGT008,Sarah Johnson,1386.98,18,Bank Transfer,SUCCESS
TXN02736,2024-05-13,CUS0183,India,AGT003,Mohammad Raza,1008.85,0,Cash,FAILED
TXN02558,2024-05-13,CUS0225,Philippines,AGT003,Mohammad Raza,900.91,20,Card,SUCCESS
TXN01826,2024-05-13,CUS0178,Egypt,AGT005,John Mathew,1245.84,22,Card,SUCCESS
TXN01745,2024-05-13,CUS0085,Pakistan,AGT005,John Mathew,577.44,18,Card,SUCCESS
TXN01719,2024-05-14,CUS0462,Philippines,AGT001,Ahmed Al Mansoori,1091.55,20,Bank Transfer,SUCCESS
TXN01606,2024-05-14,CUS0683,Kenya,AGT004,Maria Santos,678.3,20,Cash,SUCCESS
TXN02218,2024-05-14,CUS0763,Pakistan,AGT002,Priya Sharma,784.13,18,Card,SUCCESS
TXN00017,2024-05-14,CUS0598,Bangladesh,AGT007,Rajesh Kumar,487.31,15,Cash,SUCCESS
TXN02221,2024-05-14,CUS0437,India,AGT006,Fatima Al Zaabi,1071.0,25,Bank Transfer,SUCCESS
TXN04752,2024-05-14,CUS0710,Philippines,AGT007,Rajesh Kumar,830.8,20,Bank Transfer,SUCCESS
TXN00463,2024-05-14,CUS0450,India,AGT002,Priya Sharma,948.1,25,Cash,SUCCESS
TXN04126,2024-05-14,CUS0522,India,AGT006,Fatima Al Zaabi,805.61,25,Cash,SUCCESS
TXN00449,2024-05-14,CUS0541,Pakistan,AGT008,Sarah Johnson,676.67,18,Cash,SUCCESS
TXN00637,2024-05-14,CUS0367,Nepal,AGT004,Maria Santos,748.17,12,Cash,SUCCESS
TXN00182,2024-05-14,CUS0111,Pakistan,AGT006,Fatima Al Zaabi,594.28,18,Cash,SUCCESS
TXN02371,2024-05-14,CUS0346,Philippines,AGT007,Rajesh Kumar,857.91,0,Card,FAILED
TXN01396,2024-05-14,CUS0568,Bangladesh,AGT006,Fatima Al Zaabi,738.78,15,Cash,SUCCESS
TXN02257,2024-05-14,CUS0215,Bangladesh,AGT003,Mohammad Raza,886.25,15,Bank Transfer,SUCCESS
TXN02516,2024-05-14,CUS0044,Philippines,AGT007,Rajesh Kumar,988.53,20,Card,SUCCESS
TXN02157,2024-05-14,CUS0380,Philippines,AGT005,John Mathew,798.7,20,Cash,SUCCESS
TXN00810,2024-05-14,CUS0671,Pakistan,AGT002,Priya Sharma,585.29,18,Cash,SUCCESS
TXN04230,2024-05-14,CUS0684,Philippines,AGT002,Priya Sharma,902.31,20,Card,SUCCESS
TXN02640,2024-05-15,CUS0235,India,AGT001,Ahmed Al Mansoori,1343.25,25,Card,SUCCESS
TXN03578,2024-05-15,CUS0269,Nepal,AGT001,Ahmed Al Mansoori,485.11,12,Bank Transfer,SUCCESS
TXN04929,2024-05-15,CUS0295,India,AGT006,Fatima Al Zaabi,735.4,25,Card,SUCCESS
TXN02799,2024-05-15,CUS0119,India,AGT001,Ahmed Al Mansoori,1070.53,25,Bank Transfer,SUCCESS
TXN00526,2024-05-15,CUS0162,Sri Lanka,AGT002,Priya Sharma,343.9,15,Cash,SUCCESS
TXN01316,2024-05-15,CUS0451,Pakistan,AGT007,Rajesh Kumar,485.16,18,Bank Transfer,SUCCESS
TXN03562,2024-05-15,CUS0214,India,AGT007,Rajesh Kumar,927.56,25,Bank Transfer,SUCCESS
TXN02203,2024-05-15,CUS0027,Pakistan,AGT001,Ahmed Al Mansoori,972.74,18,Bank Transfer,SUCCESS
TXN01781,2024-05-15,CUS0277,India,AGT007,Rajesh Kumar,693.73,25,Bank Transfer,SUCCESS
TXN00047,2024-05-15,CUS0469,Philippines,AGT005,John Mathew,775.63,20,Card,SUCCESS
TXN03651,2024-05-15,CUS0056,Philippines,AGT001,Ahmed Al Mansoori,1010.17,20,Card,SUCCESS
TXN03030,2024-05-15,CUS0027,Egypt,AGT007,Rajesh Kumar,1111.37,22,Card,SUCCESS
TXN03138,2024-05-15,CUS0273,Bangladesh,AGT006,Fatima Al Zaabi,485.56,15,Cash,SUCCESS
TXN02262,2024-05-15,CUS0360,Sri Lanka,AGT008,Sarah Johnson,840.97,15,Cash,SUCCESS
TXN00007,2024-05-15,CUS0550,Nepal,AGT008,Sarah Johnson,884.26,12,Bank Transfer,SUCCESS
TXN03468,2024-05-15,CUS0620,India,AGT001,Ahmed Al Mansoori,1247.49,25,Card,SUCCESS
TXN04508,2024-05-15,CUS0692,India,AGT007,Rajesh Kumar,1295.62,25,Cash,SUCCESS
TXN01262,2024-05-15,CUS0217,India,AGT003,Mohammad Raza,1227.36,25,Card,SUCCESS
TXN01235,2024-05-15,CUS0169,Philippines,AGT007,Rajesh Kumar,683.01,20,Bank Transfer,SUCCESS
TXN01575,2024-05-16,CUS0725,India,AGT006,Fatima Al Zaabi,1367.91,25,Card,SUCCESS
TXN00213,2024-05-16,CUS0720,India,AGT005,John Mathew,1543.44,25,Bank Transfer,SUCCESS
TXN00062,2024-05-16,CUS0392,India,AGT002,Priya Sharma,1133.16,25,Bank Transfer,SUCCESS
TXN02416,2024-05-16,CUS0797,India,AGT007,Rajesh Kumar,1297.74,25,Card,SUCCESS
TXN03257,2024-05-16,CUS0798,Philippines,AGT008,Sarah Johnson,662.11,20,Bank Transfer,SUCCESS
TXN02924,2024-05-16,CUS0159,Philippines,AGT007,Rajesh Kumar,882.67,20,Bank Transfer,SUCCESS
TXN00544,2024-05-16,CUS0783,Pakistan,AGT001,Ahmed Al Mansoori,1145.98,18,Cash,SUCCESS
TXN04796,2024-05-16,CUS0649,Egypt,AGT007,Rajesh Kumar,682.88,22,Cash,SUCCESS
TXN00011,2024-05-16,CUS0624,Bangladesh,AGT002,Priya Sharma,602.68,15,Card,SUCCESS
TXN02727,2024-05-16,CUS0464,Bangladesh,AGT006,Fatima Al Zaabi,912.41,15,Bank Transfer,SUCCESS
TXN01649,2024-05-16,CUS0022,Pakistan,AGT002,Priya Sharma,1084.97,18,Cash,SUCCESS
TXN02820,2024-05-16,CUS0587,India,AGT007,Rajesh Kumar,506.04,25,Cash,SUCCESS
TXN04955,2024-05-17,CUS0513,Bangladesh,AGT006,Fatima Al Zaabi,768.64,15,Card,SUCCESS
TXN03788,2024-05-17,CUS0459,Pakistan,AGT004,Maria Santos,587.54,18,Bank Transfer,SUCCESS
TXN00823,2024-05-17,CUS0187,Philippines,AGT002,Priya Sharma,1520.7,20,Cash,SUCCESS
TXN03082,2024-05-17,CUS0261,India,AGT007,Rajesh Kumar,1250.53,25,Cash,SUCCESS
TXN04079,2024-05-17,CUS0399,India,AGT006,Fatima Al Zaabi,1060.2,25,Card,SUCCESS
TXN04146,2024-05-17,CUS0435,Bangladesh,AGT002,Priya Sharma,147.55,15,Cash,SUCCESS
TXN04996,2024-05-17,CUS0637,Egypt,AGT004,Maria Santos,1083.84,22,Bank Transfer,SUCCESS
TXN04159,2024-05-17,CUS0075,Pakistan,AGT001,Ahmed Al Mansoori,644.04,18,Cash,SUCCESS
TXN04644,2024-05-17,CUS0592,India,AGT001,Ahmed Al Mansoori,1700.05,25,Cash,SUCCESS
TXN04559,2024-05-17,CUS0670,Pakistan,AGT001,Ahmed Al Mansoori,670.97,18,Bank Transfer,SUCCESS
TXN00599,2024-05-17,CUS0800,Pakistan,AGT001,Ahmed Al Mansoori,693.37,18,Card,SUCCESS
TXN04980,2024-05-17,CUS0103,Egypt,AGT001,Ahmed Al Mansoori,367.26,22,Cash,SUCCESS
TXN02043,2024-05-17,CUS0265,India,AGT004,Maria Santos,1011.33,25,Cash,SUCCESS
TXN03382,2024-05-18,CUS0048,Bangladesh,AGT003,Mohammad Raza,950.02,15,Cash,SUCCESS
TXN00635,2024-05-18,CUS0429,Pakistan,AGT003,Mohammad Raza,557.09,18,Cash,SUCCESS
TXN02652,2024-05-18,CUS0784,Kenya,AGT002,Priya Sharma,1383.0,20,Cash,SUCCESS
TXN03883,2024-05-18,CUS0352,Pakistan,AGT002,Priya Sharma,357.49,18,Card,SUCCESS
TXN04822,2024-05-18,CUS0317,Pakistan,AGT008,Sarah Johnson,755.88,18,Card,SUCCESS
TXN01082,2024-05-18,CUS0702,Bangladesh,AGT004,Maria Santos,626.66,15,Bank Transfer,SUCCESS
TXN04743,2024-05-18,CUS0764,Philippines,AGT002,Priya Sharma,900.44,0,Cash,FAILED
TXN03666,2024-05-18,CUS0485,Nepal,AGT005,John Mathew,373.58,12,Cash,SUCCESS
TXN02147,2024-05-18,CUS0337,Philippines,AGT003,Mohammad Raza,467.76,20,Card,SUCCESS
TXN04471,2024-05-18,CUS0536,Pakistan,AGT003,Mohammad Raza,877.56,18,Card,SUCCESS
TXN04085,2024-05-18,CUS0239,India,AGT001,Ahmed Al Mansoori,1672.02,25,Cash,SUCCESS
TXN03946,2024-05-18,CUS0455,Philippines,AGT001,Ahmed Al Mansoori,1146.64,20,Card,SUCCESS
TXN02545,2024-05-18,CUS0098,Nepal,AGT002,Priya Sharma,1036.81,12,Cash,SUCCESS
TXN03954,2024-05-18,CUS0686,Bangladesh,AGT007,Rajesh Kumar,819.81,15,Card,SUCCESS
TXN04985,2024-05-19,CUS0168,Philippines,AGT005,John Mathew,1052.51,20,Card,SUCCESS
TXN02550,2024-05-19,CUS0448,India,AGT008,Sarah Johnson,1951.84,25,Card,SUCCESS
TXN02240,2024-05-19,CUS0391,Egypt,AGT001,Ahmed Al Mansoori,1326.49,22,Cash,SUCCESS
TXN03338,2024-05-19,CUS0476,Pakistan,AGT003,Mohammad Raza,764.25,18,Cash,SUCCESS
TXN01760,2024-05-19,CUS0622,Nepal,AGT002,Priya Sharma,836.68,12,Cash,SUCCESS
TXN04845,2024-05-19,CUS0318,India,AGT008,Sarah Johnson,1619.89,25,Card,SUCCESS
TXN01452,2024-05-19,CUS0183,India,AGT006,Fatima Al Zaabi,1812.8,25,Cash,SUCCESS
TXN02682,2024-05-19,CUS0505,Pakistan,AGT004,Maria Santos,727.51,18,Cash,SUCCESS
TXN04858,2024-05-19,CUS0717,Philippines,AGT006,Fatima Al Zaabi,1156.18,20,Cash,SUCCESS
TXN02320,2024-05-19,CUS0426,Philippines,AGT001,Ahmed Al Mansoori,602.96,20,Cash,SUCCESS
TXN03164,2024-05-19,CUS0040,Kenya,AGT007,Rajesh Kumar,752.04,20,Cash,SUCCESS
TXN03076,2024-05-19,CUS0270,Philippines,AGT007,Rajesh Kumar,1390.88,20,Card,SUCCESS
TXN00646,2024-05-19,CUS0432,Nepal,AGT008,Sarah Johnson,550.91,12,Card,SUCCESS
TXN00276,2024-05-19,CUS0448,India,AGT006,Fatima Al Zaabi,1366.36,25,Card,SUCCESS
TXN01609,2024-05-20,CUS0437,Kenya,AGT003,Mohammad Raza,1042.08,0,Cash,FAILED
TXN04224,2024-05-20,CUS0135,Pakistan,AGT002,Priya Sharma,1082.84,18,Bank Transfer,SUCCESS
TXN04149,2024-05-20,CUS0716,Pakistan,AGT007,Rajesh Kumar,676.45,18,Card,SUCCESS
TXN01982,2024-05-20,CUS0271,Philippines,AGT002,Priya Sharma,527.5,20,Card,SUCCESS
TXN01201,2024-05-20,CUS0604,Philippines,AGT005,John Mathew,933.81,0,Card,FAILED
TXN00479,2024-05-20,CUS0257,India,AGT006,Fatima Al Zaabi,2308.4,25,Card,SUCCESS
TXN02005,2024-05-20,CUS0599,India,AGT007,Rajesh Kumar,518.3,25,Cash,SUCCESS
TXN04542,2024-05-20,CUS0182,India,AGT001,Ahmed Al Mansoori,1900.27,0,Card,FAILED
TXN04627,2024-05-20,CUS0106,India,AGT005,John Mathew,959.81,25,Cash,SUCCESS
TXN03791,2024-05-20,CUS0684,Philippines,AGT003,Mohammad Raza,1058.26,20,Card,SUCCESS
TXN00172,2024-05-20,CUS0621,India,AGT001,Ahmed Al Mansoori,906.31,25,Bank Transfer,SUCCESS
TXN01367,2024-05-20,CUS0508,India,AGT008,Sarah Johnson,1190.17,25,Card,SUCCESS
TXN01905,2024-05-20,CUS0669,Philippines,AGT005,John Mathew,871.03,20,Card,SUCCESS
TXN00734,2024-05-20,CUS0593,Nepal,AGT005,John Mathew,293.53,12,Cash,SUCCESS
TXN00202,2024-05-20,CUS0391,Pakistan,AGT006,Fatima Al Zaabi,934.59,18,Card,SUCCESS
TXN00334,2024-05-20,CUS0405,India,AGT007,Rajesh Kumar,956.22,25,Bank Transfer,SUCCESS
TXN04651,2024-05-20,CUS0683,Kenya,AGT007,Rajesh Kumar,879.14,20,Bank Transfer,SUCCESS
TXN02643,2024-05-20,CUS0017,Pakistan,AGT007,Rajesh Kumar,596.57,18,Bank Transfer,SUCCESS
TXN02163,2024-05-20,CUS0165,India,AGT004,Maria Santos,1379.36,25,Cash,SUCCESS
TXN03815,2024-05-20,CUS0609,India,AGT003,Mohammad Raza,744.78,0,Cash,FAILED
TXN00934,2024-05-20,CUS0538,India,AGT007,Rajesh Kumar,408.43,25,Cash,SUCCESS
TXN04271,2024-05-20,CUS0006,India,AGT004,Maria Santos,1152.43,25,Cash,SUCCESS
TXN02245,2024-05-21,CUS0430,Egypt,AGT006,Fatima Al Zaabi,1633.68,22,Cash,SUCCESS
TXN03673,2024-05-21,CUS0785,Nepal,AGT002,Priya Sharma,394.26,12,Card,SUCCESS
TXN00113,2024-05-21,CUS0088,Pakistan,AGT004,Maria Santos,814.46,18,Cash,SUCCESS
TXN02235,2024-05-21,CUS0127,India,AGT007,Rajesh Kumar,763.98,25,Card,SUCCESS
TXN04699,2024-05-21,CUS0320,Philippines,AGT002,Priya Sharma,934.1,20,Cash,SUCCESS
TXN00586,2024-05-21,CUS0040,Philippines,AGT007,Rajesh Kumar,967.02,20,Bank Transfer,SUCCESS
TXN02282,2024-05-21,CUS0731,Pakistan,AGT001,Ahmed Al Mansoori,637.38,18,Cash,SUCCESS
TXN03524,2024-05-21,CUS0635,Bangladesh,AGT005,John Mathew,1042.12,15,Bank Transfer,SUCCESS
TXN04885,2024-05-21,CUS0618,Philippines,AGT003,Mohammad Raza,1070.76,20,Card,SUCCESS
TXN04809,2024-05-21,CUS0533,Pakistan,AGT003,Mohammad Raza,1142.55,18,Card,SUCCESS
TXN04264,2024-05-21,CUS0437,Philippines,AGT006,Fatima Al Zaabi,821.23,20,Cash,SUCCESS
TXN01059,2024-05-21,CUS0153,India,AGT002,Priya Sharma,1395.7,25,Bank Transfer,SUCCESS
TXN03229,2024-05-21,CUS0225,Egypt,AGT003,Mohammad Raza,1357.19,22,Cash,SUCCESS
TXN01910,2024-05-21,CUS0131,India,AGT008,Sarah Johnson,1251.46,25,Cash,SUCCESS
TXN03356,2024-05-22,CUS0391,Pakistan,AGT005,John Mathew,760.25,18,Cash,SUCCESS
TXN02632,2024-05-22,CUS0428,Egypt,AGT003,Mohammad Raza,1252.85,0,Cash,FAILED
TXN03880,2024-05-22,CUS0056,Pakistan,AGT004,Maria Santos,752.89,18,Card,SUCCESS
TXN01631,2024-05-22,CUS0053,Egypt,AGT005,John Mathew,1259.96,22,Cash,SUCCESS
TXN00139,2024-05-22,CUS0651,India,AGT007,Rajesh Kumar,1492.87,25,Bank Transfer,SUCCESS
TXN03280,2024-05-22,CUS0782,Egypt,AGT001,Ahmed Al Mansoori,1282.84,22,Cash,SUCCESS
TXN03975,2024-05-22,CUS0545,India,AGT001,Ahmed Al Mansoori,1328.04,25,Card,SUCCESS
TXN04588,2024-05-22,CUS0344,Pakistan,AGT007,Rajesh Kumar,1020.54,18,Cash,SUCCESS
TXN00332,2024-05-22,CUS0305,Pakistan,AGT004,Maria Santos,584.66,18,Card,SUCCESS
TXN02133,2024-05-22,CUS0666,Pakistan,AGT002,Priya Sharma,961.49,18,Cash,SUCCESS
TXN04411,2024-05-22,CUS0692,India,AGT005,John Mathew,959.4,25,Cash,SUCCESS
TXN03567,2024-05-22,CUS0784,Egypt,AGT008,Sarah Johnson,1175.59,22,Cash,SUCCESS
TXN04660,2024-05-22,CUS0662,India,AGT001,Ahmed Al Mansoori,911.18,25,Cash,SUCCESS
TXN04076,2024-05-22,CUS0276,Bangladesh,AGT004,Maria Santos,723.76,15,Cash,SUCCESS
TXN03144,2024-05-22,CUS0182,Nepal,AGT008,Sarah Johnson,491.49,12,Bank Transfer,SUCCESS
TXN01203,2024-05-22,CUS0372,Sri Lanka,AGT003,Mohammad Raza,777.52,15,Cash,SUCCESS
TXN03961,2024-05-22,CUS0676,Pakistan,AGT001,Ahmed Al Mansoori,624.41,18,Card,SUCCESS
TXN03433,2024-05-22,CUS0668,Pakistan,AGT002,Priya Sharma,925.34,18,Card,SUCCESS
TXN01952,2024-05-22,CUS0363,Bangladesh,AGT002,Priya Sharma,965.0,15,Card,SUCCESS
TXN03119,2024-05-22,CUS0449,Egypt,AGT007,Rajesh Kumar,1446.07,22,Cash,SUCCESS
TXN00065,2024-05-22,CUS0696,Philippines,AGT007,Rajesh Kumar,1119.38,20,Card,SUCCESS
TXN00037,2024-05-22,CUS0454,Philippines,AGT002,Priya Sharma,956.39,20,Bank Transfer,SUCCESS
TXN03787,2024-05-22,CUS0394,India,AGT001,Ahmed Al Mansoori,1313.89,25,Card,SUCCESS
TXN03373,2024-05-23,CUS0186,Philippines,AGT006,Fatima Al Zaabi,1291.75,20,Cash,SUCCESS
TXN00786,2024-05-23,CUS0056,Philippines,AGT003,Mohammad Raza,1191.81,20,Cash,SUCCESS
TXN03600,2024-05-23,CUS0508,Bangladesh,AGT002,Priya Sharma,652.23,15,Cash,SUCCESS
TXN00428,2024-05-23,CUS0374,Nepal,AGT007,Rajesh Kumar,723.49,0,Card,FAILED
TXN01359,2024-05-23,CUS0197,Bangladesh,AGT006,Fatima Al Zaabi,389.43,15,Card,SUCCESS
TXN01758,2024-05-23,CUS0598,Kenya,AGT002,Priya Sharma,1221.57,20,Card,SUCCESS
TXN00407,2024-05-23,CUS0184,Sri Lanka,AGT001,Ahmed Al Mansoori,509.79,15,Cash,SUCCESS
TXN00997,2024-05-23,CUS0536,Philippines,AGT002,Priya Sharma,1385.38,20,Cash,SUCCESS
TXN01404,2024-05-23,CUS0215,Sri Lanka,AGT008,Sarah Johnson,911.76,15,Card,SUCCESS
TXN03431,2024-05-24,CUS0093,Bangladesh,AGT002,Priya Sharma,797.97,15,Card,SUCCESS
TXN04041,2024-05-24,CUS0323,Pakistan,AGT005,John Mathew,849.14,18,Card,SUCCESS
TXN01539,2024-05-24,CUS0718,India,AGT004,Maria Santos,778.83,25,Cash,SUCCESS
TXN04238,2024-05-24,CUS0091,India,AGT005,John Mathew,1074.97,25,Bank Transfer,SUCCESS
TXN04383,2024-05-24,CUS0066,India,AGT004,Maria Santos,959.93,25,Cash,SUCCESS
TXN01572,2024-05-24,CUS0050,Pakistan,AGT002,Priya Sharma,498.97,18,Bank Transfer,SUCCESS
TXN00313,2024-05-24,CUS0293,Philippines,AGT008,Sarah Johnson,1122.86,20,Bank Transfer,SUCCESS
TXN00513,2024-05-24,CUS0336,Bangladesh,AGT005,John Mathew,649.82,15,Cash,SUCCESS
TXN01151,2024-05-25,CUS0704,Philippines,AGT005,John Mathew,632.32,20,Cash,SUCCESS
TXN02066,2024-05-25,CUS0036,India,AGT008,Sarah Johnson,990.21,25,Bank Transfer,SUCCESS
TXN01323,2024-05-25,CUS0003,India,AGT008,Sarah Johnson,1174.62,25,Cash,SUCCESS
TXN02325,2024-05-25,CUS0584,Pakistan,AGT005,John Mathew,798.66,18,Card,SUCCESS
TXN01243,2024-05-25,CUS0404,Bangladesh,AGT002,Priya Sharma,577.85,15,Bank Transfer,SUCCESS
TXN01020,2024-05-25,CUS0025,India,AGT001,Ahmed Al Mansoori,1352.7,25,Cash,SUCCESS
TXN04994,2024-05-25,CUS0128,India,AGT004,Maria Santos,1404.04,25,Cash,SUCCESS
TXN03332,2024-05-25,CUS0002,Philippines,AGT001,Ahmed Al Mansoori,482.65,20,Bank Transfer,SUCCESS
TXN01240,2024-05-25,CUS0768,India,AGT003,Mohammad Raza,1786.22,25,Cash,SUCCESS
TXN01848,2024-05-25,CUS0012,Philippines,AGT007,Rajesh Kumar,666.13,20,Cash,SUCCESS
TXN02817,2024-05-25,CUS0418,Nepal,AGT006,Fatima Al Zaabi,686.77,12,Cash,SUCCESS
TXN02898,2024-05-25,CUS0037,Kenya,AGT002,Priya Sharma,1441.54,20,Cash,SUCCESS
TXN03819,2024-05-25,CUS0735,Pakistan,AGT001,Ahmed Al Mansoori,704.56,18,Cash,SUCCESS
TXN01614,2024-05-26,CUS0442,Philippines,AGT002,Priya Sharma,878.98,20,Bank Transfer,SUCCESS
TXN00399,2024-05-26,CUS0184,India,AGT007,Rajesh Kumar,1158.77,0,Cash,FAILED
TXN03312,2024-05-26,CUS0585,Pakistan,AGT004,Maria Santos,907.87,18,Cash,SUCCESS
TXN00041,2024-05-26,CUS0159,Philippines,AGT008,Sarah Johnson,1099.39,20,Cash,SUCCESS
TXN00678,2024-05-26,CUS0014,Sri Lanka,AGT007,Rajesh Kumar,1144.26,15,Cash,SUCCESS
TXN03268,2024-05-26,CUS0667,India,AGT005,John Mathew,1063.92,25,Cash,SUCCESS
TXN00680,2024-05-26,CUS0064,Bangladesh,AGT003,Mohammad Raza,967.03,15,Cash,SUCCESS
TXN04706,2024-05-26,CUS0285,Sri Lanka,AGT006,Fatima Al Zaabi,721.05,15,Card,SUCCESS
TXN01293,2024-05-26,CUS0273,Philippines,AGT002,Priya Sharma,898.36,20,Card,SUCCESS
TXN00173,2024-05-26,CUS0622,Bangladesh,AGT004,Maria Santos,683.81,15,Cash,SUCCESS
TXN01863,2024-05-26,CUS0445,India,AGT003,Mohammad Raza,1485.66,25,Bank Transfer,SUCCESS
TXN03243,2024-05-26,CUS0308,Bangladesh,AGT005,John Mathew,349.59,15,Cash,SUCCESS
TXN00289,2024-05-26,CUS0205,Bangladesh,AGT008,Sarah Johnson,759.01,15,Bank Transfer,SUCCESS
TXN04976,2024-05-26,CUS0430,India,AGT002,Priya Sharma,705.42,25,Cash,SUCCESS
TXN01277,2024-05-27,CUS0353,Bangladesh,AGT008,Sarah Johnson,1187.06,15,Card,SUCCESS
TXN01945,2024-05-27,CUS0230,India,AGT008,Sarah Johnson,1423.77,25,Cash,SUCCESS
TXN01439,2024-05-27,CUS0356,Pakistan,AGT008,Sarah Johnson,917.83,18,Card,SUCCESS
TXN00162,2024-05-27,CUS0445,Kenya,AGT002,Priya Sharma,1174.32,20,Card,SUCCESS
TXN02526,2024-05-27,CUS0321,Pakistan,AGT004,Maria Santos,915.85,18,Cash,SUCCESS
TXN00884,2024-05-27,CUS0313,India,AGT002,Priya Sharma,1575.9,25,Cash,SUCCESS
TXN02335,2024-05-27,CUS0561,Pakistan,AGT003,Mohammad Raza,1013.69,18,Cash,SUCCESS
TXN02865,2024-05-27,CUS0163,Nepal,AGT001,Ahmed Al Mansoori,673.55,12,Bank Transfer,SUCCESS
TXN00924,2024-05-27,CUS0135,Pakistan,AGT002,Priya Sharma,631.97,18,Cash,SUCCESS
TXN04691,2024-05-28,CUS0251,Bangladesh,AGT006,Fatima Al Zaabi,682.63,15,Bank Transfer,SUCCESS
TXN04056,2024-05-28,CUS0394,India,AGT001,Ahmed Al Mansoori,1274.29,25,Bank Transfer,SUCCESS
TXN01837,2024-05-28,CUS0063,Pakistan,AGT006,Fatima Al Zaabi,525.51,18,Card,SUCCESS
TXN00345,2024-05-28,CUS0306,Sri Lanka,AGT001,Ahmed Al Mansoori,644.02,15,Cash,SUCCESS
TXN04492,2024-05-28,CUS0790,India,AGT007,Rajesh Kumar,855.28,25,Card,SUCCESS
TXN04910,2024-05-28,CUS0429,Pakistan,AGT006,Fatima Al Zaabi,602.35,18,Cash,SUCCESS
TXN02637,2024-05-28,CUS0046,Pakistan,AGT008,Sarah Johnson,845.75,18,Cash,SUCCESS
TXN04907,2024-05-28,CUS0466,India,AGT001,Ahmed Al Mansoori,1021.25,25,Bank Transfer,SUCCESS
TXN02316,2024-05-28,CUS0676,India,AGT004,Maria Santos,1351.77,25,Bank Transfer,SUCCESS
TXN00222,2024-05-28,CUS0510,India,AGT001,Ahmed Al Mansoori,527.78,25,Cash,SUCCESS
TXN04018,2024-05-28,CUS0575,India,AGT003,Mohammad Raza,1450.62,25,Cash,SUCCESS
TXN03403,2024-05-28,CUS0019,India,AGT008,Sarah Johnson,1270.37,25,Bank Transfer,SUCCESS
TXN02767,2024-05-28,CUS0791,Philippines,AGT001,Ahmed Al Mansoori,890.92,20,Cash,SUCCESS
TXN01974,2024-05-28,CUS0340,Nepal,AGT006,Fatima Al Zaabi,635.05,12,Card,SUCCESS
TXN01588,2024-05-28,CUS0272,India,AGT005,John Mathew,1067.87,25,Card,SUCCESS
TXN04868,2024-05-29,CUS0048,Philippines,AGT008,Sarah Johnson,890.19,20,Cash,SUCCESS
TXN02118,2024-05-29,CUS0373,Nepal,AGT001,Ahmed Al Mansoori,421.02,12,Bank Transfer,SUCCESS
TXN04312,2024-05-29,CUS0085,Philippines,AGT004,Maria Santos,428.66,20,Card,SUCCESS
TXN04658,2024-05-29,CUS0210,India,AGT003,Mohammad Raza,861.23,25,Cash,SUCCESS
TXN00819,2024-05-29,CUS0562,Pakistan,AGT001,Ahmed Al Mansoori,819.75,18,Cash,SUCCESS
TXN04350,2024-05-29,CUS0226,India,AGT008,Sarah Johnson,998.13,25,Cash,SUCCESS
TXN04362,2024-05-29,CUS0564,Sri Lanka,AGT008,Sarah Johnson,564.46,15,Card,SUCCESS
TXN03617,2024-05-29,CUS0088,Pakistan,AGT003,Mohammad Raza,563.41,18,Cash,SUCCESS
TXN02333,2024-05-29,CUS0189,Philippines,AGT004,Maria Santos,490.17,20,Cash,SUCCESS
TXN03516,2024-05-29,CUS0509,India,AGT007,Rajesh Kumar,1371.16,0,Cash,FAILED
TXN02242,2024-05-29,CUS0091,India,AGT002,Priya Sharma,1410.39,25,Card,SUCCESS
TXN01003,2024-05-29,CUS0294,Nepal,AGT001,Ahmed Al Mansoori,610.73,12,Cash,SUCCESS
TXN02612,2024-05-29,CUS0696,Kenya,AGT006,Fatima Al Zaabi,625.76,20,Bank Transfer,SUCCESS
TXN04095,2024-05-29,CUS0102,Egypt,AGT004,Maria Santos,1507.47,22,Cash,SUCCESS
TXN03005,2024-05-29,CUS0102,India,AGT007,Rajesh Kumar,1400.36,0,Cash,FAILED
TXN03625,2024-05-29,CUS0465,Bangladesh,AGT007,Rajesh Kumar,1098.53,15,Cash,SUCCESS
TXN03345,2024-05-29,CUS0727,Bangladesh,AGT005,John Mathew,497.41,15,Cash,SUCCESS
TXN01634,2024-05-30,CUS0641,India,AGT001,Ahmed Al Mansoori,1570.79,25,Bank Transfer,SUCCESS
TXN04024,2024-05-30,CUS0507,India,AGT005,John Mathew,1482.09,25,Card,SUCCESS
TXN02268,2024-05-30,CUS0332,Pakistan,AGT002,Priya Sharma,876.72,18,Cash,SUCCESS
TXN00842,2024-05-30,CUS0195,Pakistan,AGT008,Sarah Johnson,961.96,18,Card,SUCCESS
TXN04671,2024-05-30,CUS0151,Pakistan,AGT006,Fatima Al Zaabi,956.55,18,Bank Transfer,SUCCESS
TXN02789,2024-05-30,CUS0766,India,AGT007,Rajesh Kumar,1035.8,0,Cash,FAILED
TXN03750,2024-05-30,CUS0117,India,AGT006,Fatima Al Zaabi,669.31,25,Bank Transfer,SUCCESS
TXN01925,2024-05-30,CUS0249,Egypt,AGT006,Fatima Al Zaabi,1784.45,22,Bank Transfer,SUCCESS
TXN01001,2024-05-30,CUS0712,India,AGT001,Ahmed Al Mansoori,1703.77,25,Card,SUCCESS
TXN01918,2024-05-30,CUS0378,Pakistan,AGT003,Mohammad Raza,651.0,0,Bank Transfer,FAILED
TXN03428,2024-05-31,CUS0626,Pakistan,AGT002,Priya Sharma,1132.29,18,Bank Transfer,SUCCESS
TXN04912,2024-05-31,CUS0697,Philippines,AGT005,John Mathew,1257.82,0,Cash,FAILED
TXN01650,2024-05-31,CUS0146,India,AGT007,Rajesh Kumar,2132.24,0,Cash,FAILED
TXN04574,2024-05-31,CUS0616,Philippines,AGT002,Priya Sharma,742.2,20,Card,SUCCESS
TXN03899,2024-05-31,CUS0306,Nepal,AGT003,Mohammad Raza,677.28,12,Bank Transfer,SUCCESS
TXN02845,2024-05-31,CUS0744,India,AGT001,Ahmed Al Mansoori,1278.04,25,Bank Transfer,SUCCESS
TXN03890,2024-05-31,CUS0771,Nepal,AGT006,Fatima Al Zaabi,752.93,12,Card,SUCCESS
TXN00538,2024-05-31,CUS0063,Philippines,AGT008,Sarah Johnson,796.17,20,Cash,SUCCESS
TXN02039,2024-05-31,CUS0271,India,AGT008,Sarah Johnson,1190.79,25,Cash,SUCCESS
TXN04000,2024-05-31,CUS0776,Philippines,AGT003,Mohammad Raza,997.37,20,Bank Transfer,SUCCESS
TXN03162,2024-05-31,CUS0449,India,AGT006,Fatima Al Zaabi,1364.13,25,Card,SUCCESS
TXN02760,2024-05-31,CUS0418,Bangladesh,AGT005,John Mathew,830.77,15,Cash,SUCCESS
TXN00440,2024-05-31,CUS0119,Philippines,AGT002,Priya Sharma,885.0,20,Card,SUCCESS
TXN02447,2024-06-01,CUS0608,Nepal,AGT004,Maria Santos,652.96,12,Cash,SUCCESS
TXN03362,2024-06-01,CUS0407,India,AGT006,Fatima Al Zaabi,592.56,25,Cash,SUCCESS
TXN01744,2024-06-01,CUS0744,India,AGT004,Maria Santos,1618.28,25,Card,SUCCESS
TXN04571,2024-06-01,CUS0181,Nepal,AGT007,Rajesh Kumar,492.65,12,Cash,SUCCESS
TXN03887,2024-06-01,CUS0209,India,AGT001,Ahmed Al Mansoori,409.39,25,Card,SUCCESS
TXN02456,2024-06-01,CUS0310,Bangladesh,AGT002,Priya Sharma,1012.32,15,Cash,SUCCESS
TXN03707,2024-06-01,CUS0075,Nepal,AGT007,Rajesh Kumar,505.58,0,Bank Transfer,FAILED
TXN00605,2024-06-01,CUS0066,Bangladesh,AGT008,Sarah Johnson,786.82,15,Cash,SUCCESS
TXN04080,2024-06-01,CUS0476,India,AGT001,Ahmed Al Mansoori,1089.98,25,Card,SUCCESS
TXN02868,2024-06-01,CUS0754,Sri Lanka,AGT006,Fatima Al Zaabi,550.5,15,Card,SUCCESS
TXN01181,2024-06-01,CUS0232,Kenya,AGT007,Rajesh Kumar,1001.27,20,Bank Transfer,SUCCESS
TXN00607,2024-06-01,CUS0059,India,AGT004,Maria Santos,921.44,25,Bank Transfer,SUCCESS
TXN01440,2024-06-01,CUS0426,Philippines,AGT003,Mohammad Raza,1098.42,20,Bank Transfer,SUCCESS
TXN04490,2024-06-02,CUS0158,Philippines,AGT004,Maria Santos,900.36,0,Card,FAILED
TXN01483,2024-06-02,CUS0567,Pakistan,AGT003,Mohammad Raza,1214.47,18,Cash,SUCCESS
TXN04792,2024-06-02,CUS0342,Pakistan,AGT002,Priya Sharma,704.03,18,Cash,SUCCESS
TXN03560,2024-06-02,CUS0044,Philippines,AGT005,John Mathew,549.21,20,Bank Transfer,SUCCESS
TXN01189,2024-06-02,CUS0327,Nepal,AGT007,Rajesh Kumar,699.01,12,Bank Transfer,SUCCESS
TXN04531,2024-06-02,CUS0231,India,AGT006,Fatima Al Zaabi,1260.49,25,Cash,SUCCESS
TXN00321,2024-06-02,CUS0726,Pakistan,AGT008,Sarah Johnson,823.28,18,Cash,SUCCESS
TXN04798,2024-06-02,CUS0110,Pakistan,AGT002,Priya Sharma,332.15,18,Cash,SUCCESS
TXN01184,2024-06-02,CUS0205,Philippines,AGT006,Fatima Al Zaabi,475.96,20,Cash,SUCCESS
TXN00402,2024-06-02,CUS0670,Bangladesh,AGT002,Priya Sharma,574.13,15,Card,SUCCESS
TXN02196,2024-06-02,CUS0667,India,AGT002,Priya Sharma,961.69,25,Cash,SUCCESS
TXN04404,2024-06-02,CUS0005,Philippines,AGT004,Maria Santos,994.12,20,Cash,SUCCESS
TXN02231,2024-06-02,CUS0726,India,AGT005,John Mathew,953.53,25,Cash,SUCCESS
TXN03774,2024-06-02,CUS0635,Sri Lanka,AGT004,Maria Santos,579.07,0,Cash,FAILED
TXN01390,2024-06-02,CUS0108,Philippines,AGT003,Mohammad Raza,696.58,20,Card,SUCCESS
TXN01230,2024-06-03,CUS0136,Kenya,AGT006,Fatima Al Zaabi,1580.0,20,Card,SUCCESS
TXN04989,2024-06-03,CUS0413,Philippines,AGT004,Maria Santos,952.0,20,Cash,SUCCESS
TXN02056,2024-06-03,CUS0242,India,AGT003,Mohammad Raza,905.07,25,Cash,SUCCESS
TXN04933,2024-06-03,CUS0342,Kenya,AGT006,Fatima Al Zaabi,1387.33,20,Cash,SUCCESS
TXN01416,2024-06-03,CUS0196,Bangladesh,AGT005,John Mathew,894.85,15,Bank Transfer,SUCCESS
TXN04361,2024-06-03,CUS0005,Philippines,AGT006,Fatima Al Zaabi,983.0,20,Card,SUCCESS
TXN01120,2024-06-03,CUS0506,Nepal,AGT005,John Mathew,789.12,12,Cash,SUCCESS
TXN03042,2024-06-03,CUS0128,Philippines,AGT005,John Mathew,942.38,20,Cash,SUCCESS
TXN04711,2024-06-03,CUS0193,Nepal,AGT001,Ahmed Al Mansoori,490.5,12,Cash,SUCCESS
TXN02065,2024-06-03,CUS0394,Philippines,AGT006,Fatima Al Zaabi,971.65,20,Cash,SUCCESS
TXN01463,2024-06-03,CUS0105,Bangladesh,AGT008,Sarah Johnson,656.11,15,Card,SUCCESS
TXN04666,2024-06-03,CUS0645,Philippines,AGT002,Priya Sharma,857.41,20,Card,SUCCESS
TXN00384,2024-06-04,CUS0217,Kenya,AGT001,Ahmed Al Mansoori,800.16,20,Bank Transfer,SUCCESS
TXN04890,2024-06-04,CUS0155,India,AGT002,Priya Sharma,1428.95,25,Cash,SUCCESS
TXN00125,2024-06-04,CUS0122,India,AGT004,Maria Santos,1411.27,25,Cash,SUCCESS
TXN02360,2024-06-04,CUS0156,India,AGT003,Mohammad Raza,1347.12,25,Cash,SUCCESS
TXN04513,2024-06-04,CUS0321,India,AGT006,Fatima Al Zaabi,987.92,25,Cash,SUCCESS
TXN04052,2024-06-04,CUS0177,Egypt,AGT005,John Mathew,1159.81,22,Bank Transfer,SUCCESS
TXN04199,2024-06-04,CUS0306,India,AGT007,Rajesh Kumar,117.25,25,Cash,SUCCESS
TXN04735,2024-06-04,CUS0612,India,AGT003,Mohammad Raza,1304.74,25,Cash,SUCCESS
TXN01479,2024-06-04,CUS0651,India,AGT008,Sarah Johnson,880.5,25,Bank Transfer,SUCCESS
TXN01360,2024-06-04,CUS0240,Nepal,AGT004,Maria Santos,633.0,12,Bank Transfer,SUCCESS
TXN00915,2024-06-04,CUS0473,Bangladesh,AGT005,John Mathew,679.99,15,Cash,SUCCESS
TXN03186,2024-06-04,CUS0209,Bangladesh,AGT001,Ahmed Al Mansoori,979.42,15,Card,SUCCESS
TXN04162,2024-06-04,CUS0124,India,AGT007,Rajesh Kumar,1372.74,25,Cash,SUCCESS
TXN01167,2024-06-04,CUS0504,Sri Lanka,AGT003,Mohammad Raza,1061.46,15,Cash,SUCCESS
TXN03484,2024-06-04,CUS0135,Egypt,AGT005,John Mathew,1078.82,22,Bank Transfer,SUCCESS
TXN01301,2024-06-04,CUS0353,Bangladesh,AGT006,Fatima Al Zaabi,559.7,0,Cash,FAILED
TXN02932,2024-06-04,CUS0243,India,AGT003,Mohammad Raza,1036.01,25,Cash,SUCCESS
TXN00588,2024-06-04,CUS0713,India,AGT008,Sarah Johnson,894.06,25,Bank Transfer,SUCCESS
TXN03657,2024-06-05,CUS0451,Pakistan,AGT003,Mohammad Raza,801.72,18,Cash,SUCCESS
TXN03346,2024-06-05,CUS0584,Pakistan,AGT007,Rajesh Kumar,1190.83,18,Card,SUCCESS
TXN02481,2024-06-05,CUS0311,India,AGT007,Rajesh Kumar,981.89,25,Card,SUCCESS
TXN04613,2024-06-05,CUS0139,Philippines,AGT008,Sarah Johnson,1289.33,20,Bank Transfer,SUCCESS
TXN03474,2024-06-05,CUS0634,Pakistan,AGT004,Maria Santos,545.45,18,Cash,SUCCESS
TXN00280,2024-06-05,CUS0171,Philippines,AGT007,Rajesh Kumar,795.97,20,Cash,SUCCESS
TXN01321,2024-06-05,CUS0302,Kenya,AGT005,John Mathew,966.15,20,Card,SUCCESS
TXN01097,2024-06-05,CUS0233,India,AGT005,John Mathew,1228.31,25,Bank Transfer,SUCCESS
TXN02153,2024-06-05,CUS0106,India,AGT008,Sarah Johnson,1207.52,25,Bank Transfer,SUCCESS
TXN01423,2024-06-05,CUS0512,Egypt,AGT001,Ahmed Al Mansoori,979.57,22,Bank Transfer,SUCCESS
TXN04495,2024-06-05,CUS0370,India,AGT001,Ahmed Al Mansoori,1508.41,25,Cash,SUCCESS
TXN01571,2024-06-05,CUS0098,Pakistan,AGT008,Sarah Johnson,990.62,18,Card,SUCCESS
TXN03503,2024-06-06,CUS0459,Pakistan,AGT005,John Mathew,810.85,18,Cash,SUCCESS
TXN03670,2024-06-06,CUS0561,Bangladesh,AGT007,Rajesh Kumar,771.12,15,Cash,SUCCESS
TXN03064,2024-06-06,CUS0197,Bangladesh,AGT004,Maria Santos,588.84,15,Bank Transfer,SUCCESS
TXN00518,2024-06-06,CUS0430,India,AGT004,Maria Santos,848.08,25,Cash,SUCCESS
TXN02407,2024-06-06,CUS0646,Pakistan,AGT006,Fatima Al Zaabi,488.1,18,Card,SUCCESS
TXN01204,2024-06-06,CUS0758,India,AGT001,Ahmed Al Mansoori,1395.59,25,Bank Transfer,SUCCESS
TXN00417,2024-06-06,CUS0105,Philippines,AGT005,John Mathew,1318.81,20,Cash,SUCCESS
TXN03938,2024-06-06,CUS0728,Philippines,AGT002,Priya Sharma,540.15,20,Cash,SUCCESS
TXN02523,2024-06-06,CUS0524,Sri Lanka,AGT008,Sarah Johnson,832.68,15,Card,SUCCESS
TXN01723,2024-06-06,CUS0717,Philippines,AGT002,Priya Sharma,1099.48,20,Bank Transfer,SUCCESS
TXN01045,2024-06-06,CUS0468,Nepal,AGT002,Priya Sharma,568.93,12,Bank Transfer,SUCCESS
TXN04625,2024-06-06,CUS0719,Philippines,AGT006,Fatima Al Zaabi,996.19,20,Cash,SUCCESS
TXN03424,2024-06-07,CUS0690,Kenya,AGT003,Mohammad Raza,1069.19,0,Card,FAILED
TXN00245,2024-06-07,CUS0131,Pakistan,AGT006,Fatima Al Zaabi,511.93,18,Bank Transfer,SUCCESS
TXN02264,2024-06-07,CUS0775,Egypt,AGT005,John Mathew,746.55,22,Cash,SUCCESS
TXN01251,2024-06-07,CUS0368,Egypt,AGT003,Mohammad Raza,1209.19,22,Bank Transfer,SUCCESS
TXN01641,2024-06-07,CUS0404,India,AGT003,Mohammad Raza,1208.72,25,Cash,SUCCESS
TXN03945,2024-06-07,CUS0294,India,AGT008,Sarah Johnson,1051.6,25,Cash,SUCCESS
TXN04965,2024-06-07,CUS0575,Egypt,AGT005,John Mathew,883.62,22,Bank Transfer,SUCCESS
TXN02585,2024-06-07,CUS0012,Egypt,AGT003,Mohammad Raza,1461.83,22,Cash,SUCCESS
TXN02621,2024-06-07,CUS0247,Pakistan,AGT004,Maria Santos,969.08,18,Card,SUCCESS
TXN02650,2024-06-07,CUS0079,Kenya,AGT002,Priya Sharma,1207.15,20,Bank Transfer,SUCCESS
TXN02149,2024-06-07,CUS0775,Pakistan,AGT002,Priya Sharma,775.22,18,Cash,SUCCESS
TXN03172,2024-06-07,CUS0240,Bangladesh,AGT002,Priya Sharma,827.73,15,Cash,SUCCESS
TXN00592,2024-06-08,CUS0139,Bangladesh,AGT007,Rajesh Kumar,599.69,15,Card,SUCCESS
TXN01990,2024-06-08,CUS0038,Bangladesh,AGT003,Mohammad Raza,790.7,15,Card,SUCCESS
TXN03222,2024-06-08,CUS0527,Sri Lanka,AGT002,Priya Sharma,920.44,15,Card,SUCCESS
TXN01987,2024-06-08,CUS0098,India,AGT002,Priya Sharma,1461.03,25,Cash,SUCCESS
TXN04784,2024-06-08,CUS0452,Sri Lanka,AGT007,Rajesh Kumar,529.84,15,Cash,SUCCESS
TXN00958,2024-06-08,CUS0655,India,AGT005,John Mathew,1364.43,25,Cash,SUCCESS
TXN04992,2024-06-08,CUS0516,India,AGT008,Sarah Johnson,1445.96,25,Bank Transfer,SUCCESS
TXN03957,2024-06-08,CUS0019,India,AGT005,John Mathew,1166.54,25,Cash,SUCCESS
TXN00029,2024-06-08,CUS0449,Philippines,AGT006,Fatima Al Zaabi,737.83,20,Cash,SUCCESS
TXN00898,2024-06-08,CUS0460,Egypt,AGT006,Fatima Al Zaabi,1148.42,22,Cash,SUCCESS
TXN04262,2024-06-08,CUS0143,Sri Lanka,AGT001,Ahmed Al Mansoori,685.47,15,Cash,SUCCESS
TXN00999,2024-06-08,CUS0548,Pakistan,AGT006,Fatima Al Zaabi,662.92,18,Cash,SUCCESS
TXN00210,2024-06-08,CUS0159,Philippines,AGT004,Maria Santos,1940.24,20,Cash,SUCCESS
TXN03426,2024-06-09,CUS0654,Philippines,AGT007,Rajesh Kumar,1187.26,20,Bank Transfer,SUCCESS
TXN00225,2024-06-09,CUS0727,Pakistan,AGT007,Rajesh Kumar,686.74,18,Cash,SUCCESS
TXN04045,2024-06-09,CUS0612,India,AGT005,John Mathew,1535.68,25,Card,SUCCESS
TXN01701,2024-06-09,CUS0519,Philippines,AGT007,Rajesh Kumar,994.67,20,Bank Transfer,SUCCESS
TXN01149,2024-06-09,CUS0533,India,AGT002,Priya Sharma,1774.02,25,Card,SUCCESS
TXN02425,2024-06-09,CUS0467,India,AGT005,John Mathew,648.8,25,Card,SUCCESS
TXN00206,2024-06-09,CUS0157,Pakistan,AGT006,Fatima Al Zaabi,574.92,18,Cash,SUCCESS
TXN04282,2024-06-09,CUS0150,India,AGT008,Sarah Johnson,655.72,25,Card,SUCCESS
TXN02396,2024-06-09,CUS0234,Pakistan,AGT004,Maria Santos,452.09,18,Cash,SUCCESS
TXN00452,2024-06-09,CUS0120,India,AGT005,John Mathew,1543.85,25,Card,SUCCESS
TXN02538,2024-06-09,CUS0126,India,AGT003,Mohammad Raza,1530.64,25,Bank Transfer,SUCCESS
TXN01196,2024-06-09,CUS0417,Pakistan,AGT002,Priya Sharma,905.71,18,Card,SUCCESS
TXN02411,2024-06-09,CUS0288,Pakistan,AGT008,Sarah Johnson,996.51,18,Card,SUCCESS
TXN01765,2024-06-09,CUS0705,India,AGT006,Fatima Al Zaabi,1111.42,0,Cash,FAILED
TXN02553,2024-06-09,CUS0255,Philippines,AGT005,John Mathew,1405.16,20,Bank Transfer,SUCCESS
TXN00525,2024-06-09,CUS0789,Philippines,AGT006,Fatima Al Zaabi,693.92,20,Cash,SUCCESS
TXN01750,2024-06-09,CUS0165,Pakistan,AGT008,Sarah Johnson,1040.25,18,Cash,SUCCESS
TXN00891,2024-06-10,CUS0191,Philippines,AGT002,Priya Sharma,1121.53,20,Bank Transfer,SUCCESS
TXN00274,2024-06-10,CUS0557,Egypt,AGT007,Rajesh Kumar,1103.38,22,Cash,SUCCESS
TXN03102,2024-06-10,CUS0491,Philippines,AGT003,Mohammad Raza,1131.0,0,Bank Transfer,FAILED
TXN03337,2024-06-10,CUS0204,Bangladesh,AGT008,Sarah Johnson,413.18,0,Card,FAILED
TXN02664,2024-06-10,CUS0138,Sri Lanka,AGT002,Priya Sharma,536.62,15,Card,SUCCESS
TXN04356,2024-06-10,CUS0593,India,AGT007,Rajesh Kumar,1457.71,0,Card,FAILED
TXN03151,2024-06-10,CUS0766,India,AGT002,Priya Sharma,1503.11,25,Card,SUCCESS
TXN03274,2024-06-11,CUS0674,India,AGT006,Fatima Al Zaabi,1459.61,25,Bank Transfer,SUCCESS
TXN02028,2024-06-11,CUS0601,Sri Lanka,AGT003,Mohammad Raza,1028.76,15,Cash,SUCCESS
TXN02906,2024-06-11,CUS0183,Nepal,AGT005,John Mathew,735.1,12,Cash,SUCCESS
TXN02060,2024-06-11,CUS0410,Bangladesh,AGT003,Mohammad Raza,740.65,15,Bank Transfer,SUCCESS
TXN01101,2024-06-11,CUS0267,Pakistan,AGT008,Sarah Johnson,1039.52,18,Cash,SUCCESS
TXN04859,2024-06-11,CUS0113,India,AGT002,Priya Sharma,1247.05,25,Card,SUCCESS
TXN04124,2024-06-11,CUS0367,Philippines,AGT001,Ahmed Al Mansoori,956.05,20,Cash,SUCCESS
TXN00155,2024-06-11,CUS0396,Bangladesh,AGT007,Rajesh Kumar,761.55,15,Card,SUCCESS
TXN04462,2024-06-11,CUS0139,Pakistan,AGT002,Priya Sharma,1243.85,18,Card,SUCCESS
TXN00083,2024-06-11,CUS0628,Kenya,AGT008,Sarah Johnson,1371.2,20,Bank Transfer,SUCCESS
TXN01351,2024-06-11,CUS0651,Sri Lanka,AGT006,Fatima Al Zaabi,486.72,15,Card,SUCCESS
TXN04948,2024-06-12,CUS0799,Pakistan,AGT001,Ahmed Al Mansoori,479.69,18,Cash,SUCCESS
TXN00427,2024-06-12,CUS0590,India,AGT008,Sarah Johnson,852.63,25,Cash,SUCCESS
TXN01891,2024-06-12,CUS0056,Bangladesh,AGT002,Priya Sharma,814.72,15,Cash,SUCCESS
TXN02419,2024-06-12,CUS0620,Philippines,AGT006,Fatima Al Zaabi,1005.49,20,Cash,SUCCESS
TXN00511,2024-06-12,CUS0586,India,AGT002,Priya Sharma,1297.36,25,Card,SUCCESS
TXN03140,2024-06-12,CUS0003,Philippines,AGT003,Mohammad Raza,827.74,20,Cash,SUCCESS
TXN04294,2024-06-12,CUS0353,Nepal,AGT006,Fatima Al Zaabi,562.48,12,Card,SUCCESS
TXN02934,2024-06-12,CUS0274,Pakistan,AGT005,John Mathew,1029.27,18,Cash,SUCCESS
TXN01769,2024-06-12,CUS0506,India,AGT001,Ahmed Al Mansoori,1244.35,25,Bank Transfer,SUCCESS
TXN00307,2024-06-12,CUS0409,Bangladesh,AGT006,Fatima Al Zaabi,968.31,15,Cash,SUCCESS
TXN00291,2024-06-12,CUS0564,Pakistan,AGT002,Priya Sharma,750.05,18,Bank Transfer,SUCCESS
TXN02855,2024-06-12,CUS0235,Philippines,AGT006,Fatima Al Zaabi,1228.85,20,Cash,SUCCESS
TXN02150,2024-06-12,CUS0508,Sri Lanka,AGT008,Sarah Johnson,380.28,15,Cash,SUCCESS
TXN00087,2024-06-12,CUS0142,Sri Lanka,AGT002,Priya Sharma,955.97,15,Cash,SUCCESS
TXN02487,2024-06-12,CUS0718,Philippines,AGT005,John Mathew,795.47,20,Card,SUCCESS
TXN02830,2024-06-13,CUS0793,India,AGT007,Rajesh Kumar,1068.06,25,Card,SUCCESS
TXN03340,2024-06-13,CUS0608,India,AGT006,Fatima Al Zaabi,1846.69,25,Cash,SUCCESS
TXN00624,2024-06-13,CUS0019,Bangladesh,AGT004,Maria Santos,982.54,15,Card,SUCCESS
TXN00426,2024-06-13,CUS0491,Pakistan,AGT004,Maria Santos,1128.47,18,Bank Transfer,SUCCESS
TXN04560,2024-06-13,CUS0470,India,AGT004,Maria Santos,1435.95,0,Cash,FAILED
TXN00671,2024-06-13,CUS0429,Philippines,AGT007,Rajesh Kumar,1236.44,20,Bank Transfer,SUCCESS
TXN02384,2024-06-13,CUS0488,Pakistan,AGT004,Maria Santos,788.32,18,Card,SUCCESS
TXN02795,2024-06-13,CUS0103,Egypt,AGT004,Maria Santos,1089.63,22,Card,SUCCESS
TXN02306,2024-06-13,CUS0300,India,AGT004,Maria Santos,2319.57,25,Cash,SUCCESS
TXN02337,2024-06-13,CUS0107,Philippines,AGT003,Mohammad Raza,1035.18,20,Cash,SUCCESS
TXN02551,2024-06-13,CUS0453,India,AGT007,Rajesh Kumar,629.05,25,Cash,SUCCESS
TXN02739,2024-06-13,CUS0346,Philippines,AGT005,John Mathew,1319.62,0,Card,FAILED
TXN03719,2024-06-13,CUS0141,Bangladesh,AGT002,Priya Sharma,661.9,15,Cash,SUCCESS
TXN04215,2024-06-14,CUS0421,India,AGT005,John Mathew,1216.38,25,Card,SUCCESS
TXN01827,2024-06-14,CUS0700,Nepal,AGT003,Mohammad Raza,403.73,12,Cash,SUCCESS
TXN02775,2024-06-14,CUS0417,Kenya,AGT001,Ahmed Al Mansoori,810.02,20,Card,SUCCESS
TXN04763,2024-06-14,CUS0736,Bangladesh,AGT003,Mohammad Raza,841.11,15,Cash,SUCCESS
TXN00550,2024-06-14,CUS0601,India,AGT003,Mohammad Raza,982.57,25,Cash,SUCCESS
TXN03559,2024-06-14,CUS0343,Pakistan,AGT004,Maria Santos,772.85,18,Bank Transfer,SUCCESS
TXN03123,2024-06-14,CUS0791,India,AGT005,John Mathew,1376.83,25,Cash,SUCCESS
TXN00843,2024-06-14,CUS0614,Bangladesh,AGT005,John Mathew,464.23,15,Card,SUCCESS
TXN00861,2024-06-14,CUS0385,Pakistan,AGT004,Maria Santos,848.7,18,Bank Transfer,SUCCESS
TXN03007,2024-06-14,CUS0755,Philippines,AGT004,Maria Santos,1031.23,20,Card,SUCCESS
TXN02846,2024-06-14,CUS0302,India,AGT007,Rajesh Kumar,804.97,25,Bank Transfer,SUCCESS
TXN02011,2024-06-14,CUS0141,India,AGT001,Ahmed Al Mansoori,621.28,25,Cash,SUCCESS
TXN00606,2024-06-15,CUS0672,Sri Lanka,AGT005,John Mathew,1172.28,15,Bank Transfer,SUCCESS
TXN01064,2024-06-15,CUS0236,Philippines,AGT006,Fatima Al Zaabi,430.28,20,Cash,SUCCESS
TXN00329,2024-06-15,CUS0539,Kenya,AGT008,Sarah Johnson,1127.87,20,Bank Transfer,SUCCESS
TXN04900,2024-06-15,CUS0693,Egypt,AGT008,Sarah Johnson,1299.25,22,Bank Transfer,SUCCESS
TXN00973,2024-06-15,CUS0310,Pakistan,AGT002,Priya Sharma,1001.75,18,Cash,SUCCESS
TXN01445,2024-06-15,CUS0259,Philippines,AGT003,Mohammad Raza,1007.92,20,Cash,SUCCESS
TXN01515,2024-06-15,CUS0622,Pakistan,AGT004,Maria Santos,780.16,18,Card,SUCCESS
TXN03656,2024-06-15,CUS0320,India,AGT005,John Mathew,1331.09,25,Cash,SUCCESS
TXN02078,2024-06-15,CUS0611,India,AGT001,Ahmed Al Mansoori,1633.4,25,Card,SUCCESS
TXN02925,2024-06-15,CUS0524,India,AGT002,Priya Sharma,1233.03,25,Bank Transfer,SUCCESS
TXN02964,2024-06-16,CUS0611,Kenya,AGT003,Mohammad Raza,648.88,20,Cash,SUCCESS
TXN02176,2024-06-16,CUS0290,Nepal,AGT008,Sarah Johnson,976.12,12,Card,SUCCESS
TXN01522,2024-06-16,CUS0226,Egypt,AGT005,John Mathew,1292.09,22,Card,SUCCESS
TXN02969,2024-06-16,CUS0315,Pakistan,AGT007,Rajesh Kumar,363.06,18,Cash,SUCCESS
TXN03546,2024-06-16,CUS0307,India,AGT003,Mohammad Raza,1312.73,25,Cash,SUCCESS
TXN01448,2024-06-16,CUS0497,Pakistan,AGT008,Sarah Johnson,940.73,18,Cash,SUCCESS
TXN03928,2024-06-16,CUS0305,Nepal,AGT007,Rajesh Kumar,683.25,12,Card,SUCCESS
TXN01459,2024-06-16,CUS0640,India,AGT004,Maria Santos,1664.31,25,Card,SUCCESS
TXN00320,2024-06-16,CUS0167,Egypt,AGT006,Fatima Al Zaabi,1057.05,22,Card,SUCCESS
TXN03979,2024-06-16,CUS0003,Bangladesh,AGT007,Rajesh Kumar,819.3,15,Bank Transfer,SUCCESS
TXN04357,2024-06-16,CUS0113,Philippines,AGT006,Fatima Al Zaabi,961.3,20,Card,SUCCESS
TXN03876,2024-06-16,CUS0116,India,AGT001,Ahmed Al Mansoori,1629.08,25,Card,SUCCESS
TXN00096,2024-06-16,CUS0346,India,AGT006,Fatima Al Zaabi,673.13,25,Cash,SUCCESS
TXN03649,2024-06-16,CUS0294,India,AGT001,Ahmed Al Mansoori,1481.83,25,Bank Transfer,SUCCESS
TXN01096,2024-06-16,CUS0469,Philippines,AGT008,Sarah Johnson,878.21,20,Cash,SUCCESS
TXN02427,2024-06-16,CUS0146,Pakistan,AGT006,Fatima Al Zaabi,937.29,18,Card,SUCCESS
TXN02418,2024-06-16,CUS0576,Philippines,AGT008,Sarah Johnson,991.96,20,Cash,SUCCESS
TXN03545,2024-06-16,CUS0515,Nepal,AGT002,Priya Sharma,847.77,12,Cash,SUCCESS
TXN02646,2024-06-17,CUS0015,India,AGT004,Maria Santos,917.49,25,Cash,SUCCESS
TXN00141,2024-06-17,CUS0296,Philippines,AGT008,Sarah Johnson,961.41,20,Cash,SUCCESS
TXN01591,2024-06-17,CUS0006,India,AGT002,Priya Sharma,814.03,25,Card,SUCCESS
TXN00425,2024-06-17,CUS0667,Philippines,AGT007,Rajesh Kumar,1074.25,20,Cash,SUCCESS
TXN01353,2024-06-17,CUS0662,India,AGT003,Mohammad Raza,1394.93,25,Card,SUCCESS
TXN01875,2024-06-17,CUS0242,Egypt,AGT001,Ahmed Al Mansoori,1532.4,22,Bank Transfer,SUCCESS
TXN03168,2024-06-18,CUS0455,India,AGT008,Sarah Johnson,1256.9,25,Card,SUCCESS
TXN01816,2024-06-18,CUS0283,Philippines,AGT007,Rajesh Kumar,659.38,20,Cash,SUCCESS
TXN00339,2024-06-18,CUS0698,Bangladesh,AGT002,Priya Sharma,786.72,15,Cash,SUCCESS
TXN01598,2024-06-18,CUS0683,Egypt,AGT003,Mohammad Raza,1778.97,22,Cash,SUCCESS
TXN02902,2024-06-18,CUS0427,Pakistan,AGT007,Rajesh Kumar,698.18,0,Cash,FAILED
TXN04399,2024-06-18,CUS0436,Pakistan,AGT005,John Mathew,1059.21,18,Cash,SUCCESS
TXN02809,2024-06-18,CUS0022,Pakistan,AGT005,John Mathew,1019.69,18,Bank Transfer,SUCCESS
TXN00405,2024-06-18,CUS0541,Pakistan,AGT002,Priya Sharma,691.98,18,Cash,SUCCESS
TXN03768,2024-06-18,CUS0171,Nepal,AGT008,Sarah Johnson,834.63,12,Cash,SUCCESS
TXN01870,2024-06-18,CUS0258,India,AGT005,John Mathew,1052.11,25,Cash,SUCCESS
TXN04506,2024-06-18,CUS0115,India,AGT002,Priya Sharma,1336.59,25,Card,SUCCESS
TXN03996,2024-06-18,CUS0161,Philippines,AGT007,Rajesh Kumar,907.68,20,Card,SUCCESS
TXN03796,2024-06-18,CUS0097,Philippines,AGT006,Fatima Al Zaabi,812.09,20,Card,SUCCESS
TXN02604,2024-06-18,CUS0167,India,AGT004,Maria Santos,771.72,25,Bank Transfer,SUCCESS
TXN02866,2024-06-18,CUS0679,Nepal,AGT004,Maria Santos,544.59,12,Cash,SUCCESS
TXN00703,2024-06-18,CUS0056,India,AGT002,Priya Sharma,946.44,25,Cash,SUCCESS
TXN02114,2024-06-18,CUS0251,Sri Lanka,AGT003,Mohammad Raza,524.51,15,Bank Transfer,SUCCESS
TXN00970,2024-06-18,CUS0465,Nepal,AGT006,Fatima Al Zaabi,342.46,12,Cash,SUCCESS
TXN02412,2024-06-18,CUS0330,Bangladesh,AGT003,Mohammad Raza,1022.97,15,Card,SUCCESS
TXN00032,2024-06-18,CUS0286,India,AGT004,Maria Santos,1866.82,25,Cash,SUCCESS
TXN00157,2024-06-18,CUS0103,Sri Lanka,AGT008,Sarah Johnson,1169.8,15,Cash,SUCCESS
TXN02450,2024-06-19,CUS0738,India,AGT007,Rajesh Kumar,951.41,25,Bank Transfer,SUCCESS
TXN04692,2024-06-19,CUS0375,Pakistan,AGT007,Rajesh Kumar,858.34,18,Bank Transfer,SUCCESS
TXN02709,2024-06-19,CUS0576,Philippines,AGT007,Rajesh Kumar,805.12,0,Cash,FAILED
TXN01569,2024-06-19,CUS0232,Bangladesh,AGT003,Mohammad Raza,371.87,15,Cash,SUCCESS
TXN04075,2024-06-19,CUS0032,Bangladesh,AGT004,Maria Santos,606.35,15,Card,SUCCESS
TXN04882,2024-06-19,CUS0613,Egypt,AGT002,Priya Sharma,1553.39,22,Bank Transfer,SUCCESS
TXN00893,2024-06-19,CUS0019,Philippines,AGT003,Mohammad Raza,1188.0,20,Cash,SUCCESS
TXN02672,2024-06-19,CUS0188,India,AGT002,Priya Sharma,1409.53,25,Card,SUCCESS
TXN04903,2024-06-19,CUS0271,Egypt,AGT008,Sarah Johnson,760.96,22,Cash,SUCCESS
TXN01795,2024-06-19,CUS0379,India,AGT005,John Mathew,1276.75,25,Card,SUCCESS
TXN01485,2024-06-19,CUS0201,India,AGT008,Sarah Johnson,1280.89,25,Cash,SUCCESS
TXN00319,2024-06-19,CUS0153,Nepal,AGT008,Sarah Johnson,658.35,12,Card,SUCCESS
TXN00061,2024-06-19,CUS0686,Nepal,AGT007,Rajesh Kumar,513.75,12,Bank Transfer,SUCCESS
TXN00153,2024-06-19,CUS0467,Pakistan,AGT007,Rajesh Kumar,636.79,18,Bank Transfer,SUCCESS
TXN04170,2024-06-20,CUS0278,India,AGT004,Maria Santos,943.69,25,Bank Transfer,SUCCESS
TXN02476,2024-06-20,CUS0750,Philippines,AGT006,Fatima Al Zaabi,1094.82,20,Cash,SUCCESS
TXN04443,2024-06-20,CUS0640,Pakistan,AGT003,Mohammad Raza,932.45,18,Card,SUCCESS
TXN02861,2024-06-20,CUS0108,Pakistan,AGT008,Sarah Johnson,672.51,18,Cash,SUCCESS
TXN01682,2024-06-20,CUS0167,India,AGT005,John Mathew,1191.29,25,Cash,SUCCESS
TXN03552,2024-06-20,CUS0246,Sri Lanka,AGT007,Rajesh Kumar,397.23,15,Card,SUCCESS
TXN00346,2024-06-20,CUS0138,India,AGT008,Sarah Johnson,1283.54,25,Cash,SUCCESS
TXN00560,2024-06-20,CUS0215,Philippines,AGT005,John Mathew,786.33,20,Cash,SUCCESS
TXN04034,2024-06-20,CUS0639,Pakistan,AGT003,Mohammad Raza,118.62,18,Cash,SUCCESS
TXN02631,2024-06-20,CUS0246,India,AGT003,Mohammad Raza,1306.77,25,Cash,SUCCESS
TXN03592,2024-06-20,CUS0401,Bangladesh,AGT004,Maria Santos,826.87,15,Cash,SUCCESS
TXN04259,2024-06-20,CUS0421,India,AGT001,Ahmed Al Mansoori,1166.99,25,Cash,SUCCESS
TXN01725,2024-06-20,CUS0470,India,AGT003,Mohammad Raza,863.24,25,Cash,SUCCESS
TXN02072,2024-06-20,CUS0115,Nepal,AGT006,Fatima Al Zaabi,822.5,12,Bank Transfer,SUCCESS
TXN04612,2024-06-21,CUS0667,Bangladesh,AGT001,Ahmed Al Mansoori,275.82,15,Card,SUCCESS
TXN02083,2024-06-21,CUS0433,Egypt,AGT005,John Mathew,623.53,22,Cash,SUCCESS
TXN00006,2024-06-21,CUS0100,India,AGT007,Rajesh Kumar,1115.71,25,Cash,SUCCESS
TXN03844,2024-06-21,CUS0494,Pakistan,AGT006,Fatima Al Zaabi,470.78,18,Cash,SUCCESS
TXN02219,2024-06-21,CUS0262,India,AGT003,Mohammad Raza,1955.9,25,Bank Transfer,SUCCESS
TXN01179,2024-06-21,CUS0171,Philippines,AGT006,Fatima Al Zaabi,633.08,20,Cash,SUCCESS
TXN04261,2024-06-21,CUS0180,India,AGT006,Fatima Al Zaabi,1559.15,25,Cash,SUCCESS
TXN04426,2024-06-21,CUS0226,Pakistan,AGT004,Maria Santos,528.13,18,Card,SUCCESS
TXN03691,2024-06-21,CUS0024,Pakistan,AGT002,Priya Sharma,928.01,18,Cash,SUCCESS
TXN01611,2024-06-21,CUS0523,Philippines,AGT001,Ahmed Al Mansoori,821.21,20,Cash,SUCCESS
TXN00392,2024-06-21,CUS0741,India,AGT008,Sarah Johnson,1377.09,25,Cash,SUCCESS
TXN02788,2024-06-21,CUS0262,Philippines,AGT002,Priya Sharma,550.05,20,Card,SUCCESS
TXN01424,2024-06-22,CUS0703,India,AGT007,Rajesh Kumar,897.88,25,Card,SUCCESS
TXN00963,2024-06-22,CUS0134,Pakistan,AGT001,Ahmed Al Mansoori,847.17,0,Bank Transfer,FAILED
TXN01969,2024-06-22,CUS0316,Pakistan,AGT001,Ahmed Al Mansoori,753.22,18,Cash,SUCCESS
TXN00159,2024-06-22,CUS0666,Pakistan,AGT007,Rajesh Kumar,514.09,0,Cash,FAILED
TXN02121,2024-06-22,CUS0495,India,AGT004,Maria Santos,2068.54,25,Cash,SUCCESS
TXN04535,2024-06-22,CUS0219,Nepal,AGT008,Sarah Johnson,733.64,12,Card,SUCCESS
TXN00205,2024-06-22,CUS0426,Nepal,AGT007,Rajesh Kumar,352.02,12,Cash,SUCCESS
TXN04951,2024-06-23,CUS0207,India,AGT004,Maria Santos,1286.47,0,Bank Transfer,FAILED
TXN03534,2024-06-23,CUS0794,Bangladesh,AGT002,Priya Sharma,439.8,15,Cash,SUCCESS
TXN04474,2024-06-23,CUS0660,Pakistan,AGT002,Priya Sharma,930.61,18,Bank Transfer,SUCCESS
TXN04602,2024-06-23,CUS0697,Bangladesh,AGT004,Maria Santos,896.87,15,Card,SUCCESS
TXN04833,2024-06-23,CUS0512,Kenya,AGT004,Maria Santos,1117.54,20,Cash,SUCCESS
TXN04930,2024-06-23,CUS0593,India,AGT002,Priya Sharma,1148.43,25,Card,SUCCESS
TXN01373,2024-06-23,CUS0533,Nepal,AGT006,Fatima Al Zaabi,353.06,12,Bank Transfer,SUCCESS
TXN02666,2024-06-23,CUS0654,India,AGT001,Ahmed Al Mansoori,707.83,25,Cash,SUCCESS
TXN04325,2024-06-23,CUS0717,Philippines,AGT005,John Mathew,694.12,20,Card,SUCCESS
TXN03052,2024-06-23,CUS0676,Pakistan,AGT006,Fatima Al Zaabi,629.73,18,Cash,SUCCESS
TXN02597,2024-06-24,CUS0481,Pakistan,AGT006,Fatima Al Zaabi,654.39,18,Cash,SUCCESS
TXN00779,2024-06-24,CUS0488,India,AGT003,Mohammad Raza,1173.2,25,Cash,SUCCESS
TXN02290,2024-06-24,CUS0364,India,AGT005,John Mathew,1712.05,25,Cash,SUCCESS
TXN04928,2024-06-24,CUS0034,India,AGT001,Ahmed Al Mansoori,1285.88,25,Bank Transfer,SUCCESS
TXN03604,2024-06-24,CUS0774,India,AGT005,John Mathew,1200.25,25,Bank Transfer,SUCCESS
TXN01070,2024-06-24,CUS0619,India,AGT005,John Mathew,1324.74,25,Card,SUCCESS
TXN00628,2024-06-24,CUS0368,Kenya,AGT008,Sarah Johnson,914.15,20,Cash,SUCCESS
TXN02525,2024-06-24,CUS0258,Pakistan,AGT002,Priya Sharma,1021.23,18,Bank Transfer,SUCCESS
TXN02217,2024-06-25,CUS0463,India,AGT007,Rajesh Kumar,1042.78,25,Cash,SUCCESS
TXN03646,2024-06-25,CUS0009,Kenya,AGT001,Ahmed Al Mansoori,632.5,20,Cash,SUCCESS
TXN02967,2024-06-25,CUS0018,India,AGT008,Sarah Johnson,1326.9,25,Cash,SUCCESS
TXN02840,2024-06-25,CUS0112,Egypt,AGT007,Rajesh Kumar,1047.52,22,Bank Transfer,SUCCESS
TXN02556,2024-06-25,CUS0503,Philippines,AGT001,Ahmed Al Mansoori,1044.35,20,Cash,SUCCESS
TXN00270,2024-06-25,CUS0791,India,AGT002,Priya Sharma,1247.07,25,Card,SUCCESS
TXN01010,2024-06-25,CUS0774,India,AGT005,John Mathew,1007.32,25,Cash,SUCCESS
TXN03212,2024-06-25,CUS0731,Nepal,AGT004,Maria Santos,387.95,12,Cash,SUCCESS
TXN00880,2024-06-25,CUS0789,Pakistan,AGT001,Ahmed Al Mansoori,1085.21,18,Bank Transfer,SUCCESS
TXN03477,2024-06-25,CUS0105,Bangladesh,AGT007,Rajesh Kumar,905.34,15,Bank Transfer,SUCCESS
TXN03095,2024-06-25,CUS0261,Kenya,AGT005,John Mathew,703.79,20,Card,SUCCESS
TXN00675,2024-06-25,CUS0728,Egypt,AGT003,Mohammad Raza,635.52,22,Bank Transfer,SUCCESS
TXN04328,2024-06-25,CUS0140,Bangladesh,AGT004,Maria Santos,889.11,15,Cash,SUCCESS
TXN02130,2024-06-25,CUS0536,Pakistan,AGT006,Fatima Al Zaabi,972.36,18,Bank Transfer,SUCCESS
TXN01094,2024-06-26,CUS0299,Philippines,AGT001,Ahmed Al Mansoori,914.03,20,Cash,SUCCESS
TXN01818,2024-06-26,CUS0511,India,AGT001,Ahmed Al Mansoori,941.1,25,Cash,SUCCESS
TXN02376,2024-06-26,CUS0501,Bangladesh,AGT004,Maria Santos,1004.18,15,Cash,SUCCESS
TXN04794,2024-06-26,CUS0427,India,AGT005,John Mathew,1295.14,25,Cash,SUCCESS
TXN01775,2024-06-26,CUS0506,Philippines,AGT006,Fatima Al Zaabi,699.53,20,Cash,SUCCESS
TXN00653,2024-06-26,CUS0153,Pakistan,AGT007,Rajesh Kumar,735.47,18,Card,SUCCESS
TXN01965,2024-06-26,CUS0793,Bangladesh,AGT003,Mohammad Raza,816.68,15,Bank Transfer,SUCCESS
TXN00840,2024-06-26,CUS0751,Nepal,AGT008,Sarah Johnson,561.48,12,Card,SUCCESS
TXN03181,2024-06-26,CUS0451,Kenya,AGT005,John Mathew,1228.85,20,Card,SUCCESS
TXN03951,2024-06-26,CUS0393,India,AGT006,Fatima Al Zaabi,1385.51,25,Cash,SUCCESS
TXN01801,2024-06-26,CUS0752,Pakistan,AGT005,John Mathew,1256.29,0,Cash,FAILED
TXN03354,2024-06-27,CUS0380,India,AGT007,Rajesh Kumar,1227.78,25,Bank Transfer,SUCCESS
TXN00693,2024-06-27,CUS0680,India,AGT004,Maria Santos,810.82,25,Cash,SUCCESS
TXN04718,2024-06-27,CUS0654,India,AGT006,Fatima Al Zaabi,1626.33,25,Cash,SUCCESS
TXN02278,2024-06-27,CUS0477,Bangladesh,AGT004,Maria Santos,458.75,15,Bank Transfer,SUCCESS
TXN00441,2024-06-27,CUS0212,India,AGT008,Sarah Johnson,1338.26,25,Cash,SUCCESS
TXN04258,2024-06-27,CUS0078,India,AGT001,Ahmed Al Mansoori,1712.82,25,Cash,SUCCESS
TXN03544,2024-06-27,CUS0044,India,AGT007,Rajesh Kumar,812.14,25,Card,SUCCESS
TXN01174,2024-06-28,CUS0254,India,AGT004,Maria Santos,1177.47,25,Cash,SUCCESS
TXN04958,2024-06-28,CUS0048,India,AGT003,Mohammad Raza,1581.63,0,Card,FAILED
TXN00214,2024-06-28,CUS0580,India,AGT003,Mohammad Raza,1434.5,25,Cash,SUCCESS
TXN00098,2024-06-28,CUS0800,India,AGT002,Priya Sharma,1293.98,25,Cash,SUCCESS
TXN00244,2024-06-28,CUS0133,India,AGT007,Rajesh Kumar,1511.67,25,Bank Transfer,SUCCESS
TXN03568,2024-06-28,CUS0786,India,AGT004,Maria Santos,1586.75,25,Card,SUCCESS
TXN01972,2024-06-29,CUS0671,Bangladesh,AGT002,Priya Sharma,100.0,0,Cash,FAILED
TXN02397,2024-06-29,CUS0333,Philippines,AGT008,Sarah Johnson,651.1,20,Bank Transfer,SUCCESS
TXN01761,2024-06-29,CUS0461,Philippines,AGT002,Priya Sharma,1342.79,20,Cash,SUCCESS
TXN00117,2024-06-29,CUS0314,Bangladesh,AGT005,John Mathew,692.71,15,Cash,SUCCESS
TXN01171,2024-06-29,CUS0329,Bangladesh,AGT005,John Mathew,859.38,0,Card,FAILED
TXN03161,2024-06-29,CUS0228,Bangladesh,AGT007,Rajesh Kumar,572.63,15,Cash,SUCCESS
TXN01087,2024-06-29,CUS0284,Sri Lanka,AGT007,Rajesh Kumar,981.81,0,Cash,FAILED
TXN03703,2024-06-29,CUS0408,Nepal,AGT005,John Mathew,435.06,12,Cash,SUCCESS
TXN00860,2024-06-29,CUS0381,Egypt,AGT006,Fatima Al Zaabi,1308.87,22,Card,SUCCESS
TXN01586,2024-06-29,CUS0508,Kenya,AGT007,Rajesh Kumar,1147.54,20,Cash,SUCCESS
TXN02991,2024-06-30,CUS0611,Philippines,AGT007,Rajesh Kumar,1309.43,20,Cash,SUCCESS
TXN00937,2024-06-30,CUS0533,Egypt,AGT008,Sarah Johnson,762.99,22,Cash,SUCCESS
TXN02195,2024-06-30,CUS0067,Philippines,AGT005,John Mathew,951.22,20,Bank Transfer,SUCCESS
TXN02226,2024-06-30,CUS0577,Philippines,AGT003,Mohammad Raza,1256.75,20,Card,SUCCESS
TXN02158,2024-06-30,CUS0461,Nepal,AGT006,Fatima Al Zaabi,542.81,12,Card,SUCCESS
TXN02188,2024-06-30,CUS0127,India,AGT008,Sarah Johnson,1104.01,25,Cash,SUCCESS
TXN02771,2024-06-30,CUS0602,India,AGT005,John Mathew,1125.89,25,Card,SUCCESS
TXN01148,2024-06-30,CUS0220,Kenya,AGT007,Rajesh Kumar,539.59,20,Cash,SUCCESS
TXN01286,2024-06-30,CUS0155,Bangladesh,AGT005,John Mathew,420.44,15,Bank Transfer,SUCCESS
TXN00436,2024-06-30,CUS0577,India,AGT001,Ahmed Al Mansoori,1226.67,25,Card,SUCCESS
TXN00224,2024-06-30,CUS0447,India,AGT001,Ahmed Al Mansoori,619.42,0,Bank Transfer,FAILED
TXN01825,2024-06-30,CUS0433,India,AGT007,Rajesh Kumar,1260.72,25,Bank Transfer,SUCCESS
TXN02246,2024-07-01,CUS0731,India,AGT002,Priya Sharma,1237.57,25,Cash,SUCCESS
TXN04801,2024-07-01,CUS0571,Kenya,AGT004,Maria Santos,1094.5,20,Cash,SUCCESS
TXN04783,2024-07-01,CUS0786,Nepal,AGT002,Priya Sharma,295.68,12,Card,SUCCESS
TXN03553,2024-07-01,CUS0104,India,AGT002,Priya Sharma,1324.82,25,Cash,SUCCESS
TXN04842,2024-07-01,CUS0047,Bangladesh,AGT007,Rajesh Kumar,715.9,15,Cash,SUCCESS
TXN02613,2024-07-01,CUS0042,Pakistan,AGT002,Priya Sharma,751.64,18,Cash,SUCCESS
TXN02358,2024-07-01,CUS0219,India,AGT003,Mohammad Raza,1251.62,25,Cash,SUCCESS
TXN04040,2024-07-01,CUS0269,Pakistan,AGT007,Rajesh Kumar,634.67,18,Card,SUCCESS
TXN03950,2024-07-01,CUS0674,India,AGT004,Maria Santos,739.55,25,Card,SUCCESS
TXN01686,2024-07-01,CUS0513,Bangladesh,AGT007,Rajesh Kumar,949.41,15,Card,SUCCESS
TXN03358,2024-07-01,CUS0209,India,AGT002,Priya Sharma,433.66,25,Cash,SUCCESS
TXN01687,2024-07-01,CUS0340,Kenya,AGT002,Priya Sharma,817.58,20,Card,SUCCESS
TXN04202,2024-07-01,CUS0652,India,AGT008,Sarah Johnson,807.52,25,Card,SUCCESS
TXN04204,2024-07-01,CUS0343,Philippines,AGT002,Priya Sharma,638.17,20,Bank Transfer,SUCCESS
TXN04601,2024-07-01,CUS0529,Bangladesh,AGT006,Fatima Al Zaabi,654.65,15,Card,SUCCESS
TXN00841,2024-07-02,CUS0041,Bangladesh,AGT005,John Mathew,689.61,15,Cash,SUCCESS
TXN02286,2024-07-02,CUS0629,Pakistan,AGT002,Priya Sharma,910.89,18,Cash,SUCCESS
TXN00858,2024-07-02,CUS0107,Pakistan,AGT007,Rajesh Kumar,913.14,18,Cash,SUCCESS
TXN01068,2024-07-02,CUS0344,Kenya,AGT004,Maria Santos,1280.84,20,Card,SUCCESS
TXN04656,2024-07-02,CUS0001,Philippines,AGT006,Fatima Al Zaabi,1481.83,20,Cash,SUCCESS
TXN00543,2024-07-02,CUS0164,Bangladesh,AGT004,Maria Santos,811.26,15,Card,SUCCESS
TXN04297,2024-07-02,CUS0016,Sri Lanka,AGT007,Rajesh Kumar,512.6,15,Card,SUCCESS
TXN04279,2024-07-02,CUS0033,Kenya,AGT005,John Mathew,930.58,0,Cash,FAILED
TXN03725,2024-07-02,CUS0028,India,AGT002,Priya Sharma,976.07,25,Cash,SUCCESS
TXN04321,2024-07-02,CUS0047,India,AGT003,Mohammad Raza,1192.85,25,Card,SUCCESS
TXN04175,2024-07-02,CUS0714,India,AGT005,John Mathew,1136.86,25,Cash,SUCCESS
TXN03610,2024-07-02,CUS0115,Pakistan,AGT006,Fatima Al Zaabi,700.35,18,Cash,SUCCESS
TXN03574,2024-07-02,CUS0750,Kenya,AGT004,Maria Santos,1005.3,20,Cash,SUCCESS
TXN00268,2024-07-03,CUS0400,India,AGT001,Ahmed Al Mansoori,685.15,25,Cash,SUCCESS
TXN02019,2024-07-03,CUS0601,Philippines,AGT001,Ahmed Al Mansoori,1071.56,20,Cash,SUCCESS
TXN04817,2024-07-03,CUS0128,Pakistan,AGT008,Sarah Johnson,1116.9,18,Card,SUCCESS
TXN01234,2024-07-03,CUS0270,Egypt,AGT005,John Mathew,1951.3,22,Card,SUCCESS
TXN00989,2024-07-03,CUS0296,Nepal,AGT003,Mohammad Raza,560.23,12,Card,SUCCESS
TXN03133,2024-07-03,CUS0121,India,AGT006,Fatima Al Zaabi,576.77,25,Cash,SUCCESS
TXN03096,2024-07-03,CUS0055,India,AGT007,Rajesh Kumar,1660.61,25,Cash,SUCCESS
TXN00799,2024-07-03,CUS0353,Pakistan,AGT005,John Mathew,806.8,0,Cash,FAILED
TXN01395,2024-07-03,CUS0204,India,AGT001,Ahmed Al Mansoori,1068.48,25,Cash,SUCCESS
TXN03227,2024-07-03,CUS0718,Pakistan,AGT004,Maria Santos,596.76,0,Cash,FAILED
TXN02171,2024-07-03,CUS0766,Egypt,AGT008,Sarah Johnson,1425.82,22,Cash,SUCCESS
TXN04908,2024-07-03,CUS0489,Nepal,AGT005,John Mathew,392.37,12,Cash,SUCCESS
TXN03054,2024-07-03,CUS0712,India,AGT007,Rajesh Kumar,917.85,0,Cash,FAILED
TXN01693,2024-07-03,CUS0041,Pakistan,AGT007,Rajesh Kumar,1009.11,18,Card,SUCCESS
TXN02633,2024-07-03,CUS0346,Bangladesh,AGT006,Fatima Al Zaabi,741.43,0,Cash,FAILED
TXN04733,2024-07-03,CUS0680,Pakistan,AGT005,John Mathew,548.93,18,Cash,SUCCESS
TXN01917,2024-07-03,CUS0668,India,AGT007,Rajesh Kumar,916.4,25,Bank Transfer,SUCCESS
TXN01294,2024-07-03,CUS0156,Pakistan,AGT004,Maria Santos,1001.24,18,Card,SUCCESS
TXN00120,2024-07-03,CUS0726,India,AGT001,Ahmed Al Mansoori,1470.7,25,Cash,SUCCESS
TXN01654,2024-07-03,CUS0045,Egypt,AGT002,Priya Sharma,983.46,22,Cash,SUCCESS
TXN04164,2024-07-03,CUS0144,Philippines,AGT005,John Mathew,404.18,20,Cash,SUCCESS
TXN02394,2024-07-04,CUS0583,Bangladesh,AGT002,Priya Sharma,563.49,15,Bank Transfer,SUCCESS
TXN02364,2024-07-04,CUS0459,Egypt,AGT003,Mohammad Raza,1467.19,22,Bank Transfer,SUCCESS
TXN00025,2024-07-04,CUS0246,Sri Lanka,AGT005,John Mathew,627.51,0,Bank Transfer,FAILED
TXN02816,2024-07-04,CUS0674,Pakistan,AGT003,Mohammad Raza,995.4,18,Card,SUCCESS
TXN00806,2024-07-04,CUS0424,Bangladesh,AGT008,Sarah Johnson,635.07,15,Bank Transfer,SUCCESS
TXN02749,2024-07-04,CUS0543,Bangladesh,AGT005,John Mathew,781.13,15,Cash,SUCCESS
TXN04562,2024-07-04,CUS0431,India,AGT006,Fatima Al Zaabi,1818.85,25,Cash,SUCCESS
TXN04642,2024-07-04,CUS0292,Nepal,AGT003,Mohammad Raza,623.15,12,Card,SUCCESS
TXN01748,2024-07-04,CUS0401,Egypt,AGT004,Maria Santos,1265.36,22,Card,SUCCESS
TXN04730,2024-07-04,CUS0065,India,AGT001,Ahmed Al Mansoori,1206.96,25,Cash,SUCCESS
TXN02263,2024-07-04,CUS0331,Bangladesh,AGT003,Mohammad Raza,959.51,0,Cash,FAILED
TXN00107,2024-07-04,CUS0725,Pakistan,AGT008,Sarah Johnson,1252.68,18,Cash,SUCCESS
TXN04528,2024-07-04,CUS0388,Bangladesh,AGT008,Sarah Johnson,860.41,15,Card,SUCCESS
TXN04099,2024-07-04,CUS0425,Nepal,AGT005,John Mathew,576.21,12,Card,SUCCESS
TXN03314,2024-07-04,CUS0179,India,AGT002,Priya Sharma,834.69,25,Card,SUCCESS
TXN00846,2024-07-05,CUS0329,Bangladesh,AGT004,Maria Santos,803.41,15,Card,SUCCESS
TXN01061,2024-07-05,CUS0258,India,AGT007,Rajesh Kumar,1477.81,25,Bank Transfer,SUCCESS
TXN00241,2024-07-05,CUS0397,Philippines,AGT005,John Mathew,686.02,20,Cash,SUCCESS
TXN00792,2024-07-05,CUS0462,Sri Lanka,AGT005,John Mathew,796.73,15,Cash,SUCCESS
TXN04850,2024-07-05,CUS0374,Bangladesh,AGT007,Rajesh Kumar,800.67,15,Cash,SUCCESS
TXN01291,2024-07-05,CUS0126,India,AGT003,Mohammad Raza,1339.89,25,Cash,SUCCESS
TXN01615,2024-07-05,CUS0100,India,AGT002,Priya Sharma,1135.03,25,Card,SUCCESS
TXN02040,2024-07-05,CUS0647,India,AGT008,Sarah Johnson,563.13,25,Cash,SUCCESS
TXN04568,2024-07-05,CUS0101,Philippines,AGT008,Sarah Johnson,568.12,20,Bank Transfer,SUCCESS
TXN02933,2024-07-05,CUS0592,Bangladesh,AGT004,Maria Santos,513.26,15,Card,SUCCESS
TXN03313,2024-07-06,CUS0749,Philippines,AGT006,Fatima Al Zaabi,1463.23,20,Cash,SUCCESS
TXN00461,2024-07-06,CUS0779,Pakistan,AGT001,Ahmed Al Mansoori,1271.53,18,Card,SUCCESS
TXN03372,2024-07-06,CUS0166,Egypt,AGT003,Mohammad Raza,705.55,22,Card,SUCCESS
TXN00791,2024-07-06,CUS0216,India,AGT007,Rajesh Kumar,1354.66,25,Card,SUCCESS
TXN02895,2024-07-06,CUS0430,Pakistan,AGT004,Maria Santos,921.98,18,Bank Transfer,SUCCESS
TXN01890,2024-07-06,CUS0670,Nepal,AGT005,John Mathew,597.4,12,Bank Transfer,SUCCESS
TXN03254,2024-07-06,CUS0545,Pakistan,AGT006,Fatima Al Zaabi,1053.95,18,Cash,SUCCESS
TXN02209,2024-07-06,CUS0490,Kenya,AGT002,Priya Sharma,860.78,20,Bank Transfer,SUCCESS
TXN03141,2024-07-06,CUS0728,Philippines,AGT001,Ahmed Al Mansoori,1128.63,20,Bank Transfer,SUCCESS
TXN04716,2024-07-06,CUS0009,India,AGT004,Maria Santos,1186.36,25,Card,SUCCESS
TXN02017,2024-07-06,CUS0746,Sri Lanka,AGT006,Fatima Al Zaabi,690.48,15,Card,SUCCESS
TXN04592,2024-07-06,CUS0183,Nepal,AGT008,Sarah Johnson,635.32,12,Card,SUCCESS
TXN03256,2024-07-06,CUS0416,Nepal,AGT008,Sarah Johnson,626.66,0,Bank Transfer,FAILED
TXN04659,2024-07-07,CUS0590,Pakistan,AGT007,Rajesh Kumar,859.06,18,Cash,SUCCESS
TXN03273,2024-07-07,CUS0095,Bangladesh,AGT008,Sarah Johnson,885.1,15,Card,SUCCESS
TXN04140,2024-07-07,CUS0658,Egypt,AGT005,John Mathew,1101.4,22,Bank Transfer,SUCCESS
TXN02441,2024-07-07,CUS0407,Philippines,AGT003,Mohammad Raza,1372.39,20,Card,SUCCESS
TXN00294,2024-07-07,CUS0627,Philippines,AGT003,Mohammad Raza,1129.39,20,Cash,SUCCESS
TXN01633,2024-07-07,CUS0740,India,AGT005,John Mathew,968.32,25,Bank Transfer,SUCCESS
TXN02020,2024-07-07,CUS0622,Egypt,AGT001,Ahmed Al Mansoori,691.04,22,Card,SUCCESS
TXN00472,2024-07-07,CUS0336,Philippines,AGT008,Sarah Johnson,278.48,20,Bank Transfer,SUCCESS
TXN04326,2024-07-07,CUS0003,Philippines,AGT005,John Mathew,1179.8,20,Card,SUCCESS
TXN02832,2024-07-07,CUS0277,India,AGT005,John Mathew,867.19,0,Cash,FAILED
TXN03315,2024-07-07,CUS0074,India,AGT005,John Mathew,1069.87,0,Card,FAILED
TXN01883,2024-07-07,CUS0448,Philippines,AGT006,Fatima Al Zaabi,566.73,20,Cash,SUCCESS
TXN03906,2024-07-07,CUS0696,Bangladesh,AGT005,John Mathew,632.37,0,Cash,FAILED
TXN03341,2024-07-07,CUS0542,India,AGT003,Mohammad Raza,1454.19,25,Cash,SUCCESS
TXN02344,2024-07-07,CUS0308,Bangladesh,AGT007,Rajesh Kumar,589.53,0,Cash,FAILED
TXN00514,2024-07-07,CUS0758,India,AGT005,John Mathew,873.28,25,Cash,SUCCESS
TXN04886,2024-07-07,CUS0197,Pakistan,AGT005,John Mathew,686.2,18,Card,SUCCESS
TXN03538,2024-07-08,CUS0434,India,AGT007,Rajesh Kumar,907.54,25,Cash,SUCCESS
TXN00573,2024-07-08,CUS0192,Sri Lanka,AGT006,Fatima Al Zaabi,823.56,15,Cash,SUCCESS
TXN01940,2024-07-08,CUS0389,Pakistan,AGT008,Sarah Johnson,823.52,18,Cash,SUCCESS
TXN01949,2024-07-08,CUS0750,India,AGT007,Rajesh Kumar,1605.38,25,Cash,SUCCESS
TXN03210,2024-07-08,CUS0080,Philippines,AGT003,Mohammad Raza,1021.83,20,Bank Transfer,SUCCESS
TXN04208,2024-07-08,CUS0596,India,AGT007,Rajesh Kumar,172.33,25,Cash,SUCCESS
TXN00389,2024-07-08,CUS0577,India,AGT001,Ahmed Al Mansoori,1542.15,25,Card,SUCCESS
TXN02751,2024-07-08,CUS0318,Pakistan,AGT006,Fatima Al Zaabi,1221.31,18,Card,SUCCESS
TXN03739,2024-07-08,CUS0007,Bangladesh,AGT005,John Mathew,622.18,15,Cash,SUCCESS
TXN03526,2024-07-08,CUS0337,Nepal,AGT008,Sarah Johnson,388.7,12,Card,SUCCESS
TXN02888,2024-07-08,CUS0532,Philippines,AGT008,Sarah Johnson,1274.85,20,Cash,SUCCESS
TXN03724,2024-07-08,CUS0792,Bangladesh,AGT007,Rajesh Kumar,324.86,15,Cash,SUCCESS
TXN02096,2024-07-08,CUS0463,India,AGT006,Fatima Al Zaabi,1172.72,25,Cash,SUCCESS
TXN01670,2024-07-09,CUS0679,India,AGT002,Priya Sharma,1396.82,25,Cash,SUCCESS
TXN03919,2024-07-09,CUS0013,Egypt,AGT007,Rajesh Kumar,1413.37,22,Cash,SUCCESS
TXN04299,2024-07-09,CUS0085,Philippines,AGT001,Ahmed Al Mansoori,634.14,20,Cash,SUCCESS
TXN02045,2024-07-09,CUS0331,Pakistan,AGT001,Ahmed Al Mansoori,602.62,18,Card,SUCCESS
TXN00645,2024-07-09,CUS0117,Nepal,AGT003,Mohammad Raza,555.77,12,Bank Transfer,SUCCESS
TXN04485,2024-07-09,CUS0742,India,AGT006,Fatima Al Zaabi,1187.79,25,Cash,SUCCESS
TXN03582,2024-07-09,CUS0565,Kenya,AGT004,Maria Santos,1329.43,20,Cash,SUCCESS
TXN02587,2024-07-09,CUS0343,India,AGT007,Rajesh Kumar,725.07,25,Cash,SUCCESS
TXN01617,2024-07-09,CUS0216,India,AGT005,John Mathew,1307.55,25,Cash,SUCCESS
TXN01566,2024-07-09,CUS0430,Pakistan,AGT003,Mohammad Raza,732.48,18,Cash,SUCCESS
TXN02581,2024-07-09,CUS0134,Sri Lanka,AGT008,Sarah Johnson,833.72,15,Cash,SUCCESS
TXN02909,2024-07-09,CUS0075,Pakistan,AGT004,Maria Santos,692.0,18,Cash,SUCCESS
TXN02946,2024-07-09,CUS0190,Pakistan,AGT006,Fatima Al Zaabi,524.55,18,Card,SUCCESS
TXN00952,2024-07-10,CUS0095,Nepal,AGT004,Maria Santos,663.37,12,Cash,SUCCESS
TXN03539,2024-07-10,CUS0763,India,AGT006,Fatima Al Zaabi,1182.35,25,Card,SUCCESS
TXN03148,2024-07-10,CUS0061,India,AGT002,Priya Sharma,943.62,25,Bank Transfer,SUCCESS
TXN02802,2024-07-10,CUS0055,Pakistan,AGT002,Priya Sharma,1446.33,18,Cash,SUCCESS
TXN02764,2024-07-10,CUS0192,Bangladesh,AGT001,Ahmed Al Mansoori,567.37,15,Cash,SUCCESS
TXN04395,2024-07-10,CUS0660,India,AGT006,Fatima Al Zaabi,1502.28,25,Card,SUCCESS
TXN04880,2024-07-10,CUS0193,Pakistan,AGT002,Priya Sharma,1032.28,18,Card,SUCCESS
TXN00024,2024-07-10,CUS0614,Bangladesh,AGT001,Ahmed Al Mansoori,400.8,15,Cash,SUCCESS
TXN00401,2024-07-10,CUS0579,Kenya,AGT008,Sarah Johnson,495.59,20,Card,SUCCESS
TXN01410,2024-07-10,CUS0138,India,AGT002,Priya Sharma,1109.7,25,Cash,SUCCESS
TXN02880,2024-07-10,CUS0537,India,AGT003,Mohammad Raza,1132.56,25,Card,SUCCESS
TXN00698,2024-07-10,CUS0499,Philippines,AGT008,Sarah Johnson,562.2,0,Bank Transfer,FAILED
TXN03197,2024-07-10,CUS0003,Sri Lanka,AGT001,Ahmed Al Mansoori,910.36,15,Cash,SUCCESS
TXN03486,2024-07-10,CUS0387,India,AGT001,Ahmed Al Mansoori,1014.52,25,Card,SUCCESS
TXN03191,2024-07-10,CUS0151,Bangladesh,AGT006,Fatima Al Zaabi,613.97,15,Cash,SUCCESS
TXN02228,2024-07-10,CUS0651,India,AGT003,Mohammad Raza,983.85,25,Card,SUCCESS
TXN02379,2024-07-10,CUS0798,India,AGT004,Maria Santos,1051.15,25,Cash,SUCCESS
TXN03981,2024-07-10,CUS0007,Philippines,AGT008,Sarah Johnson,1267.89,20,Cash,SUCCESS
TXN02214,2024-07-10,CUS0766,Pakistan,AGT001,Ahmed Al Mansoori,691.5,18,Cash,SUCCESS
TXN04682,2024-07-10,CUS0666,Pakistan,AGT005,John Mathew,661.66,18,Cash,SUCCESS
TXN01735,2024-07-10,CUS0344,Nepal,AGT006,Fatima Al Zaabi,743.99,12,Card,SUCCESS
TXN02175,2024-07-10,CUS0033,India,AGT007,Rajesh Kumar,899.35,25,Bank Transfer,SUCCESS
TXN04807,2024-07-10,CUS0587,Philippines,AGT003,Mohammad Raza,700.46,20,Cash,SUCCESS
TXN01777,2024-07-10,CUS0030,Egypt,AGT002,Priya Sharma,898.12,22,Bank Transfer,SUCCESS
TXN04721,2024-07-11,CUS0386,India,AGT002,Priya Sharma,1562.58,25,Card,SUCCESS
TXN02059,2024-07-11,CUS0782,Nepal,AGT004,Maria Santos,647.26,12,Cash,SUCCESS
TXN02752,2024-07-11,CUS0641,Bangladesh,AGT001,Ahmed Al Mansoori,1030.33,15,Cash,SUCCESS
TXN02609,2024-07-11,CUS0085,Sri Lanka,AGT002,Priya Sharma,951.84,15,Card,SUCCESS
TXN01983,2024-07-11,CUS0228,India,AGT002,Priya Sharma,974.38,25,Card,SUCCESS
TXN01508,2024-07-11,CUS0498,Pakistan,AGT005,John Mathew,1029.27,18,Cash,SUCCESS
TXN03049,2024-07-11,CUS0632,Egypt,AGT007,Rajesh Kumar,1240.41,22,Card,SUCCESS
TXN02099,2024-07-11,CUS0388,Egypt,AGT003,Mohammad Raza,587.26,22,Bank Transfer,SUCCESS
TXN02577,2024-07-11,CUS0323,India,AGT001,Ahmed Al Mansoori,1727.1,25,Card,SUCCESS
TXN03401,2024-07-11,CUS0606,Pakistan,AGT005,John Mathew,917.94,18,Cash,SUCCESS
TXN03519,2024-07-11,CUS0269,Pakistan,AGT007,Rajesh Kumar,1107.08,18,Cash,SUCCESS
TXN01393,2024-07-11,CUS0007,India,AGT003,Mohammad Raza,1924.82,25,Cash,SUCCESS
TXN02844,2024-07-11,CUS0459,India,AGT004,Maria Santos,779.6,25,Card,SUCCESS
TXN04543,2024-07-12,CUS0574,Bangladesh,AGT004,Maria Santos,317.57,15,Card,SUCCESS
TXN01814,2024-07-12,CUS0642,Pakistan,AGT005,John Mathew,1015.24,18,Bank Transfer,SUCCESS
TXN01505,2024-07-12,CUS0351,India,AGT002,Priya Sharma,1138.73,0,Cash,FAILED
TXN04155,2024-07-12,CUS0615,Philippines,AGT002,Priya Sharma,1167.34,20,Bank Transfer,SUCCESS
TXN03129,2024-07-12,CUS0130,India,AGT004,Maria Santos,1226.16,0,Cash,FAILED
TXN04670,2024-07-12,CUS0626,Pakistan,AGT002,Priya Sharma,808.54,18,Cash,SUCCESS
TXN01325,2024-07-12,CUS0781,Philippines,AGT003,Mohammad Raza,917.41,20,Card,SUCCESS
TXN03841,2024-07-12,CUS0429,Nepal,AGT003,Mohammad Raza,489.42,12,Cash,SUCCESS
TXN00366,2024-07-12,CUS0670,Philippines,AGT003,Mohammad Raza,791.67,20,Cash,SUCCESS
TXN04340,2024-07-12,CUS0663,Nepal,AGT005,John Mathew,542.88,12,Cash,SUCCESS
TXN00555,2024-07-12,CUS0131,India,AGT005,John Mathew,1321.54,25,Cash,SUCCESS
TXN04925,2024-07-12,CUS0725,Pakistan,AGT005,John Mathew,907.37,18,Bank Transfer,SUCCESS
TXN00821,2024-07-12,CUS0433,India,AGT002,Priya Sharma,1013.78,25,Card,SUCCESS
TXN04081,2024-07-12,CUS0307,Bangladesh,AGT008,Sarah Johnson,833.07,15,Bank Transfer,SUCCESS
TXN03331,2024-07-12,CUS0577,India,AGT005,John Mathew,1528.96,25,Card,SUCCESS
TXN03517,2024-07-12,CUS0603,Egypt,AGT007,Rajesh Kumar,837.47,22,Bank Transfer,SUCCESS
TXN04310,2024-07-12,CUS0169,India,AGT005,John Mathew,1032.75,25,Cash,SUCCESS
TXN01978,2024-07-12,CUS0759,Pakistan,AGT003,Mohammad Raza,1027.41,18,Bank Transfer,SUCCESS
TXN03306,2024-07-12,CUS0217,India,AGT006,Fatima Al Zaabi,1582.09,25,Cash,SUCCESS
TXN02572,2024-07-12,CUS0472,India,AGT005,John Mathew,678.51,25,Cash,SUCCESS
TXN02374,2024-07-13,CUS0714,Philippines,AGT005,John Mathew,1035.48,20,Cash,SUCCESS
TXN02747,2024-07-13,CUS0479,Philippines,AGT007,Rajesh Kumar,965.16,0,Card,FAILED
TXN00633,2024-07-13,CUS0486,India,AGT005,John Mathew,1143.12,25,Cash,SUCCESS
TXN04464,2024-07-13,CUS0571,India,AGT004,Maria Santos,1618.62,25,Card,SUCCESS
TXN04257,2024-07-13,CUS0174,India,AGT005,John Mathew,899.02,25,Cash,SUCCESS
TXN04255,2024-07-13,CUS0193,India,AGT007,Rajesh Kumar,1284.19,25,Cash,SUCCESS
TXN00369,2024-07-13,CUS0472,Nepal,AGT004,Maria Santos,617.58,12,Cash,SUCCESS
TXN00911,2024-07-13,CUS0627,Bangladesh,AGT007,Rajesh Kumar,635.37,15,Card,SUCCESS
TXN00391,2024-07-13,CUS0512,Pakistan,AGT004,Maria Santos,584.38,18,Bank Transfer,SUCCESS
TXN03598,2024-07-13,CUS0078,Pakistan,AGT008,Sarah Johnson,1041.71,18,Cash,SUCCESS
TXN04345,2024-07-13,CUS0130,Philippines,AGT004,Maria Santos,723.45,20,Card,SUCCESS
TXN02554,2024-07-13,CUS0025,Pakistan,AGT008,Sarah Johnson,893.51,18,Card,SUCCESS
TXN00010,2024-07-13,CUS0167,India,AGT006,Fatima Al Zaabi,1395.32,25,Cash,SUCCESS
TXN00223,2024-07-13,CUS0513,Pakistan,AGT004,Maria Santos,964.7,18,Card,SUCCESS
TXN04374,2024-07-14,CUS0708,India,AGT003,Mohammad Raza,1248.72,25,Cash,SUCCESS
TXN02249,2024-07-14,CUS0605,India,AGT002,Priya Sharma,1131.92,25,Card,SUCCESS
TXN04757,2024-07-14,CUS0076,India,AGT004,Maria Santos,660.99,25,Card,SUCCESS
TXN01335,2024-07-14,CUS0102,India,AGT002,Priya Sharma,1253.52,25,Cash,SUCCESS
TXN02162,2024-07-14,CUS0221,India,AGT004,Maria Santos,1288.74,25,Cash,SUCCESS
TXN02454,2024-07-14,CUS0100,Bangladesh,AGT003,Mohammad Raza,549.69,0,Cash,FAILED
TXN03328,2024-07-14,CUS0032,India,AGT004,Maria Santos,987.86,25,Card,SUCCESS
TXN01413,2024-07-14,CUS0240,India,AGT008,Sarah Johnson,1364.12,25,Cash,SUCCESS
TXN03963,2024-07-14,CUS0727,India,AGT007,Rajesh Kumar,1217.75,25,Bank Transfer,SUCCESS
TXN03066,2024-07-14,CUS0789,Nepal,AGT003,Mohammad Raza,657.89,12,Card,SUCCESS
TXN00166,2024-07-14,CUS0510,Pakistan,AGT004,Maria Santos,899.07,18,Cash,SUCCESS
TXN04567,2024-07-14,CUS0557,Egypt,AGT008,Sarah Johnson,1381.31,22,Cash,SUCCESS
TXN03590,2024-07-14,CUS0013,India,AGT008,Sarah Johnson,1057.36,25,Cash,SUCCESS
TXN01731,2024-07-14,CUS0128,India,AGT008,Sarah Johnson,1119.55,25,Card,SUCCESS
TXN02363,2024-07-14,CUS0175,Philippines,AGT008,Sarah Johnson,488.96,20,Card,SUCCESS
TXN04439,2024-07-14,CUS0014,Pakistan,AGT004,Maria Santos,718.26,18,Cash,SUCCESS
TXN01859,2024-07-15,CUS0066,Bangladesh,AGT007,Rajesh Kumar,760.63,0,Cash,FAILED
TXN01009,2024-07-15,CUS0744,India,AGT008,Sarah Johnson,1577.84,25,Cash,SUCCESS
TXN04702,2024-07-15,CUS0726,Pakistan,AGT003,Mohammad Raza,453.15,18,Card,SUCCESS
TXN01495,2024-07-15,CUS0531,Philippines,AGT002,Priya Sharma,1316.37,20,Bank Transfer,SUCCESS
TXN02544,2024-07-15,CUS0165,India,AGT001,Ahmed Al Mansoori,1088.95,25,Card,SUCCESS
TXN02700,2024-07-15,CUS0113,India,AGT003,Mohammad Raza,1678.42,25,Cash,SUCCESS
TXN04635,2024-07-15,CUS0096,India,AGT005,John Mathew,955.48,25,Card,SUCCESS
TXN04643,2024-07-15,CUS0568,Egypt,AGT003,Mohammad Raza,1025.53,22,Cash,SUCCESS
TXN02899,2024-07-15,CUS0713,Pakistan,AGT002,Priya Sharma,731.01,18,Cash,SUCCESS
TXN01037,2024-07-15,CUS0713,Pakistan,AGT005,John Mathew,505.82,18,Cash,SUCCESS
TXN04803,2024-07-16,CUS0223,India,AGT005,John Mathew,697.64,25,Cash,SUCCESS
TXN03091,2024-07-16,CUS0333,Pakistan,AGT004,Maria Santos,363.68,18,Card,SUCCESS
TXN02399,2024-07-16,CUS0143,Philippines,AGT001,Ahmed Al Mansoori,955.96,20,Cash,SUCCESS
TXN00747,2024-07-16,CUS0208,India,AGT001,Ahmed Al Mansoori,1267.24,25,Bank Transfer,SUCCESS
TXN02548,2024-07-16,CUS0103,Philippines,AGT004,Maria Santos,747.51,20,Cash,SUCCESS
TXN01517,2024-07-16,CUS0730,India,AGT004,Maria Santos,1744.84,25,Card,SUCCESS
TXN01431,2024-07-16,CUS0299,India,AGT004,Maria Santos,1310.67,25,Cash,SUCCESS
TXN02583,2024-07-16,CUS0080,Sri Lanka,AGT007,Rajesh Kumar,738.05,15,Cash,SUCCESS
TXN04329,2024-07-16,CUS0477,Pakistan,AGT008,Sarah Johnson,1207.86,18,Card,SUCCESS
TXN00243,2024-07-16,CUS0342,India,AGT003,Mohammad Raza,1381.8,0,Card,FAILED
TXN00277,2024-07-16,CUS0509,India,AGT003,Mohammad Raza,1271.66,25,Cash,SUCCESS
TXN04353,2024-07-16,CUS0267,Pakistan,AGT007,Rajesh Kumar,740.22,18,Card,SUCCESS
TXN01207,2024-07-17,CUS0262,India,AGT007,Rajesh Kumar,947.28,25,Bank Transfer,SUCCESS
TXN04576,2024-07-17,CUS0608,India,AGT007,Rajesh Kumar,1120.25,25,Cash,SUCCESS
TXN04673,2024-07-17,CUS0053,India,AGT003,Mohammad Raza,1372.89,25,Card,SUCCESS
TXN00269,2024-07-17,CUS0766,Kenya,AGT005,John Mathew,824.59,0,Card,FAILED
TXN01465,2024-07-17,CUS0341,Pakistan,AGT003,Mohammad Raza,660.67,18,Card,SUCCESS
TXN03399,2024-07-17,CUS0226,Bangladesh,AGT004,Maria Santos,1177.0,15,Cash,SUCCESS
TXN03766,2024-07-17,CUS0306,India,AGT001,Ahmed Al Mansoori,1206.34,25,Card,SUCCESS
TXN02274,2024-07-17,CUS0270,Bangladesh,AGT006,Fatima Al Zaabi,707.17,15,Cash,SUCCESS
TXN00450,2024-07-17,CUS0357,Pakistan,AGT002,Priya Sharma,545.79,18,Cash,SUCCESS
TXN00889,2024-07-17,CUS0111,Pakistan,AGT006,Fatima Al Zaabi,941.76,0,Bank Transfer,FAILED
TXN03863,2024-07-17,CUS0587,Philippines,AGT004,Maria Santos,898.1,20,Cash,SUCCESS
TXN04298,2024-07-17,CUS0247,India,AGT008,Sarah Johnson,1245.46,25,Card,SUCCESS
TXN02347,2024-07-17,CUS0334,Philippines,AGT006,Fatima Al Zaabi,770.71,20,Cash,SUCCESS
TXN01694,2024-07-17,CUS0157,India,AGT002,Priya Sharma,715.45,25,Bank Transfer,SUCCESS
TXN00545,2024-07-17,CUS0181,Philippines,AGT003,Mohammad Raza,232.66,20,Cash,SUCCESS
TXN04060,2024-07-17,CUS0004,India,AGT004,Maria Santos,1114.68,25,Bank Transfer,SUCCESS
TXN02485,2024-07-17,CUS0439,Philippines,AGT005,John Mathew,751.62,20,Bank Transfer,SUCCESS
TXN00907,2024-07-17,CUS0168,Philippines,AGT003,Mohammad Raza,532.84,20,Cash,SUCCESS
TXN01935,2024-07-17,CUS0131,Egypt,AGT006,Fatima Al Zaabi,1972.63,22,Card,SUCCESS
TXN03479,2024-07-17,CUS0786,India,AGT005,John Mathew,1615.29,25,Bank Transfer,SUCCESS
TXN03977,2024-07-18,CUS0747,Bangladesh,AGT006,Fatima Al Zaabi,806.31,15,Cash,SUCCESS
TXN00093,2024-07-18,CUS0742,India,AGT007,Rajesh Kumar,947.26,25,Cash,SUCCESS
TXN01573,2024-07-18,CUS0489,India,AGT007,Rajesh Kumar,1305.68,25,Cash,SUCCESS
TXN04143,2024-07-18,CUS0213,India,AGT008,Sarah Johnson,1337.27,25,Card,SUCCESS
TXN00832,2024-07-18,CUS0331,Bangladesh,AGT005,John Mathew,507.08,15,Card,SUCCESS
TXN04206,2024-07-18,CUS0253,Kenya,AGT006,Fatima Al Zaabi,771.5,20,Card,SUCCESS
TXN00091,2024-07-18,CUS0552,Sri Lanka,AGT007,Rajesh Kumar,771.84,15,Card,SUCCESS
TXN03491,2024-07-18,CUS0702,India,AGT005,John Mathew,1082.27,25,Cash,SUCCESS
TXN02878,2024-07-18,CUS0703,Philippines,AGT006,Fatima Al Zaabi,719.7,20,Cash,SUCCESS
TXN02658,2024-07-18,CUS0107,Nepal,AGT007,Rajesh Kumar,760.24,12,Card,SUCCESS
TXN01338,2024-07-18,CUS0423,India,AGT003,Mohammad Raza,1091.11,25,Cash,SUCCESS
TXN01305,2024-07-18,CUS0533,Bangladesh,AGT003,Mohammad Raza,812.67,15,Cash,SUCCESS
TXN02094,2024-07-18,CUS0677,India,AGT001,Ahmed Al Mansoori,790.02,25,Bank Transfer,SUCCESS
TXN03307,2024-07-18,CUS0251,India,AGT008,Sarah Johnson,1391.52,25,Card,SUCCESS
TXN03071,2024-07-18,CUS0182,India,AGT002,Priya Sharma,743.04,25,Bank Transfer,SUCCESS
TXN01168,2024-07-18,CUS0583,Philippines,AGT002,Priya Sharma,1052.26,20,Card,SUCCESS
TXN04867,2024-07-18,CUS0521,India,AGT001,Ahmed Al Mansoori,1268.73,25,Card,SUCCESS
TXN03702,2024-07-19,CUS0617,Pakistan,AGT007,Rajesh Kumar,1148.63,18,Cash,SUCCESS
TXN01537,2024-07-19,CUS0023,India,AGT003,Mohammad Raza,1384.9,25,Cash,SUCCESS
TXN01433,2024-07-19,CUS0133,India,AGT002,Priya Sharma,1509.77,25,Cash,SUCCESS
TXN01272,2024-07-19,CUS0106,India,AGT001,Ahmed Al Mansoori,1419.29,25,Card,SUCCESS
TXN04927,2024-07-19,CUS0614,India,AGT003,Mohammad Raza,1038.52,25,Cash,SUCCESS
TXN03663,2024-07-19,CUS0360,Nepal,AGT007,Rajesh Kumar,667.2,12,Card,SUCCESS
TXN02783,2024-07-19,CUS0138,Philippines,AGT006,Fatima Al Zaabi,575.14,20,Cash,SUCCESS
TXN03200,2024-07-19,CUS0471,India,AGT002,Priya Sharma,1357.43,25,Cash,SUCCESS
TXN03894,2024-07-19,CUS0544,India,AGT001,Ahmed Al Mansoori,513.12,25,Cash,SUCCESS
TXN02533,2024-07-19,CUS0582,Philippines,AGT005,John Mathew,1049.99,20,Cash,SUCCESS
TXN02234,2024-07-19,CUS0359,Pakistan,AGT004,Maria Santos,1014.22,18,Bank Transfer,SUCCESS
TXN04519,2024-07-19,CUS0435,India,AGT001,Ahmed Al Mansoori,1325.4,25,Cash,SUCCESS
TXN04857,2024-07-20,CUS0463,Kenya,AGT006,Fatima Al Zaabi,1198.16,20,Card,SUCCESS
TXN04157,2024-07-20,CUS0179,Egypt,AGT005,John Mathew,1273.76,22,Bank Transfer,SUCCESS
TXN03169,2024-07-20,CUS0361,Philippines,AGT006,Fatima Al Zaabi,873.91,20,Bank Transfer,SUCCESS
TXN02444,2024-07-20,CUS0463,India,AGT005,John Mathew,1448.29,0,Card,FAILED
TXN03469,2024-07-20,CUS0176,Sri Lanka,AGT006,Fatima Al Zaabi,647.73,15,Bank Transfer,SUCCESS
TXN03485,2024-07-20,CUS0433,Philippines,AGT006,Fatima Al Zaabi,627.14,20,Bank Transfer,SUCCESS
TXN04029,2024-07-20,CUS0219,Nepal,AGT004,Maria Santos,887.74,12,Cash,SUCCESS
TXN03359,2024-07-20,CUS0195,Sri Lanka,AGT007,Rajesh Kumar,853.09,15,Cash,SUCCESS
TXN02013,2024-07-20,CUS0724,Philippines,AGT007,Rajesh Kumar,692.33,20,Cash,SUCCESS
TXN03738,2024-07-20,CUS0181,Pakistan,AGT004,Maria Santos,761.75,18,Cash,SUCCESS
TXN00523,2024-07-20,CUS0326,Bangladesh,AGT006,Fatima Al Zaabi,560.85,15,Cash,SUCCESS
TXN01985,2024-07-20,CUS0464,Kenya,AGT002,Priya Sharma,1221.64,20,Bank Transfer,SUCCESS
TXN02535,2024-07-20,CUS0261,India,AGT004,Maria Santos,1049.75,25,Cash,SUCCESS
TXN02994,2024-07-20,CUS0081,Philippines,AGT003,Mohammad Raza,842.7,20,Cash,SUCCESS
TXN01854,2024-07-20,CUS0386,India,AGT008,Sarah Johnson,1530.9,25,Card,SUCCESS
TXN01800,2024-07-20,CUS0508,India,AGT005,John Mathew,1207.67,25,Card,SUCCESS
TXN04768,2024-07-20,CUS0523,Philippines,AGT005,John Mathew,831.75,20,Cash,SUCCESS
TXN03462,2024-07-21,CUS0567,Philippines,AGT001,Ahmed Al Mansoori,1412.27,20,Cash,SUCCESS
TXN02477,2024-07-21,CUS0225,Philippines,AGT007,Rajesh Kumar,837.67,20,Card,SUCCESS
TXN03003,2024-07-21,CUS0655,Nepal,AGT008,Sarah Johnson,525.55,12,Cash,SUCCESS
TXN02174,2024-07-21,CUS0542,Nepal,AGT001,Ahmed Al Mansoori,627.32,12,Bank Transfer,SUCCESS
TXN00552,2024-07-21,CUS0310,Pakistan,AGT006,Fatima Al Zaabi,762.64,18,Bank Transfer,SUCCESS
TXN02326,2024-07-21,CUS0089,Nepal,AGT004,Maria Santos,720.37,12,Cash,SUCCESS
TXN02055,2024-07-21,CUS0675,India,AGT001,Ahmed Al Mansoori,715.49,25,Bank Transfer,SUCCESS
TXN03074,2024-07-21,CUS0573,Philippines,AGT008,Sarah Johnson,1340.6,20,Bank Transfer,SUCCESS
TXN04468,2024-07-21,CUS0548,Philippines,AGT002,Priya Sharma,1012.77,20,Cash,SUCCESS
TXN02322,2024-07-21,CUS0132,India,AGT008,Sarah Johnson,1480.42,25,Cash,SUCCESS
TXN04563,2024-07-21,CUS0118,India,AGT007,Rajesh Kumar,877.32,25,Cash,SUCCESS
TXN04982,2024-07-21,CUS0265,India,AGT002,Priya Sharma,1519.35,25,Bank Transfer,SUCCESS
TXN01487,2024-07-21,CUS0394,Kenya,AGT006,Fatima Al Zaabi,545.77,20,Card,SUCCESS
TXN02772,2024-07-21,CUS0105,Bangladesh,AGT003,Mohammad Raza,543.22,0,Card,FAILED
TXN02573,2024-07-21,CUS0538,Pakistan,AGT007,Rajesh Kumar,728.08,18,Card,SUCCESS
TXN02641,2024-07-21,CUS0042,India,AGT004,Maria Santos,1851.35,25,Bank Transfer,SUCCESS
TXN01362,2024-07-21,CUS0583,India,AGT005,John Mathew,1408.54,25,Cash,SUCCESS
TXN02267,2024-07-22,CUS0107,India,AGT007,Rajesh Kumar,559.71,25,Card,SUCCESS
TXN00295,2024-07-22,CUS0539,Kenya,AGT008,Sarah Johnson,1051.75,20,Cash,SUCCESS
TXN01986,2024-07-22,CUS0379,Bangladesh,AGT008,Sarah Johnson,807.75,15,Cash,SUCCESS
TXN02064,2024-07-22,CUS0142,Egypt,AGT004,Maria Santos,1065.94,22,Cash,SUCCESS
TXN00386,2024-07-22,CUS0795,Egypt,AGT006,Fatima Al Zaabi,1149.63,22,Cash,SUCCESS
TXN04538,2024-07-22,CUS0330,Pakistan,AGT002,Priya Sharma,727.2,18,Card,SUCCESS
TXN01499,2024-07-22,CUS0173,Bangladesh,AGT001,Ahmed Al Mansoori,915.05,15,Cash,SUCCESS
TXN00103,2024-07-22,CUS0078,Egypt,AGT004,Maria Santos,986.9,22,Bank Transfer,SUCCESS
TXN04308,2024-07-22,CUS0548,Pakistan,AGT006,Fatima Al Zaabi,975.67,18,Cash,SUCCESS
TXN00572,2024-07-22,CUS0094,Philippines,AGT005,John Mathew,1352.64,20,Cash,SUCCESS
TXN04225,2024-07-22,CUS0792,Nepal,AGT005,John Mathew,352.79,12,Cash,SUCCESS
TXN01706,2024-07-22,CUS0412,Bangladesh,AGT004,Maria Santos,649.34,15,Cash,SUCCESS
TXN00728,2024-07-22,CUS0679,Philippines,AGT001,Ahmed Al Mansoori,993.85,20,Bank Transfer,SUCCESS
TXN01249,2024-07-23,CUS0167,India,AGT004,Maria Santos,1284.16,25,Cash,SUCCESS
TXN04065,2024-07-23,CUS0506,India,AGT006,Fatima Al Zaabi,842.99,25,Bank Transfer,SUCCESS
TXN02088,2024-07-23,CUS0280,Egypt,AGT005,John Mathew,1051.23,0,Cash,FAILED
TXN00437,2024-07-23,CUS0441,Kenya,AGT006,Fatima Al Zaabi,1414.16,20,Cash,SUCCESS
TXN03456,2024-07-23,CUS0627,Pakistan,AGT003,Mohammad Raza,1292.71,18,Card,SUCCESS
TXN02824,2024-07-23,CUS0602,Pakistan,AGT004,Maria Santos,462.75,18,Cash,SUCCESS
TXN03427,2024-07-23,CUS0611,Bangladesh,AGT002,Priya Sharma,753.04,15,Cash,SUCCESS
TXN03824,2024-07-23,CUS0057,India,AGT007,Rajesh Kumar,1265.7,25,Cash,SUCCESS
TXN03907,2024-07-23,CUS0523,Nepal,AGT005,John Mathew,838.58,12,Cash,SUCCESS
TXN01564,2024-07-23,CUS0693,Philippines,AGT005,John Mathew,1138.69,20,Card,SUCCESS
TXN02049,2024-07-23,CUS0259,Philippines,AGT004,Maria Santos,811.47,20,Card,SUCCESS
TXN03918,2024-07-23,CUS0728,Pakistan,AGT008,Sarah Johnson,931.6,18,Card,SUCCESS
TXN03265,2024-07-23,CUS0381,Pakistan,AGT006,Fatima Al Zaabi,959.7,18,Cash,SUCCESS
TXN04775,2024-07-23,CUS0492,India,AGT004,Maria Santos,364.69,25,Card,SUCCESS
TXN04112,2024-07-23,CUS0118,Bangladesh,AGT003,Mohammad Raza,536.75,15,Card,SUCCESS
TXN03792,2024-07-23,CUS0146,India,AGT002,Priya Sharma,1051.53,25,Bank Transfer,SUCCESS
TXN03279,2024-07-23,CUS0193,Bangladesh,AGT007,Rajesh Kumar,716.72,15,Cash,SUCCESS
TXN04926,2024-07-23,CUS0196,Pakistan,AGT003,Mohammad Raza,679.7,18,Card,SUCCESS
TXN02253,2024-07-23,CUS0686,Nepal,AGT007,Rajesh Kumar,338.79,12,Cash,SUCCESS
TXN01997,2024-07-23,CUS0446,India,AGT002,Priya Sharma,1190.45,25,Card,SUCCESS
TXN03735,2024-07-24,CUS0367,Philippines,AGT003,Mohammad Raza,1114.16,20,Cash,SUCCESS
TXN04729,2024-07-24,CUS0086,India,AGT004,Maria Santos,1773.36,25,Card,SUCCESS
TXN00532,2024-07-24,CUS0597,Philippines,AGT002,Priya Sharma,451.39,20,Bank Transfer,SUCCESS
TXN04585,2024-07-24,CUS0343,Pakistan,AGT008,Sarah Johnson,754.82,18,Card,SUCCESS
TXN00859,2024-07-24,CUS0547,Philippines,AGT003,Mohammad Raza,750.9,20,Cash,SUCCESS
TXN04116,2024-07-24,CUS0122,Philippines,AGT001,Ahmed Al Mansoori,799.38,20,Card,SUCCESS
TXN02070,2024-07-24,CUS0311,Philippines,AGT001,Ahmed Al Mansoori,1150.08,20,Card,SUCCESS
TXN03681,2024-07-24,CUS0005,India,AGT007,Rajesh Kumar,796.96,25,Cash,SUCCESS
TXN03334,2024-07-24,CUS0608,India,AGT008,Sarah Johnson,1406.67,25,Cash,SUCCESS
TXN04830,2024-07-24,CUS0649,Nepal,AGT008,Sarah Johnson,410.89,12,Cash,SUCCESS
TXN03982,2024-07-24,CUS0403,India,AGT001,Ahmed Al Mansoori,1790.62,25,Cash,SUCCESS
TXN02230,2024-07-24,CUS0488,India,AGT007,Rajesh Kumar,1562.7,25,Cash,SUCCESS
TXN03547,2024-07-24,CUS0714,India,AGT006,Fatima Al Zaabi,1447.34,25,Card,SUCCESS
TXN01592,2024-07-24,CUS0442,Philippines,AGT002,Priya Sharma,111.24,20,Cash,SUCCESS
TXN04267,2024-07-24,CUS0797,India,AGT006,Fatima Al Zaabi,1304.72,25,Bank Transfer,SUCCESS
TXN01461,2024-07-24,CUS0399,Pakistan,AGT001,Ahmed Al Mansoori,766.77,18,Cash,SUCCESS
TXN01378,2024-07-24,CUS0239,India,AGT007,Rajesh Kumar,1574.37,25,Card,SUCCESS
TXN04187,2024-07-25,CUS0200,India,AGT003,Mohammad Raza,2045.67,0,Bank Transfer,FAILED
TXN02006,2024-07-25,CUS0080,Egypt,AGT004,Maria Santos,1170.39,22,Cash,SUCCESS
TXN01418,2024-07-25,CUS0484,Egypt,AGT001,Ahmed Al Mansoori,1188.64,22,Bank Transfer,SUCCESS
TXN04387,2024-07-25,CUS0391,Philippines,AGT006,Fatima Al Zaabi,714.7,20,Cash,SUCCESS
TXN02289,2024-07-25,CUS0418,Pakistan,AGT007,Rajesh Kumar,656.6,18,Cash,SUCCESS
TXN01157,2024-07-25,CUS0743,India,AGT007,Rajesh Kumar,952.27,25,Card,SUCCESS
TXN02886,2024-07-25,CUS0712,Egypt,AGT004,Maria Santos,935.09,22,Card,SUCCESS
TXN03618,2024-07-25,CUS0403,Pakistan,AGT004,Maria Santos,731.8,18,Card,SUCCESS
TXN04205,2024-07-25,CUS0577,Philippines,AGT006,Fatima Al Zaabi,929.84,20,Cash,SUCCESS
TXN04190,2024-07-25,CUS0106,Philippines,AGT001,Ahmed Al Mansoori,882.96,20,Cash,SUCCESS
TXN02659,2024-07-25,CUS0636,India,AGT004,Maria Santos,1261.86,25,Card,SUCCESS
TXN03136,2024-07-25,CUS0273,Egypt,AGT007,Rajesh Kumar,1246.19,22,Cash,SUCCESS
TXN01546,2024-07-25,CUS0247,India,AGT002,Priya Sharma,1368.76,25,Cash,SUCCESS
TXN02996,2024-07-25,CUS0319,Philippines,AGT002,Priya Sharma,920.92,20,Card,SUCCESS
TXN04834,2024-07-25,CUS0027,India,AGT008,Sarah Johnson,1423.11,25,Bank Transfer,SUCCESS
TXN03751,2024-07-25,CUS0034,Pakistan,AGT004,Maria Santos,659.38,18,Bank Transfer,SUCCESS
TXN01835,2024-07-25,CUS0782,Pakistan,AGT008,Sarah Johnson,653.02,18,Cash,SUCCESS
TXN02104,2024-07-25,CUS0294,Philippines,AGT008,Sarah Johnson,1203.87,20,Cash,SUCCESS
TXN04428,2024-07-25,CUS0259,Philippines,AGT002,Priya Sharma,672.03,20,Bank Transfer,SUCCESS
TXN00143,2024-07-25,CUS0674,Sri Lanka,AGT001,Ahmed Al Mansoori,388.32,15,Cash,SUCCESS
TXN00629,2024-07-25,CUS0745,India,AGT004,Maria Santos,1220.06,25,Cash,SUCCESS
TXN02398,2024-07-25,CUS0464,Philippines,AGT008,Sarah Johnson,628.93,20,Card,SUCCESS
TXN02702,2024-07-25,CUS0248,India,AGT002,Priya Sharma,1592.75,25,Cash,SUCCESS
TXN02261,2024-07-26,CUS0655,India,AGT008,Sarah Johnson,1357.23,25,Cash,SUCCESS
TXN04454,2024-07-26,CUS0491,Nepal,AGT007,Rajesh Kumar,653.38,12,Cash,SUCCESS
TXN00770,2024-07-26,CUS0755,Pakistan,AGT001,Ahmed Al Mansoori,1234.99,18,Bank Transfer,SUCCESS
TXN00705,2024-07-26,CUS0399,Philippines,AGT001,Ahmed Al Mansoori,479.71,20,Card,SUCCESS
TXN00743,2024-07-26,CUS0737,Pakistan,AGT001,Ahmed Al Mansoori,650.04,18,Bank Transfer,SUCCESS
TXN01159,2024-07-26,CUS0151,Kenya,AGT005,John Mathew,1229.8,20,Cash,SUCCESS
TXN00226,2024-07-26,CUS0176,India,AGT006,Fatima Al Zaabi,1592.02,25,Card,SUCCESS
TXN02601,2024-07-26,CUS0264,India,AGT005,John Mathew,524.44,25,Cash,SUCCESS
TXN04010,2024-07-26,CUS0339,Pakistan,AGT007,Rajesh Kumar,952.0,18,Cash,SUCCESS
TXN04972,2024-07-26,CUS0229,Bangladesh,AGT005,John Mathew,682.98,15,Bank Transfer,SUCCESS
TXN03501,2024-07-26,CUS0501,India,AGT006,Fatima Al Zaabi,1625.03,25,Cash,SUCCESS
TXN03639,2024-07-26,CUS0734,Philippines,AGT003,Mohammad Raza,866.59,0,Cash,FAILED
TXN02858,2024-07-26,CUS0016,Philippines,AGT003,Mohammad Raza,837.76,20,Cash,SUCCESS
TXN03033,2024-07-27,CUS0001,India,AGT003,Mohammad Raza,1363.26,25,Card,SUCCESS
TXN04453,2024-07-27,CUS0664,Bangladesh,AGT006,Fatima Al Zaabi,941.43,15,Card,SUCCESS
TXN04211,2024-07-27,CUS0766,India,AGT006,Fatima Al Zaabi,1107.72,25,Cash,SUCCESS
TXN00773,2024-07-27,CUS0516,Philippines,AGT002,Priya Sharma,1070.75,20,Bank Transfer,SUCCESS
TXN01991,2024-07-27,CUS0707,Sri Lanka,AGT005,John Mathew,930.09,15,Card,SUCCESS
TXN00591,2024-07-27,CUS0058,Bangladesh,AGT006,Fatima Al Zaabi,715.03,15,Cash,SUCCESS
TXN04064,2024-07-27,CUS0512,Kenya,AGT006,Fatima Al Zaabi,1040.78,20,Card,SUCCESS
TXN03366,2024-07-27,CUS0020,India,AGT002,Priya Sharma,1903.17,25,Card,SUCCESS
TXN02519,2024-07-27,CUS0248,Pakistan,AGT003,Mohammad Raza,744.85,18,Cash,SUCCESS
TXN04734,2024-07-27,CUS0244,Bangladesh,AGT007,Rajesh Kumar,799.42,15,Cash,SUCCESS
TXN03911,2024-07-27,CUS0133,India,AGT002,Priya Sharma,690.5,25,Cash,SUCCESS
TXN02670,2024-07-27,CUS0336,India,AGT005,John Mathew,1425.23,25,Cash,SUCCESS
TXN02285,2024-07-27,CUS0007,India,AGT006,Fatima Al Zaabi,1032.81,25,Cash,SUCCESS
TXN04591,2024-07-27,CUS0173,India,AGT002,Priya Sharma,979.11,25,Bank Transfer,SUCCESS
TXN04690,2024-07-28,CUS0744,Philippines,AGT006,Fatima Al Zaabi,769.61,20,Cash,SUCCESS
TXN03377,2024-07-28,CUS0752,Philippines,AGT002,Priya Sharma,824.45,20,Card,SUCCESS
TXN01504,2024-07-28,CUS0652,Philippines,AGT002,Priya Sharma,899.09,20,Cash,SUCCESS
TXN02987,2024-07-28,CUS0056,Philippines,AGT004,Maria Santos,866.87,20,Cash,SUCCESS
TXN01967,2024-07-28,CUS0268,India,AGT006,Fatima Al Zaabi,1128.96,25,Cash,SUCCESS
TXN04289,2024-07-28,CUS0751,Nepal,AGT005,John Mathew,871.64,12,Cash,SUCCESS
TXN02350,2024-07-28,CUS0219,Philippines,AGT005,John Mathew,794.16,20,Cash,SUCCESS
TXN01927,2024-07-28,CUS0574,Philippines,AGT006,Fatima Al Zaabi,216.82,20,Bank Transfer,SUCCESS
TXN01700,2024-07-28,CUS0452,Sri Lanka,AGT003,Mohammad Raza,790.41,15,Bank Transfer,SUCCESS
TXN03435,2024-07-28,CUS0724,India,AGT003,Mohammad Raza,2018.08,0,Cash,FAILED
TXN00665,2024-07-28,CUS0193,India,AGT004,Maria Santos,943.38,25,Bank Transfer,SUCCESS
TXN01931,2024-07-28,CUS0590,Philippines,AGT003,Mohammad Raza,568.02,20,Bank Transfer,SUCCESS
TXN03143,2024-07-28,CUS0471,India,AGT001,Ahmed Al Mansoori,1164.33,25,Bank Transfer,SUCCESS
TXN04916,2024-07-28,CUS0035,Nepal,AGT008,Sarah Johnson,638.05,12,Bank Transfer,SUCCESS
TXN04274,2024-07-29,CUS0689,Philippines,AGT001,Ahmed Al Mansoori,608.47,20,Bank Transfer,SUCCESS
TXN03743,2024-07-29,CUS0513,Philippines,AGT008,Sarah Johnson,986.85,20,Cash,SUCCESS
TXN01729,2024-07-29,CUS0649,India,AGT002,Priya Sharma,1332.22,25,Card,SUCCESS
TXN00650,2024-07-29,CUS0268,Philippines,AGT002,Priya Sharma,1087.98,20,Cash,SUCCESS
TXN00585,2024-07-29,CUS0586,India,AGT008,Sarah Johnson,1265.47,25,Cash,SUCCESS
TXN01314,2024-07-29,CUS0436,India,AGT001,Ahmed Al Mansoori,1400.81,25,Cash,SUCCESS
TXN02717,2024-07-29,CUS0091,Sri Lanka,AGT002,Priya Sharma,890.74,15,Cash,SUCCESS
TXN01055,2024-07-29,CUS0626,India,AGT003,Mohammad Raza,1001.89,25,Card,SUCCESS
TXN03856,2024-07-29,CUS0035,Bangladesh,AGT007,Rajesh Kumar,668.23,15,Cash,SUCCESS
TXN03413,2024-07-29,CUS0606,India,AGT003,Mohammad Raza,1916.96,25,Card,SUCCESS
TXN04828,2024-07-29,CUS0760,India,AGT004,Maria Santos,1487.28,25,Card,SUCCESS
TXN01019,2024-07-29,CUS0702,India,AGT002,Priya Sharma,1084.67,25,Cash,SUCCESS
TXN03344,2024-07-30,CUS0306,Pakistan,AGT004,Maria Santos,1095.2,18,Card,SUCCESS
TXN04156,2024-07-30,CUS0002,Philippines,AGT002,Priya Sharma,841.37,20,Cash,SUCCESS
TXN00673,2024-07-30,CUS0719,Pakistan,AGT005,John Mathew,717.75,18,Cash,SUCCESS
TXN02974,2024-07-30,CUS0289,India,AGT003,Mohammad Raza,1915.42,25,Bank Transfer,SUCCESS
TXN02038,2024-07-30,CUS0280,India,AGT004,Maria Santos,1016.77,25,Cash,SUCCESS
TXN01749,2024-07-30,CUS0216,India,AGT002,Priya Sharma,1268.25,25,Cash,SUCCESS
TXN02273,2024-07-30,CUS0643,India,AGT007,Rajesh Kumar,956.75,25,Bank Transfer,SUCCESS
TXN03558,2024-07-30,CUS0639,India,AGT002,Priya Sharma,1244.31,25,Cash,SUCCESS
TXN01783,2024-07-30,CUS0535,Pakistan,AGT002,Priya Sharma,438.87,18,Card,SUCCESS
TXN02983,2024-07-30,CUS0461,Pakistan,AGT002,Priya Sharma,975.8,18,Card,SUCCESS
TXN01724,2024-07-30,CUS0556,Philippines,AGT006,Fatima Al Zaabi,1066.15,20,Bank Transfer,SUCCESS
TXN02711,2024-07-30,CUS0106,Pakistan,AGT002,Priya Sharma,603.58,18,Bank Transfer,SUCCESS
TXN00974,2024-07-30,CUS0562,India,AGT004,Maria Santos,965.06,25,Cash,SUCCESS
TXN01734,2024-07-31,CUS0425,Pakistan,AGT001,Ahmed Al Mansoori,727.24,18,Cash,SUCCESS
TXN04300,2024-07-31,CUS0429,India,AGT004,Maria Santos,914.69,25,Cash,SUCCESS
TXN00089,2024-07-31,CUS0399,India,AGT007,Rajesh Kumar,1009.29,25,Card,SUCCESS
TXN02207,2024-07-31,CUS0138,Sri Lanka,AGT008,Sarah Johnson,1083.93,15,Bank Transfer,SUCCESS
TXN00854,2024-07-31,CUS0632,Nepal,AGT001,Ahmed Al Mansoori,814.02,12,Cash,SUCCESS
TXN00306,2024-07-31,CUS0349,Philippines,AGT004,Maria Santos,931.68,20,Cash,SUCCESS
TXN00219,2024-07-31,CUS0354,India,AGT002,Priya Sharma,1025.27,25,Cash,SUCCESS
TXN00940,2024-07-31,CUS0359,Philippines,AGT006,Fatima Al Zaabi,747.7,20,Card,SUCCESS
TXN03694,2024-07-31,CUS0566,India,AGT001,Ahmed Al Mansoori,1580.65,25,Cash,SUCCESS
TXN01050,2024-07-31,CUS0567,India,AGT006,Fatima Al Zaabi,1696.83,25,Cash,SUCCESS
TXN01273,2024-07-31,CUS0038,Nepal,AGT005,John Mathew,403.38,12,Cash,SUCCESS
TXN01114,2024-07-31,CUS0168,Nepal,AGT005,John Mathew,689.22,12,Bank Transfer,SUCCESS
TXN01292,2024-07-31,CUS0252,Bangladesh,AGT001,Ahmed Al Mansoori,1223.53,15,Cash,SUCCESS
TXN03482,2024-07-31,CUS0032,Sri Lanka,AGT001,Ahmed Al Mansoori,164.29,15,Card,SUCCESS
TXN01118,2024-07-31,CUS0728,India,AGT008,Sarah Johnson,1179.26,25,Bank Transfer,SUCCESS
TXN00151,2024-07-31,CUS0003,India,AGT005,John Mathew,1290.18,25,Cash,SUCCESS
TXN00497,2024-07-31,CUS0085,Philippines,AGT007,Rajesh Kumar,619.94,20,Card,SUCCESS
TXN03851,2024-07-31,CUS0479,India,AGT007,Rajesh Kumar,1011.12,0,Bank Transfer,FAILED
TXN02089,2024-07-31,CUS0274,Pakistan,AGT005,John Mathew,691.22,18,Card,SUCCESS
TXN00380,2024-08-01,CUS0398,Pakistan,AGT003,Mohammad Raza,606.01,18,Cash,SUCCESS
TXN04914,2024-08-01,CUS0389,India,AGT007,Rajesh Kumar,1256.87,25,Card,SUCCESS
TXN04243,2024-08-01,CUS0414,Sri Lanka,AGT002,Priya Sharma,617.27,15,Bank Transfer,SUCCESS
TXN01317,2024-08-01,CUS0518,Nepal,AGT003,Mohammad Raza,408.28,12,Card,SUCCESS
TXN03439,2024-08-01,CUS0676,Nepal,AGT003,Mohammad Raza,368.1,12,Card,SUCCESS
TXN00590,2024-08-01,CUS0193,Pakistan,AGT002,Priya Sharma,594.54,18,Bank Transfer,SUCCESS
TXN00930,2024-08-01,CUS0689,Kenya,AGT003,Mohammad Raza,931.26,20,Card,SUCCESS
TXN02159,2024-08-01,CUS0057,India,AGT007,Rajesh Kumar,1661.39,25,Cash,SUCCESS
TXN01828,2024-08-01,CUS0313,Pakistan,AGT005,John Mathew,1138.62,18,Card,SUCCESS
TXN02107,2024-08-02,CUS0634,Philippines,AGT001,Ahmed Al Mansoori,656.83,20,Card,SUCCESS
TXN02102,2024-08-02,CUS0328,Egypt,AGT005,John Mathew,802.32,22,Card,SUCCESS
TXN00583,2024-08-02,CUS0152,India,AGT003,Mohammad Raza,1427.8,25,Card,SUCCESS
TXN01576,2024-08-02,CUS0450,Bangladesh,AGT003,Mohammad Raza,692.52,15,Card,SUCCESS
TXN01128,2024-08-02,CUS0050,Pakistan,AGT006,Fatima Al Zaabi,618.97,18,Card,SUCCESS
TXN03577,2024-08-02,CUS0559,Kenya,AGT003,Mohammad Raza,712.89,20,Cash,SUCCESS
TXN00539,2024-08-02,CUS0646,India,AGT004,Maria Santos,1562.27,25,Card,SUCCESS
TXN02761,2024-08-02,CUS0378,Bangladesh,AGT003,Mohammad Raza,832.2,15,Bank Transfer,SUCCESS
TXN04523,2024-08-02,CUS0178,Philippines,AGT002,Priya Sharma,1034.03,20,Cash,SUCCESS
TXN02852,2024-08-02,CUS0753,India,AGT006,Fatima Al Zaabi,1500.0,25,Card,SUCCESS
TXN01057,2024-08-02,CUS0197,India,AGT004,Maria Santos,1190.8,25,Card,SUCCESS
TXN03999,2024-08-03,CUS0555,Nepal,AGT005,John Mathew,895.81,12,Cash,SUCCESS
TXN00751,2024-08-03,CUS0715,Philippines,AGT001,Ahmed Al Mansoori,650.73,20,Cash,SUCCESS
TXN04677,2024-08-03,CUS0460,India,AGT001,Ahmed Al Mansoori,1449.4,25,Bank Transfer,SUCCESS
TXN04358,2024-08-03,CUS0428,Bangladesh,AGT008,Sarah Johnson,631.95,15,Cash,SUCCESS
TXN00073,2024-08-03,CUS0694,Pakistan,AGT007,Rajesh Kumar,791.4,18,Cash,SUCCESS
TXN04120,2024-08-03,CUS0524,Philippines,AGT008,Sarah Johnson,619.25,20,Bank Transfer,SUCCESS
TXN01177,2024-08-03,CUS0603,India,AGT008,Sarah Johnson,590.54,0,Cash,FAILED
TXN00097,2024-08-03,CUS0482,India,AGT002,Priya Sharma,1306.6,0,Card,FAILED
TXN04869,2024-08-03,CUS0446,Pakistan,AGT008,Sarah Johnson,835.26,18,Card,SUCCESS
TXN00197,2024-08-03,CUS0488,Philippines,AGT002,Priya Sharma,661.36,20,Cash,SUCCESS
TXN01721,2024-08-03,CUS0616,Bangladesh,AGT003,Mohammad Raza,807.75,15,Cash,SUCCESS
TXN03896,2024-08-03,CUS0288,India,AGT005,John Mathew,1560.59,25,Cash,SUCCESS
TXN04983,2024-08-03,CUS0012,Pakistan,AGT001,Ahmed Al Mansoori,868.83,18,Card,SUCCESS
TXN04575,2024-08-03,CUS0269,India,AGT007,Rajesh Kumar,930.23,25,Bank Transfer,SUCCESS
TXN03203,2024-08-03,CUS0365,Nepal,AGT001,Ahmed Al Mansoori,640.01,12,Card,SUCCESS
TXN03607,2024-08-03,CUS0324,Pakistan,AGT006,Fatima Al Zaabi,612.84,18,Bank Transfer,SUCCESS
TXN04501,2024-08-03,CUS0113,India,AGT006,Fatima Al Zaabi,854.84,25,Card,SUCCESS
TXN01770,2024-08-03,CUS0176,India,AGT008,Sarah Johnson,1398.53,25,Card,SUCCESS
TXN04023,2024-08-04,CUS0780,Pakistan,AGT004,Maria Santos,355.56,18,Card,SUCCESS
TXN01791,2024-08-04,CUS0592,India,AGT005,John Mathew,524.94,25,Cash,SUCCESS
TXN01481,2024-08-04,CUS0779,Philippines,AGT007,Rajesh Kumar,1095.04,20,Bank Transfer,SUCCESS
TXN04396,2024-08-04,CUS0559,India,AGT003,Mohammad Raza,711.29,25,Cash,SUCCESS
TXN01253,2024-08-04,CUS0378,India,AGT007,Rajesh Kumar,482.26,25,Cash,SUCCESS
TXN04392,2024-08-04,CUS0395,India,AGT008,Sarah Johnson,1495.17,25,Card,SUCCESS
TXN01193,2024-08-04,CUS0207,Pakistan,AGT001,Ahmed Al Mansoori,655.67,18,Cash,SUCCESS
TXN02484,2024-08-04,CUS0011,Egypt,AGT007,Rajesh Kumar,847.0,22,Cash,SUCCESS
TXN00602,2024-08-04,CUS0471,Sri Lanka,AGT006,Fatima Al Zaabi,542.51,15,Cash,SUCCESS
TXN01308,2024-08-04,CUS0750,Kenya,AGT002,Priya Sharma,947.4,20,Cash,SUCCESS
TXN04134,2024-08-04,CUS0306,Bangladesh,AGT007,Rajesh Kumar,967.1,15,Cash,SUCCESS
TXN04004,2024-08-04,CUS0586,India,AGT008,Sarah Johnson,1370.15,25,Cash,SUCCESS
TXN03867,2024-08-04,CUS0559,Bangladesh,AGT002,Priya Sharma,767.1,15,Card,SUCCESS
TXN03827,2024-08-04,CUS0675,India,AGT007,Rajesh Kumar,776.58,0,Cash,FAILED
TXN01275,2024-08-04,CUS0275,Pakistan,AGT002,Priya Sharma,1091.14,18,Cash,SUCCESS
TXN02319,2024-08-04,CUS0210,Bangladesh,AGT005,John Mathew,582.76,15,Card,SUCCESS
TXN04774,2024-08-04,CUS0655,Philippines,AGT007,Rajesh Kumar,905.23,20,Cash,SUCCESS
TXN04634,2024-08-04,CUS0584,Pakistan,AGT003,Mohammad Raza,1001.06,18,Cash,SUCCESS
TXN03450,2024-08-04,CUS0596,Bangladesh,AGT006,Fatima Al Zaabi,613.14,15,Card,SUCCESS
TXN01676,2024-08-04,CUS0568,Pakistan,AGT008,Sarah Johnson,722.64,18,Cash,SUCCESS
TXN01796,2024-08-04,CUS0413,India,AGT004,Maria Santos,929.29,25,Cash,SUCCESS
TXN04090,2024-08-05,CUS0207,Bangladesh,AGT003,Mohammad Raza,618.65,0,Card,FAILED
TXN00081,2024-08-05,CUS0052,India,AGT008,Sarah Johnson,1120.92,25,Bank Transfer,SUCCESS
TXN02706,2024-08-05,CUS0601,India,AGT005,John Mathew,1576.23,25,Cash,SUCCESS
TXN01115,2024-08-05,CUS0143,Bangladesh,AGT007,Rajesh Kumar,731.59,15,Card,SUCCESS
TXN04445,2024-08-05,CUS0404,India,AGT007,Rajesh Kumar,502.77,25,Bank Transfer,SUCCESS
TXN03793,2024-08-05,CUS0028,India,AGT004,Maria Santos,1292.59,0,Card,FAILED
TXN02667,2024-08-05,CUS0057,India,AGT002,Priya Sharma,1505.34,25,Card,SUCCESS
TXN04700,2024-08-05,CUS0524,Egypt,AGT007,Rajesh Kumar,945.19,22,Cash,SUCCESS
TXN04934,2024-08-05,CUS0558,Pakistan,AGT008,Sarah Johnson,1069.37,18,Card,SUCCESS
TXN02557,2024-08-05,CUS0357,India,AGT005,John Mathew,251.13,25,Cash,SUCCESS
TXN01491,2024-08-05,CUS0490,Bangladesh,AGT004,Maria Santos,584.11,0,Bank Transfer,FAILED
TXN03752,2024-08-05,CUS0213,Kenya,AGT001,Ahmed Al Mansoori,1043.8,20,Bank Transfer,SUCCESS
TXN03077,2024-08-05,CUS0169,India,AGT002,Priya Sharma,1479.06,25,Card,SUCCESS
TXN00462,2024-08-05,CUS0305,India,AGT004,Maria Santos,1212.69,25,Cash,SUCCESS
TXN01681,2024-08-05,CUS0107,India,AGT002,Priya Sharma,1345.34,25,Card,SUCCESS
TXN03718,2024-08-05,CUS0328,Sri Lanka,AGT002,Priya Sharma,1269.28,15,Card,SUCCESS
TXN02649,2024-08-06,CUS0371,India,AGT003,Mohammad Raza,1205.62,0,Bank Transfer,FAILED
TXN03294,2024-08-06,CUS0036,India,AGT006,Fatima Al Zaabi,1321.69,25,Cash,SUCCESS
TXN03782,2024-08-06,CUS0356,India,AGT001,Ahmed Al Mansoori,1082.39,25,Card,SUCCESS
TXN04597,2024-08-06,CUS0194,Kenya,AGT006,Fatima Al Zaabi,870.9,20,Card,SUCCESS
TXN04536,2024-08-06,CUS0762,India,AGT002,Priya Sharma,970.47,25,Card,SUCCESS
TXN00056,2024-08-06,CUS0078,Pakistan,AGT002,Priya Sharma,1023.51,18,Card,SUCCESS
TXN01254,2024-08-06,CUS0475,India,AGT006,Fatima Al Zaabi,1334.66,25,Card,SUCCESS
TXN03654,2024-08-06,CUS0129,India,AGT002,Priya Sharma,902.76,0,Bank Transfer,FAILED
TXN01112,2024-08-06,CUS0013,Philippines,AGT006,Fatima Al Zaabi,958.71,20,Cash,SUCCESS
TXN01366,2024-08-06,CUS0331,Pakistan,AGT001,Ahmed Al Mansoori,761.95,18,Bank Transfer,SUCCESS
TXN00084,2024-08-06,CUS0163,Nepal,AGT008,Sarah Johnson,506.71,12,Cash,SUCCESS
TXN03483,2024-08-06,CUS0049,Philippines,AGT002,Priya Sharma,802.45,20,Bank Transfer,SUCCESS
TXN01025,2024-08-06,CUS0264,Bangladesh,AGT006,Fatima Al Zaabi,1062.78,15,Cash,SUCCESS
TXN03767,2024-08-07,CUS0736,India,AGT007,Rajesh Kumar,848.87,25,Cash,SUCCESS
TXN04201,2024-08-07,CUS0764,India,AGT003,Mohammad Raza,1287.72,0,Bank Transfer,FAILED
TXN04781,2024-08-07,CUS0767,Philippines,AGT002,Priya Sharma,975.35,20,Card,SUCCESS
TXN00720,2024-08-07,CUS0253,India,AGT006,Fatima Al Zaabi,1179.5,25,Card,SUCCESS
TXN04447,2024-08-07,CUS0780,Philippines,AGT006,Fatima Al Zaabi,662.87,20,Card,SUCCESS
TXN01460,2024-08-07,CUS0109,India,AGT004,Maria Santos,1442.35,25,Cash,SUCCESS
TXN03378,2024-08-07,CUS0011,Nepal,AGT006,Fatima Al Zaabi,426.38,12,Cash,SUCCESS
TXN04333,2024-08-07,CUS0349,Kenya,AGT007,Rajesh Kumar,1165.1,0,Cash,FAILED
TXN00212,2024-08-07,CUS0624,Nepal,AGT001,Ahmed Al Mansoori,804.4,12,Bank Transfer,SUCCESS
TXN01509,2024-08-07,CUS0323,India,AGT006,Fatima Al Zaabi,1231.83,25,Bank Transfer,SUCCESS
TXN00688,2024-08-07,CUS0134,India,AGT005,John Mathew,1065.06,25,Bank Transfer,SUCCESS
TXN00478,2024-08-07,CUS0666,India,AGT003,Mohammad Raza,1312.05,25,Bank Transfer,SUCCESS
TXN04863,2024-08-07,CUS0550,Philippines,AGT002,Priya Sharma,714.51,20,Cash,SUCCESS
TXN03834,2024-08-07,CUS0336,Nepal,AGT008,Sarah Johnson,343.86,12,Cash,SUCCESS
TXN04486,2024-08-07,CUS0363,Sri Lanka,AGT007,Rajesh Kumar,391.18,15,Card,SUCCESS
TXN04216,2024-08-07,CUS0423,India,AGT001,Ahmed Al Mansoori,1401.0,25,Cash,SUCCESS
TXN00314,2024-08-08,CUS0745,India,AGT005,John Mathew,1492.86,25,Cash,SUCCESS
TXN01934,2024-08-08,CUS0075,India,AGT003,Mohammad Raza,1161.86,25,Bank Transfer,SUCCESS
TXN03244,2024-08-08,CUS0702,Philippines,AGT004,Maria Santos,1185.86,20,Card,SUCCESS
TXN01223,2024-08-08,CUS0290,Sri Lanka,AGT004,Maria Santos,892.6,15,Cash,SUCCESS
TXN01944,2024-08-08,CUS0102,Philippines,AGT006,Fatima Al Zaabi,807.34,20,Cash,SUCCESS
TXN02762,2024-08-08,CUS0797,India,AGT005,John Mathew,910.45,25,Cash,SUCCESS
TXN01501,2024-08-08,CUS0191,India,AGT006,Fatima Al Zaabi,1480.21,25,Cash,SUCCESS
TXN04520,2024-08-08,CUS0634,India,AGT004,Maria Santos,876.78,25,Bank Transfer,SUCCESS
TXN03551,2024-08-08,CUS0462,India,AGT005,John Mathew,1008.68,25,Cash,SUCCESS
TXN04652,2024-08-08,CUS0468,Philippines,AGT005,John Mathew,1069.19,0,Card,FAILED
TXN01736,2024-08-08,CUS0198,India,AGT007,Rajesh Kumar,618.13,25,Cash,SUCCESS
TXN03130,2024-08-08,CUS0466,Sri Lanka,AGT006,Fatima Al Zaabi,657.41,15,Card,SUCCESS
TXN04494,2024-08-08,CUS0549,Kenya,AGT006,Fatima Al Zaabi,819.29,20,Cash,SUCCESS
TXN04459,2024-08-09,CUS0584,Philippines,AGT001,Ahmed Al Mansoori,481.09,20,Cash,SUCCESS
TXN04030,2024-08-09,CUS0132,Kenya,AGT003,Mohammad Raza,1178.61,20,Cash,SUCCESS
TXN02695,2024-08-09,CUS0062,Philippines,AGT001,Ahmed Al Mansoori,990.14,20,Card,SUCCESS
TXN03806,2024-08-09,CUS0652,India,AGT006,Fatima Al Zaabi,1384.9,25,Card,SUCCESS
TXN03275,2024-08-09,CUS0266,Sri Lanka,AGT008,Sarah Johnson,543.84,15,Card,SUCCESS
TXN02244,2024-08-09,CUS0789,Philippines,AGT002,Priya Sharma,477.65,20,Card,SUCCESS
TXN01441,2024-08-09,CUS0716,Philippines,AGT003,Mohammad Raza,1078.98,20,Cash,SUCCESS
TXN04077,2024-08-09,CUS0611,Pakistan,AGT008,Sarah Johnson,712.85,18,Bank Transfer,SUCCESS
TXN02151,2024-08-09,CUS0454,Pakistan,AGT002,Priya Sharma,757.79,18,Card,SUCCESS
TXN01015,2024-08-09,CUS0344,Pakistan,AGT005,John Mathew,1216.63,18,Bank Transfer,SUCCESS
TXN00794,2024-08-09,CUS0150,Sri Lanka,AGT004,Maria Santos,462.73,15,Card,SUCCESS
TXN04188,2024-08-09,CUS0713,Sri Lanka,AGT006,Fatima Al Zaabi,588.89,0,Cash,FAILED
TXN02470,2024-08-09,CUS0141,India,AGT005,John Mathew,1124.65,25,Cash,SUCCESS
TXN02791,2024-08-10,CUS0532,Kenya,AGT001,Ahmed Al Mansoori,1119.58,20,Cash,SUCCESS
TXN00870,2024-08-10,CUS0789,Philippines,AGT002,Priya Sharma,1442.76,20,Card,SUCCESS
TXN04037,2024-08-10,CUS0519,Philippines,AGT006,Fatima Al Zaabi,1039.58,20,Cash,SUCCESS
TXN01639,2024-08-10,CUS0096,Philippines,AGT008,Sarah Johnson,1456.88,20,Cash,SUCCESS
TXN02307,2024-08-10,CUS0025,Philippines,AGT008,Sarah Johnson,1063.82,20,Cash,SUCCESS
TXN01013,2024-08-10,CUS0392,India,AGT008,Sarah Johnson,1947.09,25,Bank Transfer,SUCCESS
TXN04539,2024-08-10,CUS0792,Bangladesh,AGT002,Priya Sharma,654.04,0,Cash,FAILED
TXN04239,2024-08-10,CUS0039,Philippines,AGT004,Maria Santos,1292.38,20,Cash,SUCCESS
TXN01604,2024-08-10,CUS0498,Philippines,AGT005,John Mathew,684.22,20,Cash,SUCCESS
TXN03422,2024-08-10,CUS0412,Pakistan,AGT008,Sarah Johnson,781.47,18,Cash,SUCCESS
TXN02981,2024-08-10,CUS0569,India,AGT001,Ahmed Al Mansoori,1295.05,25,Cash,SUCCESS
TXN04178,2024-08-10,CUS0054,Philippines,AGT004,Maria Santos,982.88,20,Bank Transfer,SUCCESS
TXN01567,2024-08-10,CUS0080,Philippines,AGT004,Maria Santos,918.09,20,Card,SUCCESS
TXN02404,2024-08-10,CUS0500,Egypt,AGT003,Mohammad Raza,1010.35,22,Cash,SUCCESS
TXN03445,2024-08-10,CUS0001,Pakistan,AGT002,Priya Sharma,966.9,18,Cash,SUCCESS
TXN00702,2024-08-10,CUS0765,Pakistan,AGT002,Priya Sharma,1051.76,18,Cash,SUCCESS
TXN00815,2024-08-10,CUS0356,Philippines,AGT005,John Mathew,1178.6,20,Cash,SUCCESS
TXN00422,2024-08-10,CUS0496,India,AGT005,John Mathew,1831.92,25,Cash,SUCCESS
TXN01938,2024-08-11,CUS0717,India,AGT008,Sarah Johnson,1368.37,25,Cash,SUCCESS
TXN00553,2024-08-11,CUS0665,Nepal,AGT008,Sarah Johnson,810.2,12,Card,SUCCESS
TXN03620,2024-08-11,CUS0517,India,AGT001,Ahmed Al Mansoori,1522.07,25,Cash,SUCCESS
TXN01741,2024-08-11,CUS0029,India,AGT003,Mohammad Raza,1162.4,25,Card,SUCCESS
TXN02562,2024-08-11,CUS0235,India,AGT003,Mohammad Raza,1230.85,25,Cash,SUCCESS
TXN01384,2024-08-11,CUS0319,Philippines,AGT006,Fatima Al Zaabi,736.46,20,Card,SUCCESS
TXN00991,2024-08-11,CUS0087,Kenya,AGT003,Mohammad Raza,1009.39,20,Bank Transfer,SUCCESS
TXN03062,2024-08-11,CUS0319,India,AGT001,Ahmed Al Mansoori,1080.17,25,Bank Transfer,SUCCESS
TXN02087,2024-08-11,CUS0284,India,AGT003,Mohammad Raza,1017.07,25,Cash,SUCCESS
TXN04521,2024-08-11,CUS0319,Bangladesh,AGT001,Ahmed Al Mansoori,597.58,15,Card,SUCCESS
TXN01180,2024-08-11,CUS0549,India,AGT002,Priya Sharma,802.71,25,Cash,SUCCESS
TXN01526,2024-08-11,CUS0266,Nepal,AGT004,Maria Santos,795.97,12,Cash,SUCCESS
TXN04119,2024-08-11,CUS0048,Pakistan,AGT008,Sarah Johnson,690.85,18,Cash,SUCCESS
TXN01623,2024-08-11,CUS0537,India,AGT007,Rajesh Kumar,1530.92,25,Card,SUCCESS
TXN03230,2024-08-12,CUS0713,Philippines,AGT003,Mohammad Raza,889.46,20,Cash,SUCCESS
TXN04160,2024-08-12,CUS0432,Kenya,AGT004,Maria Santos,973.99,20,Card,SUCCESS
TXN03385,2024-08-12,CUS0266,Nepal,AGT007,Rajesh Kumar,799.06,12,Card,SUCCESS
TXN02589,2024-08-12,CUS0782,Bangladesh,AGT007,Rajesh Kumar,531.99,15,Card,SUCCESS
TXN02945,2024-08-12,CUS0710,India,AGT004,Maria Santos,1316.66,25,Card,SUCCESS
TXN03194,2024-08-12,CUS0797,Philippines,AGT001,Ahmed Al Mansoori,733.24,20,Cash,SUCCESS
TXN01596,2024-08-12,CUS0766,India,AGT006,Fatima Al Zaabi,836.5,25,Cash,SUCCESS
TXN01995,2024-08-12,CUS0040,Sri Lanka,AGT002,Priya Sharma,829.08,15,Cash,SUCCESS
TXN02334,2024-08-12,CUS0072,India,AGT008,Sarah Johnson,1071.47,25,Card,SUCCESS
TXN04920,2024-08-12,CUS0127,Bangladesh,AGT006,Fatima Al Zaabi,971.48,15,Card,SUCCESS
TXN04917,2024-08-13,CUS0611,Sri Lanka,AGT008,Sarah Johnson,989.1,15,Cash,SUCCESS
TXN03528,2024-08-13,CUS0749,Bangladesh,AGT008,Sarah Johnson,1134.26,15,Card,SUCCESS
TXN02712,2024-08-13,CUS0756,Bangladesh,AGT004,Maria Santos,1021.8,15,Cash,SUCCESS
TXN04466,2024-08-13,CUS0338,India,AGT007,Rajesh Kumar,783.69,25,Card,SUCCESS
TXN04088,2024-08-13,CUS0293,Pakistan,AGT008,Sarah Johnson,819.15,18,Cash,SUCCESS
TXN03094,2024-08-13,CUS0527,Philippines,AGT005,John Mathew,1013.29,20,Bank Transfer,SUCCESS
TXN04200,2024-08-14,CUS0178,Philippines,AGT001,Ahmed Al Mansoori,1054.22,20,Card,SUCCESS
TXN01136,2024-08-14,CUS0177,Sri Lanka,AGT006,Fatima Al Zaabi,966.92,15,Cash,SUCCESS
TXN03704,2024-08-14,CUS0068,Bangladesh,AGT006,Fatima Al Zaabi,524.25,15,Card,SUCCESS
TXN03665,2024-08-14,CUS0559,Sri Lanka,AGT007,Rajesh Kumar,1018.37,15,Bank Transfer,SUCCESS
TXN00127,2024-08-14,CUS0313,India,AGT007,Rajesh Kumar,843.41,25,Cash,SUCCESS
TXN00685,2024-08-14,CUS0774,Nepal,AGT006,Fatima Al Zaabi,380.02,12,Card,SUCCESS
TXN01968,2024-08-14,CUS0056,Philippines,AGT005,John Mathew,859.16,20,Card,SUCCESS
TXN04033,2024-08-14,CUS0054,India,AGT006,Fatima Al Zaabi,785.58,25,Card,SUCCESS
TXN03868,2024-08-14,CUS0211,India,AGT007,Rajesh Kumar,1795.3,25,Cash,SUCCESS
TXN02833,2024-08-14,CUS0167,Pakistan,AGT007,Rajesh Kumar,1175.09,0,Bank Transfer,FAILED
TXN01290,2024-08-14,CUS0751,Bangladesh,AGT008,Sarah Johnson,247.89,15,Cash,SUCCESS
TXN02973,2024-08-14,CUS0442,Bangladesh,AGT002,Priya Sharma,412.65,15,Card,SUCCESS
TXN01029,2024-08-14,CUS0036,Bangladesh,AGT002,Priya Sharma,828.84,15,Card,SUCCESS
TXN04209,2024-08-14,CUS0784,Bangladesh,AGT005,John Mathew,520.06,15,Card,SUCCESS
TXN03301,2024-08-14,CUS0149,Bangladesh,AGT003,Mohammad Raza,771.1,15,Bank Transfer,SUCCESS
TXN01166,2024-08-14,CUS0182,Philippines,AGT001,Ahmed Al Mansoori,1558.73,20,Bank Transfer,SUCCESS
TXN03729,2024-08-14,CUS0309,India,AGT002,Priya Sharma,768.11,25,Cash,SUCCESS
TXN01383,2024-08-15,CUS0046,India,AGT003,Mohammad Raza,1976.63,0,Cash,FAILED
TXN00657,2024-08-15,CUS0091,Nepal,AGT008,Sarah Johnson,602.51,12,Cash,SUCCESS
TXN01897,2024-08-15,CUS0389,India,AGT004,Maria Santos,1106.83,25,Cash,SUCCESS
TXN02189,2024-08-15,CUS0390,Sri Lanka,AGT004,Maria Santos,653.42,15,Cash,SUCCESS
TXN04106,2024-08-15,CUS0322,Philippines,AGT006,Fatima Al Zaabi,965.64,20,Card,SUCCESS
TXN02549,2024-08-15,CUS0630,Philippines,AGT007,Rajesh Kumar,1175.77,20,Cash,SUCCESS
TXN03761,2024-08-15,CUS0569,Philippines,AGT004,Maria Santos,986.96,0,Cash,FAILED
TXN00201,2024-08-15,CUS0330,India,AGT002,Priya Sharma,1328.8,25,Cash,SUCCESS
TXN00189,2024-08-15,CUS0102,Kenya,AGT006,Fatima Al Zaabi,708.66,20,Cash,SUCCESS
TXN04811,2024-08-15,CUS0799,Philippines,AGT007,Rajesh Kumar,1104.25,20,Bank Transfer,SUCCESS
TXN02093,2024-08-15,CUS0216,India,AGT008,Sarah Johnson,1423.99,25,Cash,SUCCESS
TXN04061,2024-08-15,CUS0123,India,AGT007,Rajesh Kumar,1469.96,0,Card,FAILED
TXN01549,2024-08-15,CUS0120,Philippines,AGT002,Priya Sharma,1106.84,20,Cash,SUCCESS
TXN03015,2024-08-15,CUS0678,Kenya,AGT005,John Mathew,783.67,20,Bank Transfer,SUCCESS
TXN04293,2024-08-15,CUS0738,India,AGT004,Maria Santos,665.74,25,Card,SUCCESS
TXN01471,2024-08-15,CUS0138,Bangladesh,AGT006,Fatima Al Zaabi,951.29,15,Card,SUCCESS
TXN01951,2024-08-15,CUS0270,Sri Lanka,AGT008,Sarah Johnson,351.07,15,Cash,SUCCESS
TXN02729,2024-08-15,CUS0621,India,AGT005,John Mathew,932.71,25,Card,SUCCESS
TXN03813,2024-08-16,CUS0194,India,AGT007,Rajesh Kumar,891.66,25,Cash,SUCCESS
TXN01315,2024-08-16,CUS0603,India,AGT007,Rajesh Kumar,1203.73,25,Card,SUCCESS
TXN01113,2024-08-16,CUS0221,Sri Lanka,AGT002,Priya Sharma,945.77,15,Cash,SUCCESS
TXN00802,2024-08-16,CUS0629,Sri Lanka,AGT007,Rajesh Kumar,633.89,15,Card,SUCCESS
TXN03476,2024-08-16,CUS0049,Nepal,AGT001,Ahmed Al Mansoori,368.77,0,Cash,FAILED
TXN01437,2024-08-16,CUS0620,India,AGT007,Rajesh Kumar,1110.47,25,Card,SUCCESS
TXN02507,2024-08-16,CUS0571,Pakistan,AGT006,Fatima Al Zaabi,1507.78,18,Cash,SUCCESS
TXN02393,2024-08-16,CUS0327,India,AGT002,Priya Sharma,661.25,25,Bank Transfer,SUCCESS
TXN01110,2024-08-16,CUS0525,Pakistan,AGT002,Priya Sharma,1259.37,18,Cash,SUCCESS
TXN00537,2024-08-16,CUS0629,Sri Lanka,AGT001,Ahmed Al Mansoori,556.41,15,Cash,SUCCESS
TXN02410,2024-08-16,CUS0215,Philippines,AGT004,Maria Santos,589.97,20,Card,SUCCESS
TXN04678,2024-08-16,CUS0473,India,AGT006,Fatima Al Zaabi,1598.1,25,Cash,SUCCESS
TXN03266,2024-08-16,CUS0014,India,AGT004,Maria Santos,1898.84,25,Bank Transfer,SUCCESS
TXN01310,2024-08-17,CUS0465,India,AGT001,Ahmed Al Mansoori,1370.89,25,Cash,SUCCESS
TXN00433,2024-08-17,CUS0597,Kenya,AGT008,Sarah Johnson,873.22,20,Card,SUCCESS
TXN00233,2024-08-17,CUS0643,Bangladesh,AGT006,Fatima Al Zaabi,709.57,15,Cash,SUCCESS
TXN00253,2024-08-17,CUS0317,India,AGT004,Maria Santos,1963.98,25,Card,SUCCESS
TXN03903,2024-08-17,CUS0249,India,AGT005,John Mathew,1800.87,25,Cash,SUCCESS
TXN00418,2024-08-17,CUS0106,Pakistan,AGT007,Rajesh Kumar,827.76,0,Cash,FAILED
TXN02302,2024-08-17,CUS0347,Egypt,AGT002,Priya Sharma,770.64,22,Cash,SUCCESS
TXN03720,2024-08-17,CUS0101,Egypt,AGT006,Fatima Al Zaabi,1064.91,22,Card,SUCCESS
TXN00259,2024-08-18,CUS0425,Sri Lanka,AGT001,Ahmed Al Mansoori,849.86,15,Card,SUCCESS
TXN01412,2024-08-18,CUS0377,Philippines,AGT007,Rajesh Kumar,1050.18,20,Cash,SUCCESS
TXN04388,2024-08-18,CUS0094,Pakistan,AGT001,Ahmed Al Mansoori,456.16,18,Card,SUCCESS
TXN03732,2024-08-18,CUS0047,India,AGT005,John Mathew,901.85,25,Cash,SUCCESS
TXN04131,2024-08-18,CUS0146,Pakistan,AGT001,Ahmed Al Mansoori,741.67,18,Bank Transfer,SUCCESS
TXN03318,2024-08-18,CUS0190,Pakistan,AGT006,Fatima Al Zaabi,564.25,18,Bank Transfer,SUCCESS
TXN00413,2024-08-18,CUS0567,Philippines,AGT006,Fatima Al Zaabi,485.79,20,Cash,SUCCESS
TXN01815,2024-08-18,CUS0272,Kenya,AGT003,Mohammad Raza,873.47,20,Cash,SUCCESS
TXN02377,2024-08-18,CUS0683,Egypt,AGT002,Priya Sharma,981.28,22,Bank Transfer,SUCCESS
TXN02714,2024-08-18,CUS0349,Sri Lanka,AGT002,Priya Sharma,435.16,15,Card,SUCCESS
TXN02395,2024-08-18,CUS0380,Philippines,AGT008,Sarah Johnson,877.47,20,Card,SUCCESS
TXN01326,2024-08-18,CUS0746,Pakistan,AGT003,Mohammad Raza,325.89,18,Card,SUCCESS
TXN00951,2024-08-19,CUS0222,Nepal,AGT005,John Mathew,556.58,12,Cash,SUCCESS
TXN01088,2024-08-19,CUS0482,Philippines,AGT002,Priya Sharma,964.47,20,Card,SUCCESS
TXN03392,2024-08-19,CUS0191,Pakistan,AGT002,Priya Sharma,607.32,18,Cash,SUCCESS
TXN01352,2024-08-19,CUS0350,India,AGT006,Fatima Al Zaabi,551.29,25,Bank Transfer,SUCCESS
TXN02805,2024-08-19,CUS0413,Kenya,AGT003,Mohammad Raza,922.79,20,Card,SUCCESS
TXN04232,2024-08-19,CUS0422,Kenya,AGT001,Ahmed Al Mansoori,1336.34,20,Card,SUCCESS
TXN04137,2024-08-19,CUS0616,Bangladesh,AGT003,Mohammad Raza,688.26,15,Card,SUCCESS
TXN01790,2024-08-19,CUS0799,Sri Lanka,AGT004,Maria Santos,1051.6,15,Cash,SUCCESS
TXN00290,2024-08-19,CUS0090,India,AGT008,Sarah Johnson,975.83,25,Bank Transfer,SUCCESS
TXN02978,2024-08-19,CUS0638,Philippines,AGT005,John Mathew,671.49,0,Cash,FAILED
TXN01513,2024-08-19,CUS0528,Pakistan,AGT008,Sarah Johnson,627.96,18,Cash,SUCCESS
TXN02719,2024-08-19,CUS0028,Pakistan,AGT003,Mohammad Raza,657.83,18,Bank Transfer,SUCCESS
TXN00845,2024-08-20,CUS0752,India,AGT007,Rajesh Kumar,1259.92,25,Cash,SUCCESS
TXN00203,2024-08-20,CUS0102,Philippines,AGT007,Rajesh Kumar,1192.42,20,Cash,SUCCESS
TXN03973,2024-08-20,CUS0151,Nepal,AGT003,Mohammad Raza,662.56,0,Cash,FAILED
TXN01062,2024-08-20,CUS0551,India,AGT001,Ahmed Al Mansoori,174.52,25,Card,SUCCESS
TXN04514,2024-08-20,CUS0139,Bangladesh,AGT007,Rajesh Kumar,503.52,15,Card,SUCCESS
TXN00191,2024-08-20,CUS0658,India,AGT004,Maria Santos,1039.25,25,Bank Transfer,SUCCESS
TXN02926,2024-08-20,CUS0748,Philippines,AGT004,Maria Santos,968.1,20,Cash,SUCCESS
TXN01950,2024-08-20,CUS0734,India,AGT002,Priya Sharma,1181.5,25,Bank Transfer,SUCCESS
TXN00216,2024-08-20,CUS0320,India,AGT006,Fatima Al Zaabi,1473.23,25,Card,SUCCESS
TXN01067,2024-08-20,CUS0140,India,AGT006,Fatima Al Zaabi,733.91,25,Cash,SUCCESS
TXN03569,2024-08-20,CUS0127,India,AGT008,Sarah Johnson,1280.76,25,Bank Transfer,SUCCESS
TXN02773,2024-08-20,CUS0558,Philippines,AGT002,Priya Sharma,852.27,0,Bank Transfer,FAILED
TXN02857,2024-08-20,CUS0413,Philippines,AGT001,Ahmed Al Mansoori,706.16,20,Cash,SUCCESS
TXN02894,2024-08-20,CUS0208,India,AGT006,Fatima Al Zaabi,1277.54,25,Card,SUCCESS
TXN02426,2024-08-20,CUS0331,India,AGT003,Mohammad Raza,1385.13,25,Cash,SUCCESS
TXN02968,2024-08-20,CUS0196,India,AGT005,John Mathew,994.67,25,Cash,SUCCESS
TXN00131,2024-08-20,CUS0271,India,AGT004,Maria Santos,641.76,25,Card,SUCCESS
TXN02075,2024-08-20,CUS0289,Philippines,AGT008,Sarah Johnson,733.23,0,Bank Transfer,FAILED
TXN04183,2024-08-21,CUS0647,India,AGT007,Rajesh Kumar,895.31,25,Cash,SUCCESS
TXN00594,2024-08-21,CUS0722,India,AGT006,Fatima Al Zaabi,1320.12,25,Cash,SUCCESS
TXN02466,2024-08-21,CUS0383,Nepal,AGT003,Mohammad Raza,759.71,12,Cash,SUCCESS
TXN00824,2024-08-21,CUS0718,Pakistan,AGT005,John Mathew,712.92,18,Cash,SUCCESS
TXN00992,2024-08-21,CUS0639,Sri Lanka,AGT007,Rajesh Kumar,290.61,15,Card,SUCCESS
TXN02194,2024-08-21,CUS0431,India,AGT007,Rajesh Kumar,709.26,25,Bank Transfer,SUCCESS
TXN04416,2024-08-21,CUS0622,Philippines,AGT001,Ahmed Al Mansoori,1064.4,20,Card,SUCCESS
TXN03873,2024-08-22,CUS0547,Bangladesh,AGT001,Ahmed Al Mansoori,469.55,15,Bank Transfer,SUCCESS
TXN03662,2024-08-22,CUS0404,Pakistan,AGT003,Mohammad Raza,625.26,18,Cash,SUCCESS
TXN04420,2024-08-22,CUS0131,Pakistan,AGT003,Mohammad Raza,267.6,18,Card,SUCCESS
TXN00788,2024-08-22,CUS0324,Kenya,AGT008,Sarah Johnson,1080.87,20,Cash,SUCCESS
TXN00582,2024-08-22,CUS0718,Egypt,AGT001,Ahmed Al Mansoori,962.95,22,Card,SUCCESS
TXN03271,2024-08-22,CUS0031,India,AGT001,Ahmed Al Mansoori,1122.36,25,Card,SUCCESS
TXN00910,2024-08-22,CUS0415,Sri Lanka,AGT007,Rajesh Kumar,1236.73,15,Card,SUCCESS
TXN04653,2024-08-22,CUS0444,Bangladesh,AGT001,Ahmed Al Mansoori,709.57,15,Cash,SUCCESS
TXN03441,2024-08-22,CUS0233,Bangladesh,AGT004,Maria Santos,730.56,15,Card,SUCCESS
TXN03466,2024-08-22,CUS0212,Philippines,AGT006,Fatima Al Zaabi,539.08,20,Card,SUCCESS
TXN00273,2024-08-22,CUS0045,India,AGT004,Maria Santos,1618.74,25,Bank Transfer,SUCCESS
TXN00619,2024-08-22,CUS0798,India,AGT003,Mohammad Raza,1373.16,0,Cash,FAILED
TXN02870,2024-08-22,CUS0712,Kenya,AGT001,Ahmed Al Mansoori,1300.26,20,Cash,SUCCESS
TXN02076,2024-08-23,CUS0259,Philippines,AGT006,Fatima Al Zaabi,814.66,20,Card,SUCCESS
TXN00330,2024-08-23,CUS0560,Egypt,AGT006,Fatima Al Zaabi,1307.35,22,Card,SUCCESS
TXN03730,2024-08-23,CUS0052,Pakistan,AGT007,Rajesh Kumar,244.13,18,Cash,SUCCESS
TXN04956,2024-08-23,CUS0046,India,AGT006,Fatima Al Zaabi,699.85,25,Card,SUCCESS
TXN02956,2024-08-23,CUS0055,Philippines,AGT003,Mohammad Raza,1371.79,0,Card,FAILED
TXN03988,2024-08-23,CUS0713,Bangladesh,AGT008,Sarah Johnson,584.88,15,Cash,SUCCESS
TXN01698,2024-08-23,CUS0263,India,AGT008,Sarah Johnson,956.01,25,Cash,SUCCESS
TXN03241,2024-08-23,CUS0393,Kenya,AGT001,Ahmed Al Mansoori,953.56,20,Cash,SUCCESS
TXN01079,2024-08-23,CUS0466,Sri Lanka,AGT001,Ahmed Al Mansoori,1087.67,15,Cash,SUCCESS
TXN03831,2024-08-23,CUS0675,India,AGT008,Sarah Johnson,1127.09,25,Card,SUCCESS
TXN03028,2024-08-23,CUS0187,Pakistan,AGT007,Rajesh Kumar,907.81,18,Cash,SUCCESS
TXN04684,2024-08-23,CUS0772,Nepal,AGT001,Ahmed Al Mansoori,474.09,12,Cash,SUCCESS
TXN02279,2024-08-23,CUS0606,Pakistan,AGT008,Sarah Johnson,959.92,18,Bank Transfer,SUCCESS
TXN02381,2024-08-23,CUS0681,Pakistan,AGT006,Fatima Al Zaabi,568.7,18,Cash,SUCCESS
TXN04491,2024-08-23,CUS0005,Philippines,AGT008,Sarah Johnson,1006.76,20,Bank Transfer,SUCCESS
TXN00477,2024-08-23,CUS0452,India,AGT003,Mohammad Raza,1407.56,25,Bank Transfer,SUCCESS
TXN01853,2024-08-23,CUS0286,Bangladesh,AGT003,Mohammad Raza,449.34,15,Card,SUCCESS
TXN01127,2024-08-24,CUS0366,Sri Lanka,AGT003,Mohammad Raza,818.09,15,Cash,SUCCESS
TXN00430,2024-08-24,CUS0449,Egypt,AGT004,Maria Santos,519.62,22,Bank Transfer,SUCCESS
TXN04701,2024-08-24,CUS0410,Bangladesh,AGT007,Rajesh Kumar,491.5,15,Bank Transfer,SUCCESS
TXN01832,2024-08-24,CUS0786,India,AGT001,Ahmed Al Mansoori,1283.96,25,Card,SUCCESS
TXN00167,2024-08-24,CUS0262,Pakistan,AGT008,Sarah Johnson,997.29,18,Bank Transfer,SUCCESS
TXN04969,2024-08-24,CUS0305,Philippines,AGT005,John Mathew,820.5,20,Cash,SUCCESS
TXN00716,2024-08-24,CUS0298,Pakistan,AGT002,Priya Sharma,1064.79,18,Cash,SUCCESS
TXN01346,2024-08-25,CUS0669,Kenya,AGT005,John Mathew,526.8,20,Cash,SUCCESS
TXN02639,2024-08-25,CUS0323,Egypt,AGT004,Maria Santos,759.27,22,Cash,SUCCESS
TXN04285,2024-08-25,CUS0131,Philippines,AGT001,Ahmed Al Mansoori,689.64,20,Cash,SUCCESS
TXN03675,2024-08-25,CUS0240,India,AGT007,Rajesh Kumar,1176.71,25,Cash,SUCCESS
TXN00272,2024-08-25,CUS0647,Kenya,AGT008,Sarah Johnson,540.78,20,Cash,SUCCESS
TXN04251,2024-08-25,CUS0166,Pakistan,AGT001,Ahmed Al Mansoori,1058.08,18,Card,SUCCESS
TXN01011,2024-08-25,CUS0488,Philippines,AGT005,John Mathew,1255.7,20,Card,SUCCESS
TXN03333,2024-08-25,CUS0558,Philippines,AGT005,John Mathew,1329.26,20,Cash,SUCCESS
TXN01484,2024-08-25,CUS0385,India,AGT005,John Mathew,1056.13,25,Cash,SUCCESS
TXN03540,2024-08-25,CUS0788,Kenya,AGT001,Ahmed Al Mansoori,904.3,20,Cash,SUCCESS
TXN00184,2024-08-25,CUS0665,Egypt,AGT005,John Mathew,1259.22,22,Cash,SUCCESS
TXN03004,2024-08-25,CUS0425,Pakistan,AGT002,Priya Sharma,1253.05,18,Card,SUCCESS
TXN00595,2024-08-25,CUS0698,Philippines,AGT002,Priya Sharma,1180.14,0,Cash,FAILED
TXN02841,2024-08-25,CUS0695,India,AGT003,Mohammad Raza,1306.42,0,Card,FAILED
TXN01590,2024-08-25,CUS0059,Sri Lanka,AGT008,Sarah Johnson,769.38,15,Card,SUCCESS
TXN02849,2024-08-25,CUS0684,Bangladesh,AGT008,Sarah Johnson,572.35,15,Bank Transfer,SUCCESS
TXN01732,2024-08-25,CUS0008,Philippines,AGT007,Rajesh Kumar,805.68,20,Card,SUCCESS
TXN01766,2024-08-26,CUS0239,Pakistan,AGT006,Fatima Al Zaabi,597.62,18,Cash,SUCCESS
TXN02471,2024-08-26,CUS0044,Philippines,AGT003,Mohammad Raza,1189.7,20,Bank Transfer,SUCCESS
TXN04964,2024-08-26,CUS0310,India,AGT008,Sarah Johnson,1311.26,25,Cash,SUCCESS
TXN04105,2024-08-26,CUS0721,Kenya,AGT006,Fatima Al Zaabi,932.15,20,Card,SUCCESS
TXN00574,2024-08-26,CUS0578,India,AGT005,John Mathew,1121.12,0,Card,FAILED
TXN04685,2024-08-26,CUS0289,Philippines,AGT008,Sarah Johnson,619.99,0,Bank Transfer,FAILED
TXN02769,2024-08-26,CUS0690,Pakistan,AGT001,Ahmed Al Mansoori,676.06,18,Cash,SUCCESS
TXN04556,2024-08-26,CUS0664,Bangladesh,AGT005,John Mathew,636.9,15,Cash,SUCCESS
TXN04870,2024-08-26,CUS0003,Philippines,AGT006,Fatima Al Zaabi,759.02,20,Card,SUCCESS
TXN03799,2024-08-26,CUS0384,Pakistan,AGT003,Mohammad Raza,561.59,18,Cash,SUCCESS
TXN00168,2024-08-26,CUS0076,Egypt,AGT003,Mohammad Raza,1725.94,22,Cash,SUCCESS
TXN00020,2024-08-27,CUS0697,Philippines,AGT001,Ahmed Al Mansoori,518.68,20,Card,SUCCESS
TXN01024,2024-08-27,CUS0655,Pakistan,AGT002,Priya Sharma,1314.14,18,Bank Transfer,SUCCESS
TXN01389,2024-08-27,CUS0593,Pakistan,AGT006,Fatima Al Zaabi,807.68,18,Cash,SUCCESS
TXN04821,2024-08-27,CUS0411,Kenya,AGT006,Fatima Al Zaabi,904.88,20,Cash,SUCCESS
TXN02998,2024-08-27,CUS0039,India,AGT005,John Mathew,752.97,0,Card,FAILED
TXN01478,2024-08-27,CUS0251,India,AGT004,Maria Santos,1351.03,25,Card,SUCCESS
TXN04013,2024-08-27,CUS0249,India,AGT003,Mohammad Raza,845.4,25,Card,SUCCESS
TXN01232,2024-08-27,CUS0728,India,AGT006,Fatima Al Zaabi,706.87,25,Cash,SUCCESS
TXN01279,2024-08-27,CUS0741,India,AGT005,John Mathew,1269.14,25,Bank Transfer,SUCCESS
TXN04058,2024-08-27,CUS0401,Bangladesh,AGT005,John Mathew,794.21,0,Card,FAILED
TXN03452,2024-08-27,CUS0120,Pakistan,AGT007,Rajesh Kumar,498.77,18,Card,SUCCESS
TXN03693,2024-08-27,CUS0733,Pakistan,AGT001,Ahmed Al Mansoori,1092.37,18,Cash,SUCCESS
TXN01187,2024-08-27,CUS0580,India,AGT007,Rajesh Kumar,846.3,25,Cash,SUCCESS
TXN02172,2024-08-27,CUS0342,India,AGT006,Fatima Al Zaabi,1172.66,25,Bank Transfer,SUCCESS
TXN03218,2024-08-28,CUS0391,India,AGT002,Priya Sharma,1011.2,25,Cash,SUCCESS
TXN02492,2024-08-28,CUS0566,India,AGT005,John Mathew,951.7,25,Bank Transfer,SUCCESS
TXN00140,2024-08-28,CUS0329,India,AGT006,Fatima Al Zaabi,756.89,25,Bank Transfer,SUCCESS
TXN01075,2024-08-28,CUS0436,Bangladesh,AGT001,Ahmed Al Mansoori,909.22,15,Cash,SUCCESS
TXN00234,2024-08-28,CUS0282,Philippines,AGT005,John Mathew,724.07,20,Cash,SUCCESS
TXN02002,2024-08-28,CUS0320,India,AGT001,Ahmed Al Mansoori,1147.97,25,Cash,SUCCESS
TXN03974,2024-08-28,CUS0489,Pakistan,AGT008,Sarah Johnson,820.81,18,Cash,SUCCESS
TXN04968,2024-08-28,CUS0778,Bangladesh,AGT004,Maria Santos,935.04,15,Cash,SUCCESS
TXN03608,2024-08-28,CUS0618,Philippines,AGT008,Sarah Johnson,1192.14,20,Card,SUCCESS
TXN04144,2024-08-29,CUS0181,Bangladesh,AGT007,Rajesh Kumar,765.45,15,Cash,SUCCESS
TXN04663,2024-08-29,CUS0340,Nepal,AGT003,Mohammad Raza,498.2,12,Cash,SUCCESS
TXN02058,2024-08-29,CUS0716,Pakistan,AGT007,Rajesh Kumar,1009.85,18,Cash,SUCCESS
TXN00262,2024-08-29,CUS0778,Bangladesh,AGT003,Mohammad Raza,687.5,15,Cash,SUCCESS
TXN01066,2024-08-29,CUS0447,Pakistan,AGT001,Ahmed Al Mansoori,531.28,18,Bank Transfer,SUCCESS
TXN02197,2024-08-29,CUS0748,India,AGT005,John Mathew,1353.32,25,Cash,SUCCESS
TXN04728,2024-08-29,CUS0093,Egypt,AGT005,John Mathew,938.8,22,Cash,SUCCESS
TXN01271,2024-08-29,CUS0600,India,AGT008,Sarah Johnson,1592.87,25,Cash,SUCCESS
TXN02238,2024-08-29,CUS0306,India,AGT008,Sarah Johnson,856.58,25,Card,SUCCESS
TXN04334,2024-08-29,CUS0069,Pakistan,AGT007,Rajesh Kumar,847.86,0,Card,FAILED
TXN03158,2024-08-29,CUS0751,Bangladesh,AGT007,Rajesh Kumar,722.98,0,Card,FAILED
TXN00328,2024-08-29,CUS0723,Sri Lanka,AGT001,Ahmed Al Mansoori,928.12,15,Cash,SUCCESS
TXN03882,2024-08-29,CUS0396,Philippines,AGT001,Ahmed Al Mansoori,947.39,20,Bank Transfer,SUCCESS
TXN04814,2024-08-29,CUS0345,Pakistan,AGT002,Priya Sharma,607.05,18,Bank Transfer,SUCCESS
TXN03859,2024-08-29,CUS0562,Bangladesh,AGT002,Priya Sharma,547.96,15,Cash,SUCCESS
TXN00998,2024-08-29,CUS0701,Pakistan,AGT002,Priya Sharma,953.8,18,Card,SUCCESS
TXN04688,2024-08-29,CUS0061,Bangladesh,AGT004,Maria Santos,500.49,15,Cash,SUCCESS
TXN01867,2024-08-30,CUS0634,Philippines,AGT006,Fatima Al Zaabi,1178.79,20,Bank Transfer,SUCCESS
TXN00600,2024-08-30,CUS0616,Egypt,AGT003,Mohammad Raza,1224.51,22,Cash,SUCCESS
TXN01060,2024-08-30,CUS0687,Philippines,AGT003,Mohammad Raza,799.93,20,Cash,SUCCESS
TXN03020,2024-08-30,CUS0194,Pakistan,AGT003,Mohammad Raza,932.42,18,Cash,SUCCESS
TXN00795,2024-08-30,CUS0432,Nepal,AGT003,Mohammad Raza,405.41,12,Bank Transfer,SUCCESS
TXN02836,2024-08-30,CUS0165,Egypt,AGT001,Ahmed Al Mansoori,1001.05,22,Bank Transfer,SUCCESS
TXN03606,2024-08-30,CUS0632,Sri Lanka,AGT007,Rajesh Kumar,572.05,0,Card,FAILED
TXN01276,2024-08-30,CUS0460,India,AGT006,Fatima Al Zaabi,1251.02,25,Cash,SUCCESS
TXN04133,2024-08-30,CUS0026,Pakistan,AGT005,John Mathew,1056.89,18,Bank Transfer,SUCCESS
TXN00100,2024-08-30,CUS0477,Pakistan,AGT004,Maria Santos,743.7,18,Card,SUCCESS
TXN04014,2024-08-30,CUS0556,Nepal,AGT002,Priya Sharma,635.76,12,Bank Transfer,SUCCESS
TXN03055,2024-08-30,CUS0233,India,AGT001,Ahmed Al Mansoori,1824.58,25,Card,SUCCESS
TXN01804,2024-08-30,CUS0182,Philippines,AGT001,Ahmed Al Mansoori,491.3,20,Bank Transfer,SUCCESS
TXN03323,2024-08-30,CUS0437,India,AGT003,Mohammad Raza,642.37,25,Cash,SUCCESS
TXN00709,2024-08-30,CUS0140,India,AGT004,Maria Santos,450.51,25,Card,SUCCESS
TXN01183,2024-08-31,CUS0079,Philippines,AGT006,Fatima Al Zaabi,1147.95,20,Cash,SUCCESS
TXN03575,2024-08-31,CUS0097,Philippines,AGT005,John Mathew,557.08,20,Cash,SUCCESS
TXN01054,2024-08-31,CUS0147,Bangladesh,AGT004,Maria Santos,754.74,15,Card,SUCCESS
TXN02512,2024-08-31,CUS0102,Philippines,AGT004,Maria Santos,1047.76,20,Card,SUCCESS
TXN01153,2024-08-31,CUS0184,Egypt,AGT006,Fatima Al Zaabi,889.14,0,Card,FAILED
TXN00577,2024-08-31,CUS0488,Pakistan,AGT004,Maria Santos,856.55,18,Cash,SUCCESS
TXN03585,2024-08-31,CUS0262,India,AGT007,Rajesh Kumar,1225.65,25,Card,SUCCESS
TXN03512,2024-08-31,CUS0569,India,AGT005,John Mathew,884.36,25,Cash,SUCCESS
TXN00875,2024-08-31,CUS0562,Pakistan,AGT001,Ahmed Al Mansoori,792.05,18,Cash,SUCCESS
TXN01147,2024-08-31,CUS0451,Philippines,AGT003,Mohammad Raza,604.01,20,Cash,SUCCESS
TXN04270,2024-08-31,CUS0085,India,AGT001,Ahmed Al Mansoori,1534.59,25,Bank Transfer,SUCCESS
TXN00341,2024-08-31,CUS0775,Philippines,AGT004,Maria Santos,678.0,20,Cash,SUCCESS
TXN02281,2024-09-01,CUS0066,Sri Lanka,AGT003,Mohammad Raza,361.69,15,Cash,SUCCESS
TXN00043,2024-09-01,CUS0059,Philippines,AGT003,Mohammad Raza,868.77,20,Cash,SUCCESS
TXN01256,2024-09-01,CUS0701,India,AGT003,Mohammad Raza,764.53,25,Bank Transfer,SUCCESS
TXN03137,2024-09-01,CUS0461,India,AGT002,Priya Sharma,1542.56,25,Card,SUCCESS
TXN03808,2024-09-01,CUS0019,India,AGT003,Mohammad Raza,491.34,25,Cash,SUCCESS
TXN03379,2024-09-01,CUS0769,Pakistan,AGT006,Fatima Al Zaabi,921.43,18,Cash,SUCCESS
TXN03832,2024-09-01,CUS0433,Kenya,AGT001,Ahmed Al Mansoori,799.44,20,Cash,SUCCESS
TXN02801,2024-09-01,CUS0418,Sri Lanka,AGT003,Mohammad Raza,791.36,0,Cash,FAILED
TXN03024,2024-09-01,CUS0274,Pakistan,AGT001,Ahmed Al Mansoori,1076.94,18,Cash,SUCCESS
TXN03746,2024-09-01,CUS0768,India,AGT007,Rajesh Kumar,1134.66,25,Cash,SUCCESS
TXN04125,2024-09-01,CUS0529,Pakistan,AGT004,Maria Santos,873.84,18,Bank Transfer,SUCCESS
TXN04422,2024-09-01,CUS0052,Pakistan,AGT007,Rajesh Kumar,539.35,18,Cash,SUCCESS
TXN01659,2024-09-01,CUS0592,Nepal,AGT002,Priya Sharma,418.82,12,Card,SUCCESS
TXN01879,2024-09-01,CUS0022,India,AGT004,Maria Santos,593.96,25,Cash,SUCCESS
TXN02952,2024-09-01,CUS0059,India,AGT004,Maria Santos,1479.87,25,Cash,SUCCESS
TXN04617,2024-09-01,CUS0491,Bangladesh,AGT002,Priya Sharma,940.67,15,Card,SUCCESS
TXN04804,2024-09-01,CUS0296,Pakistan,AGT005,John Mathew,630.1,18,Cash,SUCCESS
TXN04961,2024-09-01,CUS0608,Pakistan,AGT003,Mohammad Raza,723.5,18,Cash,SUCCESS
TXN04977,2024-09-01,CUS0172,Philippines,AGT005,John Mathew,1272.19,20,Card,SUCCESS
TXN03223,2024-09-01,CUS0182,India,AGT001,Ahmed Al Mansoori,1693.39,25,Card,SUCCESS
TXN04463,2024-09-02,CUS0331,Philippines,AGT007,Rajesh Kumar,1127.64,20,Bank Transfer,SUCCESS
TXN03195,2024-09-02,CUS0734,Philippines,AGT003,Mohammad Raza,485.54,20,Cash,SUCCESS
TXN02304,2024-09-02,CUS0533,Nepal,AGT002,Priya Sharma,645.04,12,Card,SUCCESS
TXN01582,2024-09-02,CUS0416,Philippines,AGT002,Priya Sharma,1210.13,0,Cash,FAILED
TXN02342,2024-09-02,CUS0466,Egypt,AGT003,Mohammad Raza,1238.92,22,Cash,SUCCESS
TXN00677,2024-09-02,CUS0691,Pakistan,AGT007,Rajesh Kumar,533.46,18,Bank Transfer,SUCCESS
TXN01551,2024-09-02,CUS0608,India,AGT002,Priya Sharma,1163.94,25,Cash,SUCCESS
TXN03481,2024-09-02,CUS0670,Egypt,AGT001,Ahmed Al Mansoori,1000.28,22,Cash,SUCCESS
TXN00740,2024-09-02,CUS0663,Philippines,AGT003,Mohammad Raza,1173.88,20,Cash,SUCCESS
TXN00563,2024-09-02,CUS0167,Nepal,AGT004,Maria Santos,756.8,12,Card,SUCCESS
TXN02699,2024-09-02,CUS0018,India,AGT003,Mohammad Raza,1423.95,25,Card,SUCCESS
TXN00722,2024-09-02,CUS0794,Philippines,AGT006,Fatima Al Zaabi,438.25,20,Card,SUCCESS
TXN04646,2024-09-02,CUS0255,Nepal,AGT001,Ahmed Al Mansoori,890.93,12,Bank Transfer,SUCCESS
TXN03353,2024-09-02,CUS0335,Bangladesh,AGT008,Sarah Johnson,789.95,15,Bank Transfer,SUCCESS
TXN04017,2024-09-02,CUS0216,India,AGT003,Mohammad Raza,1026.9,25,Bank Transfer,SUCCESS
TXN02462,2024-09-02,CUS0025,India,AGT005,John Mathew,1467.37,25,Bank Transfer,SUCCESS
TXN04633,2024-09-02,CUS0444,Philippines,AGT007,Rajesh Kumar,1004.32,20,Bank Transfer,SUCCESS
TXN02923,2024-09-02,CUS0765,Philippines,AGT005,John Mathew,847.43,20,Card,SUCCESS
TXN00200,2024-09-02,CUS0703,Nepal,AGT007,Rajesh Kumar,394.27,0,Card,FAILED
TXN04409,2024-09-03,CUS0204,Pakistan,AGT007,Rajesh Kumar,929.82,0,Card,FAILED
TXN02971,2024-09-03,CUS0127,Egypt,AGT007,Rajesh Kumar,468.96,22,Cash,SUCCESS
TXN01347,2024-09-03,CUS0697,India,AGT005,John Mathew,280.59,25,Cash,SUCCESS
TXN04936,2024-09-03,CUS0637,India,AGT002,Priya Sharma,1395.62,25,Bank Transfer,SUCCESS
TXN04892,2024-09-03,CUS0226,Pakistan,AGT001,Ahmed Al Mansoori,507.37,18,Card,SUCCESS
TXN04812,2024-09-03,CUS0311,India,AGT006,Fatima Al Zaabi,510.94,25,Cash,SUCCESS
TXN00752,2024-09-03,CUS0359,Nepal,AGT007,Rajesh Kumar,356.7,12,Card,SUCCESS
TXN01482,2024-09-03,CUS0438,India,AGT007,Rajesh Kumar,1065.78,25,Card,SUCCESS
TXN04237,2024-09-03,CUS0703,Pakistan,AGT004,Maria Santos,1144.42,18,Card,SUCCESS
TXN03809,2024-09-03,CUS0372,India,AGT003,Mohammad Raza,1435.79,25,Cash,SUCCESS
TXN01480,2024-09-03,CUS0408,India,AGT006,Fatima Al Zaabi,1042.52,25,Cash,SUCCESS
TXN02911,2024-09-03,CUS0649,India,AGT004,Maria Santos,1007.28,25,Card,SUCCESS
TXN01881,2024-09-03,CUS0713,India,AGT007,Rajesh Kumar,1547.35,0,Card,FAILED
TXN00784,2024-09-03,CUS0505,Philippines,AGT006,Fatima Al Zaabi,1064.86,20,Bank Transfer,SUCCESS
TXN01034,2024-09-03,CUS0342,India,AGT006,Fatima Al Zaabi,1432.99,25,Cash,SUCCESS
TXN03727,2024-09-03,CUS0493,Pakistan,AGT004,Maria Santos,919.25,18,Cash,SUCCESS
TXN02233,2024-09-03,CUS0401,Nepal,AGT004,Maria Santos,245.38,12,Card,SUCCESS
TXN01520,2024-09-03,CUS0250,Pakistan,AGT004,Maria Santos,1244.98,18,Card,SUCCESS
TXN04760,2024-09-03,CUS0682,Nepal,AGT005,John Mathew,729.94,12,Bank Transfer,SUCCESS
TXN00109,2024-09-04,CUS0331,Philippines,AGT005,John Mathew,969.54,20,Bank Transfer,SUCCESS
TXN01993,2024-09-04,CUS0108,Philippines,AGT002,Priya Sharma,1221.01,20,Cash,SUCCESS
TXN00149,2024-09-04,CUS0468,Kenya,AGT004,Maria Santos,1098.75,20,Cash,SUCCESS
TXN00648,2024-09-04,CUS0186,Nepal,AGT008,Sarah Johnson,590.23,12,Card,SUCCESS
TXN00775,2024-09-04,CUS0795,Bangladesh,AGT006,Fatima Al Zaabi,830.58,15,Cash,SUCCESS
TXN03116,2024-09-04,CUS0200,India,AGT003,Mohammad Raza,1290.53,25,Cash,SUCCESS
TXN01752,2024-09-04,CUS0163,Kenya,AGT001,Ahmed Al Mansoori,1143.19,20,Cash,SUCCESS
TXN00868,2024-09-04,CUS0610,India,AGT002,Priya Sharma,1320.4,25,Cash,SUCCESS
TXN02308,2024-09-04,CUS0510,Pakistan,AGT005,John Mathew,756.03,18,Card,SUCCESS
TXN01685,2024-09-04,CUS0096,India,AGT006,Fatima Al Zaabi,775.55,25,Cash,SUCCESS
TXN02272,2024-09-04,CUS0570,Nepal,AGT007,Rajesh Kumar,512.3,12,Card,SUCCESS
TXN00953,2024-09-04,CUS0195,Egypt,AGT003,Mohammad Raza,686.99,22,Cash,SUCCESS
TXN03583,2024-09-04,CUS0102,Bangladesh,AGT005,John Mathew,1103.28,15,Bank Transfer,SUCCESS
TXN02885,2024-09-04,CUS0399,India,AGT006,Fatima Al Zaabi,210.9,25,Card,SUCCESS
TXN01984,2024-09-04,CUS0392,India,AGT004,Maria Santos,1510.46,0,Cash,FAILED
TXN02050,2024-09-04,CUS0042,Pakistan,AGT005,John Mathew,837.25,18,Bank Transfer,SUCCESS
TXN01506,2024-09-05,CUS0010,Pakistan,AGT002,Priya Sharma,691.23,18,Card,SUCCESS
TXN03912,2024-09-05,CUS0139,Kenya,AGT003,Mohammad Raza,1012.28,20,Bank Transfer,SUCCESS
TXN04709,2024-09-05,CUS0219,India,AGT004,Maria Santos,1543.9,25,Bank Transfer,SUCCESS
TXN01063,2024-09-05,CUS0241,Philippines,AGT002,Priya Sharma,1210.17,20,Card,SUCCESS
TXN00476,2024-09-05,CUS0048,Nepal,AGT001,Ahmed Al Mansoori,555.17,12,Card,SUCCESS
TXN02131,2024-09-05,CUS0180,Pakistan,AGT008,Sarah Johnson,905.23,18,Cash,SUCCESS
TXN03978,2024-09-05,CUS0136,Nepal,AGT007,Rajesh Kumar,860.52,12,Cash,SUCCESS
TXN04339,2024-09-05,CUS0600,India,AGT006,Fatima Al Zaabi,457.17,25,Bank Transfer,SUCCESS
TXN01007,2024-09-05,CUS0352,India,AGT001,Ahmed Al Mansoori,1522.27,25,Bank Transfer,SUCCESS
TXN04043,2024-09-05,CUS0613,Bangladesh,AGT005,John Mathew,360.66,15,Cash,SUCCESS
TXN04168,2024-09-05,CUS0270,Bangladesh,AGT007,Rajesh Kumar,648.26,15,Cash,SUCCESS
TXN04826,2024-09-06,CUS0670,Philippines,AGT002,Priya Sharma,965.13,20,Cash,SUCCESS
TXN02356,2024-09-06,CUS0693,India,AGT001,Ahmed Al Mansoori,1294.05,25,Cash,SUCCESS
TXN01820,2024-09-06,CUS0016,India,AGT005,John Mathew,844.62,25,Cash,SUCCESS
TXN00161,2024-09-06,CUS0633,Sri Lanka,AGT001,Ahmed Al Mansoori,530.7,15,Card,SUCCESS
TXN04122,2024-09-06,CUS0785,Philippines,AGT002,Priya Sharma,862.93,20,Bank Transfer,SUCCESS
TXN00977,2024-09-06,CUS0334,India,AGT008,Sarah Johnson,1037.17,25,Bank Transfer,SUCCESS
TXN00877,2024-09-06,CUS0575,Philippines,AGT004,Maria Santos,760.24,20,Card,SUCCESS
TXN03370,2024-09-06,CUS0066,Philippines,AGT005,John Mathew,935.39,20,Cash,SUCCESS
TXN04369,2024-09-06,CUS0013,Philippines,AGT008,Sarah Johnson,718.43,20,Cash,SUCCESS
TXN04578,2024-09-06,CUS0412,Bangladesh,AGT004,Maria Santos,1082.31,15,Card,SUCCESS
TXN04856,2024-09-07,CUS0342,Nepal,AGT003,Mohammad Raza,1021.86,12,Bank Transfer,SUCCESS
TXN04672,2024-09-07,CUS0778,Philippines,AGT007,Rajesh Kumar,459.54,20,Bank Transfer,SUCCESS
TXN03749,2024-09-07,CUS0504,Philippines,AGT002,Priya Sharma,1285.79,20,Cash,SUCCESS
TXN01988,2024-09-07,CUS0145,Pakistan,AGT002,Priya Sharma,923.88,18,Bank Transfer,SUCCESS
TXN01992,2024-09-07,CUS0668,Pakistan,AGT006,Fatima Al Zaabi,981.03,18,Cash,SUCCESS
TXN01355,2024-09-07,CUS0665,Bangladesh,AGT002,Priya Sharma,578.93,15,Card,SUCCESS
TXN02062,2024-09-07,CUS0228,Pakistan,AGT001,Ahmed Al Mansoori,767.03,18,Cash,SUCCESS
TXN03063,2024-09-07,CUS0551,Bangladesh,AGT006,Fatima Al Zaabi,680.39,15,Card,SUCCESS
TXN02192,2024-09-07,CUS0768,Bangladesh,AGT006,Fatima Al Zaabi,797.06,15,Cash,SUCCESS
TXN03215,2024-09-07,CUS0580,Bangladesh,AGT006,Fatima Al Zaabi,854.48,15,Cash,SUCCESS
TXN01966,2024-09-07,CUS0030,Pakistan,AGT004,Maria Santos,821.5,18,Card,SUCCESS
TXN04016,2024-09-07,CUS0148,India,AGT004,Maria Santos,991.52,25,Card,SUCCESS
TXN01809,2024-09-08,CUS0680,Bangladesh,AGT005,John Mathew,367.95,15,Cash,SUCCESS
TXN01210,2024-09-08,CUS0341,Philippines,AGT007,Rajesh Kumar,1372.39,20,Bank Transfer,SUCCESS
TXN01164,2024-09-08,CUS0554,Philippines,AGT006,Fatima Al Zaabi,455.74,20,Bank Transfer,SUCCESS
TXN04472,2024-09-08,CUS0051,India,AGT008,Sarah Johnson,1662.17,25,Card,SUCCESS
TXN01560,2024-09-08,CUS0621,Bangladesh,AGT006,Fatima Al Zaabi,643.06,15,Cash,SUCCESS
TXN02989,2024-09-08,CUS0180,India,AGT007,Rajesh Kumar,793.13,0,Cash,FAILED
TXN02496,2024-09-08,CUS0301,India,AGT008,Sarah Johnson,1492.75,25,Cash,SUCCESS
TXN01028,2024-09-08,CUS0224,India,AGT007,Rajesh Kumar,1243.21,25,Cash,SUCCESS
TXN03535,2024-09-08,CUS0282,Nepal,AGT002,Priya Sharma,977.25,12,Cash,SUCCESS
TXN02303,2024-09-08,CUS0043,India,AGT007,Rajesh Kumar,1061.77,25,Bank Transfer,SUCCESS
TXN03991,2024-09-09,CUS0264,Egypt,AGT006,Fatima Al Zaabi,542.57,22,Bank Transfer,SUCCESS
TXN04831,2024-09-09,CUS0738,Pakistan,AGT008,Sarah Johnson,1008.51,18,Bank Transfer,SUCCESS
TXN01663,2024-09-09,CUS0394,Pakistan,AGT004,Maria Santos,290.75,18,Card,SUCCESS
TXN00926,2024-09-09,CUS0465,India,AGT008,Sarah Johnson,651.65,25,Cash,SUCCESS
TXN04431,2024-09-10,CUS0434,Bangladesh,AGT007,Rajesh Kumar,325.96,15,Card,SUCCESS
TXN03581,2024-09-10,CUS0103,Bangladesh,AGT005,John Mathew,1146.2,15,Cash,SUCCESS
TXN04455,2024-09-10,CUS0674,Philippines,AGT003,Mohammad Raza,1242.27,20,Bank Transfer,SUCCESS
TXN02385,2024-09-10,CUS0481,Pakistan,AGT003,Mohammad Raza,807.87,18,Card,SUCCESS
TXN02247,2024-09-10,CUS0682,India,AGT007,Rajesh Kumar,876.44,25,Bank Transfer,SUCCESS
TXN01661,2024-09-10,CUS0617,Philippines,AGT007,Rajesh Kumar,1255.62,20,Cash,SUCCESS
TXN01839,2024-09-10,CUS0309,India,AGT003,Mohammad Raza,1188.04,25,Card,SUCCESS
TXN01238,2024-09-10,CUS0727,India,AGT006,Fatima Al Zaabi,1000.71,25,Cash,SUCCESS
TXN00475,2024-09-10,CUS0346,India,AGT005,John Mathew,1792.19,25,Cash,SUCCESS
TXN00460,2024-09-10,CUS0587,Pakistan,AGT002,Priya Sharma,512.51,18,Card,SUCCESS
TXN00457,2024-09-10,CUS0426,Philippines,AGT008,Sarah Johnson,871.1,20,Cash,SUCCESS
TXN04957,2024-09-11,CUS0686,Pakistan,AGT008,Sarah Johnson,753.03,18,Card,SUCCESS
TXN04802,2024-09-11,CUS0563,Philippines,AGT006,Fatima Al Zaabi,884.5,20,Bank Transfer,SUCCESS
TXN01813,2024-09-11,CUS0369,India,AGT007,Rajesh Kumar,1780.4,25,Cash,SUCCESS
TXN04864,2024-09-11,CUS0392,Egypt,AGT005,John Mathew,654.32,22,Cash,SUCCESS
TXN03409,2024-09-11,CUS0164,Philippines,AGT003,Mohammad Raza,839.93,20,Card,SUCCESS
TXN01958,2024-09-11,CUS0651,India,AGT004,Maria Santos,2329.59,25,Bank Transfer,SUCCESS
TXN03296,2024-09-11,CUS0783,Nepal,AGT002,Priya Sharma,406.44,12,Cash,SUCCESS
TXN00609,2024-09-11,CUS0429,Kenya,AGT005,John Mathew,443.06,20,Card,SUCCESS
TXN04341,2024-09-11,CUS0156,India,AGT005,John Mathew,1538.83,25,Cash,SUCCESS
TXN03686,2024-09-11,CUS0781,Bangladesh,AGT008,Sarah Johnson,521.39,15,Cash,SUCCESS
TXN04291,2024-09-11,CUS0690,Kenya,AGT001,Ahmed Al Mansoori,1094.95,20,Cash,SUCCESS
TXN02618,2024-09-11,CUS0033,Pakistan,AGT005,John Mathew,819.68,18,Cash,SUCCESS
TXN03786,2024-09-11,CUS0493,Philippines,AGT002,Priya Sharma,751.35,20,Card,SUCCESS
TXN04715,2024-09-11,CUS0209,Philippines,AGT002,Priya Sharma,921.95,20,Cash,SUCCESS
TXN02937,2024-09-12,CUS0185,Pakistan,AGT002,Priya Sharma,655.04,18,Card,SUCCESS
TXN00507,2024-09-12,CUS0377,Sri Lanka,AGT003,Mohammad Raza,616.71,15,Card,SUCCESS
TXN02259,2024-09-12,CUS0361,Sri Lanka,AGT006,Fatima Al Zaabi,164.05,15,Card,SUCCESS
TXN04564,2024-09-12,CUS0457,India,AGT008,Sarah Johnson,1278.95,25,Bank Transfer,SUCCESS
TXN01056,2024-09-12,CUS0643,Pakistan,AGT002,Priya Sharma,638.81,18,Cash,SUCCESS
TXN04304,2024-09-12,CUS0331,Sri Lanka,AGT003,Mohammad Raza,908.27,15,Bank Transfer,SUCCESS
TXN03404,2024-09-12,CUS0013,Philippines,AGT006,Fatima Al Zaabi,873.31,20,Cash,SUCCESS
TXN01657,2024-09-12,CUS0729,Pakistan,AGT005,John Mathew,840.43,18,Card,SUCCESS
TXN03839,2024-09-13,CUS0460,Nepal,AGT005,John Mathew,425.75,12,Bank Transfer,SUCCESS
TXN01851,2024-09-13,CUS0358,Sri Lanka,AGT004,Maria Santos,604.6,15,Card,SUCCESS
TXN03350,2024-09-13,CUS0741,Philippines,AGT008,Sarah Johnson,863.01,20,Bank Transfer,SUCCESS
TXN00917,2024-09-13,CUS0403,India,AGT003,Mohammad Raza,1418.84,25,Cash,SUCCESS
TXN00876,2024-09-13,CUS0781,Philippines,AGT003,Mohammad Raza,1384.53,20,Card,SUCCESS
TXN01144,2024-09-13,CUS0518,Nepal,AGT004,Maria Santos,622.6,12,Cash,SUCCESS
TXN01601,2024-09-13,CUS0135,Bangladesh,AGT007,Rajesh Kumar,661.59,0,Cash,FAILED
TXN01976,2024-09-13,CUS0044,Philippines,AGT008,Sarah Johnson,795.1,20,Cash,SUCCESS
TXN03726,2024-09-13,CUS0394,Philippines,AGT006,Fatima Al Zaabi,1057.34,20,Card,SUCCESS
TXN04873,2024-09-13,CUS0046,Philippines,AGT004,Maria Santos,563.97,20,Bank Transfer,SUCCESS
TXN04276,2024-09-13,CUS0360,Bangladesh,AGT002,Priya Sharma,678.73,15,Card,SUCCESS
TXN02634,2024-09-13,CUS0341,India,AGT003,Mohammad Raza,1312.07,25,Bank Transfer,SUCCESS
TXN04683,2024-09-14,CUS0602,Bangladesh,AGT003,Mohammad Raza,1008.92,15,Cash,SUCCESS
TXN03262,2024-09-14,CUS0442,Philippines,AGT002,Priya Sharma,912.42,20,Cash,SUCCESS
TXN01823,2024-09-14,CUS0089,Pakistan,AGT003,Mohammad Raza,746.03,18,Cash,SUCCESS
TXN04179,2024-09-14,CUS0741,India,AGT002,Priya Sharma,1852.83,25,Cash,SUCCESS
TXN00255,2024-09-14,CUS0205,Philippines,AGT003,Mohammad Raza,489.77,20,Cash,SUCCESS
TXN02108,2024-09-14,CUS0024,Kenya,AGT007,Rajesh Kumar,1131.94,20,Cash,SUCCESS
TXN01331,2024-09-14,CUS0675,Sri Lanka,AGT002,Priya Sharma,1094.42,15,Cash,SUCCESS
TXN00676,2024-09-14,CUS0728,Pakistan,AGT006,Fatima Al Zaabi,613.32,18,Cash,SUCCESS
TXN01577,2024-09-14,CUS0534,India,AGT007,Rajesh Kumar,618.55,25,Bank Transfer,SUCCESS
TXN04786,2024-09-15,CUS0113,Nepal,AGT001,Ahmed Al Mansoori,544.99,12,Cash,SUCCESS
TXN03155,2024-09-15,CUS0576,Pakistan,AGT005,John Mathew,550.75,18,Card,SUCCESS
TXN04110,2024-09-15,CUS0421,India,AGT008,Sarah Johnson,1283.46,25,Cash,SUCCESS
TXN03023,2024-09-15,CUS0593,India,AGT007,Rajesh Kumar,1051.89,25,Card,SUCCESS
TXN01842,2024-09-15,CUS0125,Philippines,AGT001,Ahmed Al Mansoori,391.9,20,Cash,SUCCESS
TXN02744,2024-09-15,CUS0268,Pakistan,AGT005,John Mathew,933.95,18,Card,SUCCESS
TXN00312,2024-09-15,CUS0221,Philippines,AGT004,Maria Santos,1196.67,20,Cash,SUCCESS
TXN00316,2024-09-15,CUS0639,Philippines,AGT005,John Mathew,905.67,20,Cash,SUCCESS
TXN02635,2024-09-15,CUS0542,India,AGT007,Rajesh Kumar,1811.98,25,Card,SUCCESS
TXN04386,2024-09-15,CUS0640,India,AGT001,Ahmed Al Mansoori,1054.43,25,Cash,SUCCESS
TXN04657,2024-09-15,CUS0703,Philippines,AGT001,Ahmed Al Mansoori,814.87,20,Cash,SUCCESS
TXN02480,2024-09-15,CUS0148,Nepal,AGT008,Sarah Johnson,724.73,12,Card,SUCCESS
TXN04952,2024-09-16,CUS0244,Kenya,AGT003,Mohammad Raza,1307.14,20,Cash,SUCCESS
TXN03966,2024-09-16,CUS0500,Egypt,AGT007,Rajesh Kumar,1219.83,0,Card,FAILED
TXN00942,2024-09-16,CUS0117,Pakistan,AGT001,Ahmed Al Mansoori,1009.39,18,Cash,SUCCESS
TXN02277,2024-09-16,CUS0108,Bangladesh,AGT006,Fatima Al Zaabi,842.67,15,Card,SUCCESS
TXN01733,2024-09-16,CUS0315,India,AGT005,John Mathew,1193.01,25,Card,SUCCESS
TXN00106,2024-09-16,CUS0431,Pakistan,AGT001,Ahmed Al Mansoori,896.97,18,Cash,SUCCESS
TXN01105,2024-09-16,CUS0486,India,AGT005,John Mathew,1598.95,25,Bank Transfer,SUCCESS
TXN03188,2024-09-16,CUS0066,Pakistan,AGT005,John Mathew,1014.49,0,Cash,FAILED
TXN02051,2024-09-16,CUS0793,India,AGT007,Rajesh Kumar,1497.04,25,Card,SUCCESS
TXN03051,2024-09-16,CUS0706,Philippines,AGT005,John Mathew,529.65,20,Cash,SUCCESS
TXN00725,2024-09-16,CUS0788,Pakistan,AGT007,Rajesh Kumar,841.01,18,Bank Transfer,SUCCESS
TXN01912,2024-09-16,CUS0043,Sri Lanka,AGT006,Fatima Al Zaabi,1252.04,15,Cash,SUCCESS
TXN02069,2024-09-16,CUS0012,Philippines,AGT008,Sarah Johnson,1284.14,20,Bank Transfer,SUCCESS
TXN03563,2024-09-17,CUS0649,Sri Lanka,AGT005,John Mathew,257.27,15,Cash,SUCCESS
TXN04384,2024-09-17,CUS0339,India,AGT004,Maria Santos,1271.25,25,Card,SUCCESS
TXN01340,2024-09-17,CUS0118,Bangladesh,AGT007,Rajesh Kumar,735.79,15,Cash,SUCCESS
TXN02313,2024-09-17,CUS0220,Philippines,AGT001,Ahmed Al Mansoori,962.12,20,Bank Transfer,SUCCESS
TXN04675,2024-09-17,CUS0766,Nepal,AGT007,Rajesh Kumar,748.1,12,Cash,SUCCESS
TXN01490,2024-09-17,CUS0714,Bangladesh,AGT006,Fatima Al Zaabi,965.14,15,Cash,SUCCESS
TXN04630,2024-09-17,CUS0395,Egypt,AGT003,Mohammad Raza,1240.36,22,Card,SUCCESS
TXN01920,2024-09-17,CUS0221,Nepal,AGT006,Fatima Al Zaabi,515.02,12,Card,SUCCESS
TXN03303,2024-09-17,CUS0773,India,AGT002,Priya Sharma,1277.98,25,Cash,SUCCESS
TXN00660,2024-09-17,CUS0350,Pakistan,AGT008,Sarah Johnson,765.35,18,Cash,SUCCESS
TXN02825,2024-09-17,CUS0031,India,AGT001,Ahmed Al Mansoori,1181.13,25,Cash,SUCCESS
TXN01406,2024-09-17,CUS0184,Philippines,AGT008,Sarah Johnson,695.67,20,Cash,SUCCESS
TXN02225,2024-09-18,CUS0795,India,AGT004,Maria Santos,966.23,0,Card,FAILED
TXN01838,2024-09-18,CUS0719,Bangladesh,AGT001,Ahmed Al Mansoori,722.8,15,Cash,SUCCESS
TXN01762,2024-09-18,CUS0301,India,AGT007,Rajesh Kumar,1467.17,25,Bank Transfer,SUCCESS
TXN05000,2024-09-18,CUS0253,India,AGT004,Maria Santos,894.7,0,Cash,FAILED
TXN00076,2024-09-18,CUS0675,Philippines,AGT003,Mohammad Raza,1121.91,0,Card,FAILED
TXN00921,2024-09-18,CUS0388,Pakistan,AGT003,Mohammad Raza,1057.67,18,Cash,SUCCESS
TXN00230,2024-09-18,CUS0360,India,AGT006,Fatima Al Zaabi,1444.66,25,Bank Transfer,SUCCESS
TXN00453,2024-09-18,CUS0589,Philippines,AGT003,Mohammad Raza,633.85,20,Cash,SUCCESS
TXN03515,2024-09-19,CUS0365,India,AGT002,Priya Sharma,1356.52,25,Cash,SUCCESS
TXN00258,2024-09-19,CUS0094,India,AGT007,Rajesh Kumar,945.24,25,Cash,SUCCESS
TXN02375,2024-09-19,CUS0417,Sri Lanka,AGT007,Rajesh Kumar,1001.41,15,Cash,SUCCESS
TXN00714,2024-09-19,CUS0227,India,AGT003,Mohammad Raza,1343.69,25,Cash,SUCCESS
TXN04273,2024-09-19,CUS0006,Philippines,AGT002,Priya Sharma,533.19,0,Card,FAILED
TXN01757,2024-09-19,CUS0257,Egypt,AGT004,Maria Santos,1054.64,22,Card,SUCCESS
TXN04054,2024-09-19,CUS0132,Bangladesh,AGT003,Mohammad Raza,740.92,15,Card,SUCCESS
TXN01000,2024-09-19,CUS0432,Egypt,AGT006,Fatima Al Zaabi,1288.95,22,Bank Transfer,SUCCESS
TXN00774,2024-09-19,CUS0711,Kenya,AGT005,John Mathew,1227.18,20,Cash,SUCCESS
TXN01252,2024-09-19,CUS0398,India,AGT008,Sarah Johnson,1500.07,25,Card,SUCCESS
TXN01852,2024-09-19,CUS0361,India,AGT003,Mohammad Raza,1839.11,25,Card,SUCCESS
TXN03100,2024-09-19,CUS0638,Pakistan,AGT007,Rajesh Kumar,939.17,18,Cash,SUCCESS
TXN04302,2024-09-19,CUS0741,India,AGT008,Sarah Johnson,708.38,25,Card,SUCCESS
TXN02584,2024-09-19,CUS0491,Pakistan,AGT001,Ahmed Al Mansoori,1093.66,18,Cash,SUCCESS
TXN04540,2024-09-20,CUS0002,Bangladesh,AGT008,Sarah Johnson,860.91,15,Cash,SUCCESS
TXN00311,2024-09-20,CUS0510,Philippines,AGT005,John Mathew,841.23,0,Bank Transfer,FAILED
TXN03159,2024-09-20,CUS0208,Egypt,AGT008,Sarah Johnson,1538.45,22,Bank Transfer,SUCCESS
TXN04092,2024-09-20,CUS0109,Nepal,AGT005,John Mathew,855.69,12,Cash,SUCCESS
TXN01593,2024-09-20,CUS0127,Sri Lanka,AGT007,Rajesh Kumar,848.23,15,Cash,SUCCESS
TXN02982,2024-09-20,CUS0028,India,AGT004,Maria Santos,1658.05,25,Card,SUCCESS
TXN01185,2024-09-20,CUS0020,Philippines,AGT003,Mohammad Raza,632.8,20,Card,SUCCESS
TXN03417,2024-09-20,CUS0100,India,AGT006,Fatima Al Zaabi,1502.66,25,Card,SUCCESS
TXN04518,2024-09-20,CUS0524,India,AGT002,Priya Sharma,1323.86,25,Card,SUCCESS
TXN03614,2024-09-20,CUS0220,Pakistan,AGT003,Mohammad Raza,895.0,18,Bank Transfer,SUCCESS
TXN04059,2024-09-20,CUS0639,Philippines,AGT008,Sarah Johnson,1159.74,20,Card,SUCCESS
TXN00297,2024-09-21,CUS0787,India,AGT003,Mohammad Raza,1523.86,25,Cash,SUCCESS
TXN00257,2024-09-21,CUS0086,Sri Lanka,AGT005,John Mathew,1035.06,15,Cash,SUCCESS
TXN04750,2024-09-21,CUS0045,Philippines,AGT007,Rajesh Kumar,926.41,20,Cash,SUCCESS
TXN03798,2024-09-21,CUS0606,Sri Lanka,AGT008,Sarah Johnson,797.72,15,Cash,SUCCESS
TXN00955,2024-09-21,CUS0211,Pakistan,AGT003,Mohammad Raza,780.28,18,Cash,SUCCESS
TXN01869,2024-09-21,CUS0511,India,AGT002,Priya Sharma,807.25,25,Card,SUCCESS
TXN01297,2024-09-21,CUS0347,Egypt,AGT002,Priya Sharma,1403.3,22,Bank Transfer,SUCCESS
TXN04667,2024-09-21,CUS0777,Pakistan,AGT004,Maria Santos,646.0,18,Bank Transfer,SUCCESS
TXN04176,2024-09-21,CUS0219,Philippines,AGT006,Fatima Al Zaabi,1032.71,20,Bank Transfer,SUCCESS
TXN01296,2024-09-21,CUS0031,Nepal,AGT006,Fatima Al Zaabi,582.2,12,Card,SUCCESS
TXN01313,2024-09-21,CUS0466,Pakistan,AGT006,Fatima Al Zaabi,1133.65,18,Card,SUCCESS
TXN03926,2024-09-21,CUS0330,Nepal,AGT008,Sarah Johnson,539.45,12,Card,SUCCESS
TXN04810,2024-09-21,CUS0679,Nepal,AGT006,Fatima Al Zaabi,524.5,12,Cash,SUCCESS
TXN02201,2024-09-22,CUS0374,Kenya,AGT003,Mohammad Raza,1464.24,20,Cash,SUCCESS
TXN03288,2024-09-22,CUS0739,Bangladesh,AGT003,Mohammad Raza,655.55,0,Card,FAILED
TXN02922,2024-09-22,CUS0182,Bangladesh,AGT008,Sarah Johnson,856.45,15,Bank Transfer,SUCCESS
TXN00767,2024-09-22,CUS0614,India,AGT001,Ahmed Al Mansoori,1187.4,25,Card,SUCCESS
TXN04939,2024-09-22,CUS0258,Philippines,AGT002,Priya Sharma,1165.32,20,Bank Transfer,SUCCESS
TXN01411,2024-09-22,CUS0477,Philippines,AGT001,Ahmed Al Mansoori,1258.61,20,Cash,SUCCESS
TXN02941,2024-09-22,CUS0029,India,AGT003,Mohammad Raza,1558.77,25,Card,SUCCESS
TXN00278,2024-09-22,CUS0745,India,AGT002,Priya Sharma,983.92,25,Cash,SUCCESS
TXN01559,2024-09-22,CUS0675,Egypt,AGT005,John Mathew,1592.59,22,Cash,SUCCESS
TXN01893,2024-09-23,CUS0126,India,AGT004,Maria Santos,1042.9,25,Bank Transfer,SUCCESS
TXN03557,2024-09-23,CUS0263,India,AGT005,John Mathew,1430.6,0,Card,FAILED
TXN01817,2024-09-23,CUS0444,Bangladesh,AGT002,Priya Sharma,248.12,15,Card,SUCCESS
TXN02962,2024-09-23,CUS0181,India,AGT005,John Mathew,980.91,25,Cash,SUCCESS
TXN01300,2024-09-23,CUS0412,Kenya,AGT007,Rajesh Kumar,1041.68,20,Card,SUCCESS
TXN00520,2024-09-23,CUS0470,Philippines,AGT006,Fatima Al Zaabi,1102.87,20,Cash,SUCCESS
TXN04931,2024-09-23,CUS0171,Nepal,AGT005,John Mathew,797.38,12,Bank Transfer,SUCCESS
TXN04586,2024-09-23,CUS0292,Pakistan,AGT008,Sarah Johnson,1086.35,18,Cash,SUCCESS
TXN02574,2024-09-23,CUS0770,Philippines,AGT007,Rajesh Kumar,886.44,20,Bank Transfer,SUCCESS
TXN03527,2024-09-23,CUS0607,India,AGT002,Priya Sharma,1128.74,25,Cash,SUCCESS
TXN00627,2024-09-23,CUS0445,Pakistan,AGT006,Fatima Al Zaabi,562.49,18,Bank Transfer,SUCCESS
TXN01989,2024-09-24,CUS0061,Bangladesh,AGT004,Maria Santos,565.29,15,Cash,SUCCESS
TXN03292,2024-09-24,CUS0002,Pakistan,AGT003,Mohammad Raza,202.93,18,Bank Transfer,SUCCESS
TXN02014,2024-09-24,CUS0620,India,AGT002,Priya Sharma,861.63,25,Bank Transfer,SUCCESS
TXN01257,2024-09-24,CUS0565,Philippines,AGT001,Ahmed Al Mansoori,1351.59,20,Cash,SUCCESS
TXN03652,2024-09-24,CUS0031,India,AGT002,Priya Sharma,1398.29,25,Bank Transfer,SUCCESS
TXN00108,2024-09-24,CUS0631,Kenya,AGT005,John Mathew,999.75,20,Card,SUCCESS
TXN03849,2024-09-24,CUS0469,India,AGT004,Maria Santos,1146.02,25,Card,SUCCESS
TXN00956,2024-09-24,CUS0046,India,AGT005,John Mathew,1602.23,25,Card,SUCCESS
TXN00849,2024-09-24,CUS0133,Pakistan,AGT001,Ahmed Al Mansoori,646.94,18,Cash,SUCCESS
TXN01454,2024-09-24,CUS0400,Pakistan,AGT002,Priya Sharma,1424.4,18,Cash,SUCCESS
TXN04382,2024-09-25,CUS0293,Bangladesh,AGT001,Ahmed Al Mansoori,737.0,15,Cash,SUCCESS
TXN04569,2024-09-25,CUS0048,Philippines,AGT005,John Mathew,1292.07,20,Cash,SUCCESS
TXN00900,2024-09-25,CUS0789,Egypt,AGT007,Rajesh Kumar,830.41,0,Bank Transfer,FAILED
TXN01629,2024-09-25,CUS0304,India,AGT004,Maria Santos,1224.43,25,Card,SUCCESS
TXN04025,2024-09-25,CUS0689,India,AGT001,Ahmed Al Mansoori,955.69,25,Bank Transfer,SUCCESS
TXN02896,2024-09-25,CUS0459,India,AGT007,Rajesh Kumar,2613.45,25,Cash,SUCCESS
TXN02053,2024-09-25,CUS0134,India,AGT003,Mohammad Raza,963.08,25,Card,SUCCESS
TXN03343,2024-09-25,CUS0627,Pakistan,AGT006,Fatima Al Zaabi,553.67,18,Bank Transfer,SUCCESS
TXN04655,2024-09-25,CUS0106,India,AGT008,Sarah Johnson,1453.24,25,Cash,SUCCESS
TXN00954,2024-09-25,CUS0147,India,AGT006,Fatima Al Zaabi,1719.76,25,Cash,SUCCESS
TXN04417,2024-09-25,CUS0295,Sri Lanka,AGT004,Maria Santos,808.97,15,Cash,SUCCESS
TXN04067,2024-09-25,CUS0544,Philippines,AGT007,Rajesh Kumar,951.12,20,Cash,SUCCESS
TXN02135,2024-09-25,CUS0373,Sri Lanka,AGT004,Maria Santos,670.34,15,Cash,SUCCESS
TXN01585,2024-09-25,CUS0077,Egypt,AGT003,Mohammad Raza,1241.51,22,Cash,SUCCESS
TXN03740,2024-09-25,CUS0486,Egypt,AGT003,Mohammad Raza,655.14,22,Cash,SUCCESS
TXN03920,2024-09-25,CUS0623,India,AGT005,John Mathew,1178.61,25,Cash,SUCCESS
TXN03807,2024-09-26,CUS0794,Pakistan,AGT003,Mohammad Raza,808.33,18,Cash,SUCCESS
TXN02305,2024-09-26,CUS0776,Pakistan,AGT007,Rajesh Kumar,1278.96,18,Cash,SUCCESS
TXN03936,2024-09-26,CUS0492,Philippines,AGT006,Fatima Al Zaabi,1004.84,20,Card,SUCCESS
TXN02917,2024-09-26,CUS0725,India,AGT003,Mohammad Raza,1136.8,25,Bank Transfer,SUCCESS
TXN01664,2024-09-26,CUS0720,Pakistan,AGT004,Maria Santos,654.12,18,Cash,SUCCESS
TXN01221,2024-09-26,CUS0690,Philippines,AGT008,Sarah Johnson,579.35,20,Cash,SUCCESS
TXN04641,2024-09-26,CUS0750,Philippines,AGT005,John Mathew,1119.77,0,Cash,FAILED
TXN03036,2024-09-26,CUS0436,Philippines,AGT002,Priya Sharma,1020.66,0,Bank Transfer,FAILED
TXN03736,2024-09-27,CUS0622,Philippines,AGT008,Sarah Johnson,867.04,0,Bank Transfer,FAILED
TXN01302,2024-09-27,CUS0718,Pakistan,AGT003,Mohammad Raza,1038.09,18,Card,SUCCESS
TXN03286,2024-09-27,CUS0507,Nepal,AGT002,Priya Sharma,870.62,12,Bank Transfer,SUCCESS
TXN02181,2024-09-27,CUS0022,Nepal,AGT007,Rajesh Kumar,565.79,12,Cash,SUCCESS
TXN03823,2024-09-27,CUS0675,India,AGT008,Sarah Johnson,1183.84,0,Cash,FAILED
TXN03505,2024-09-27,CUS0115,Bangladesh,AGT005,John Mathew,594.63,15,Bank Transfer,SUCCESS
TXN03621,2024-09-27,CUS0443,Philippines,AGT005,John Mathew,529.33,20,Card,SUCCESS
TXN03692,2024-09-27,CUS0536,Pakistan,AGT008,Sarah Johnson,1001.47,18,Cash,SUCCESS
TXN01584,2024-09-27,CUS0622,Bangladesh,AGT001,Ahmed Al Mansoori,712.95,15,Cash,SUCCESS
TXN02959,2024-09-27,CUS0203,Bangladesh,AGT004,Maria Santos,938.48,15,Card,SUCCESS
TXN02829,2024-09-27,CUS0083,India,AGT005,John Mathew,1542.52,25,Card,SUCCESS
TXN00493,2024-09-27,CUS0370,Sri Lanka,AGT001,Ahmed Al Mansoori,767.41,15,Cash,SUCCESS
TXN04381,2024-09-28,CUS0554,Bangladesh,AGT001,Ahmed Al Mansoori,733.0,15,Cash,SUCCESS
TXN04366,2024-09-28,CUS0464,India,AGT005,John Mathew,1955.26,25,Bank Transfer,SUCCESS
TXN01763,2024-09-28,CUS0118,Philippines,AGT001,Ahmed Al Mansoori,920.37,20,Cash,SUCCESS
TXN02348,2024-09-28,CUS0730,India,AGT004,Maria Santos,889.4,25,Cash,SUCCESS
TXN04799,2024-09-28,CUS0419,Nepal,AGT006,Fatima Al Zaabi,230.94,12,Card,SUCCESS
TXN04086,2024-09-28,CUS0341,Pakistan,AGT003,Mohammad Raza,746.16,18,Card,SUCCESS
TXN00486,2024-09-28,CUS0451,Pakistan,AGT003,Mohammad Raza,458.66,18,Cash,SUCCESS
TXN01655,2024-09-28,CUS0696,India,AGT003,Mohammad Raza,1321.85,25,Bank Transfer,SUCCESS
TXN01554,2024-09-28,CUS0772,Philippines,AGT002,Priya Sharma,676.74,20,Bank Transfer,SUCCESS
TXN03438,2024-09-28,CUS0364,Sri Lanka,AGT001,Ahmed Al Mansoori,462.83,15,Cash,SUCCESS
TXN04827,2024-09-28,CUS0644,Bangladesh,AGT005,John Mathew,717.75,15,Card,SUCCESS
TXN02227,2024-09-29,CUS0711,Philippines,AGT004,Maria Santos,1283.29,20,Card,SUCCESS
TXN03308,2024-09-29,CUS0701,India,AGT007,Rajesh Kumar,1330.2,25,Cash,SUCCESS
TXN02079,2024-09-29,CUS0180,Bangladesh,AGT004,Maria Santos,670.72,15,Cash,SUCCESS
TXN02073,2024-09-29,CUS0154,Bangladesh,AGT002,Priya Sharma,718.62,0,Bank Transfer,FAILED
TXN02728,2024-09-29,CUS0460,Pakistan,AGT004,Maria Santos,1121.95,18,Card,SUCCESS
TXN00466,2024-09-29,CUS0332,India,AGT003,Mohammad Raza,1120.45,25,Cash,SUCCESS
TXN01799,2024-09-29,CUS0636,India,AGT004,Maria Santos,1587.36,25,Cash,SUCCESS
TXN01089,2024-09-29,CUS0636,Sri Lanka,AGT008,Sarah Johnson,691.72,15,Card,SUCCESS
TXN01012,2024-09-29,CUS0486,India,AGT007,Rajesh Kumar,1271.14,25,Card,SUCCESS
TXN04305,2024-09-29,CUS0247,India,AGT003,Mohammad Raza,729.35,25,Bank Transfer,SUCCESS
TXN03655,2024-09-29,CUS0510,Bangladesh,AGT001,Ahmed Al Mansoori,731.37,15,Cash,SUCCESS
TXN01626,2024-09-29,CUS0170,Sri Lanka,AGT002,Priya Sharma,993.01,15,Card,SUCCESS
TXN04724,2024-09-29,CUS0395,India,AGT005,John Mathew,1090.72,25,Cash,SUCCESS
TXN01428,2024-09-30,CUS0112,Philippines,AGT008,Sarah Johnson,602.13,20,Bank Transfer,SUCCESS
TXN01902,2024-09-30,CUS0167,Philippines,AGT005,John Mathew,809.87,20,Cash,SUCCESS
TXN04196,2024-09-30,CUS0590,India,AGT004,Maria Santos,1021.48,25,Cash,SUCCESS
TXN03990,2024-09-30,CUS0475,Philippines,AGT003,Mohammad Raza,690.85,20,Bank Transfer,SUCCESS
TXN01621,2024-09-30,CUS0131,Bangladesh,AGT001,Ahmed Al Mansoori,723.79,15,Card,SUCCESS
TXN04953,2024-09-30,CUS0437,Bangladesh,AGT001,Ahmed Al Mansoori,865.88,15,Cash,SUCCESS
TXN00611,2024-09-30,CUS0688,Pakistan,AGT008,Sarah Johnson,957.05,18,Cash,SUCCESS
TXN01773,2024-09-30,CUS0346,Egypt,AGT001,Ahmed Al Mansoori,894.53,22,Cash,SUCCESS
TXN03934,2024-09-30,CUS0088,India,AGT001,Ahmed Al Mansoori,1473.9,25,Cash,SUCCESS
TXN01451,2024-09-30,CUS0080,Bangladesh,AGT003,Mohammad Raza,764.85,15,Cash,SUCCESS
TXN04130,2024-09-30,CUS0597,Pakistan,AGT001,Ahmed Al Mansoori,1197.49,18,Bank Transfer,SUCCESS
TXN03472,2024-09-30,CUS0533,Nepal,AGT006,Fatima Al Zaabi,585.44,12,Cash,SUCCESS
TXN02653,2024-09-30,CUS0493,Philippines,AGT002,Priya Sharma,1037.91,20,Cash,SUCCESS
TXN03097,2024-09-30,CUS0487,Sri Lanka,AGT002,Priya Sharma,984.39,15,Cash,SUCCESS
TXN03508,2024-09-30,CUS0128,India,AGT004,Maria Santos,1178.04,25,Cash,SUCCESS
TXN02838,2024-09-30,CUS0204,India,AGT004,Maria Santos,1785.35,25,Cash,SUCCESS
TXN03467,2024-09-30,CUS0300,India,AGT007,Rajesh Kumar,1051.74,25,Card,SUCCESS
TXN04548,2024-10-01,CUS0246,Bangladesh,AGT003,Mohammad Raza,687.95,15,Card,SUCCESS
TXN04346,2024-10-01,CUS0503,Bangladesh,AGT002,Priya Sharma,705.74,15,Cash,SUCCESS
TXN02808,2024-10-01,CUS0653,Nepal,AGT007,Rajesh Kumar,450.05,12,Cash,SUCCESS
TXN01885,2024-10-01,CUS0738,Pakistan,AGT001,Ahmed Al Mansoori,793.66,18,Cash,SUCCESS
TXN04552,2024-10-01,CUS0371,Pakistan,AGT003,Mohammad Raza,1001.44,18,Cash,SUCCESS
TXN00778,2024-10-01,CUS0255,India,AGT005,John Mathew,1110.89,25,Cash,SUCCESS
TXN01565,2024-10-01,CUS0649,India,AGT005,John Mathew,1465.26,25,Cash,SUCCESS
TXN04152,2024-10-01,CUS0207,Philippines,AGT004,Maria Santos,1204.5,20,Cash,SUCCESS
TXN04172,2024-10-01,CUS0308,India,AGT001,Ahmed Al Mansoori,1142.17,25,Cash,SUCCESS
TXN03498,2024-10-01,CUS0633,Pakistan,AGT004,Maria Santos,788.46,18,Cash,SUCCESS
TXN00021,2024-10-01,CUS0115,Bangladesh,AGT006,Fatima Al Zaabi,1007.79,15,Cash,SUCCESS
TXN03697,2024-10-01,CUS0233,India,AGT006,Fatima Al Zaabi,994.17,25,Bank Transfer,SUCCESS
TXN00947,2024-10-01,CUS0363,India,AGT006,Fatima Al Zaabi,650.81,25,Cash,SUCCESS
TXN01973,2024-10-01,CUS0549,India,AGT003,Mohammad Raza,1436.12,25,Card,SUCCESS
TXN00912,2024-10-01,CUS0534,Philippines,AGT001,Ahmed Al Mansoori,959.17,20,Cash,SUCCESS
TXN03224,2024-10-01,CUS0139,India,AGT004,Maria Santos,1450.27,25,Cash,SUCCESS
TXN01403,2024-10-01,CUS0336,India,AGT003,Mohammad Raza,1626.85,25,Card,SUCCESS
TXN03451,2024-10-02,CUS0254,Philippines,AGT005,John Mathew,771.04,20,Card,SUCCESS
TXN04640,2024-10-02,CUS0264,Pakistan,AGT004,Maria Santos,120.24,18,Cash,SUCCESS
TXN04779,2024-10-02,CUS0090,Bangladesh,AGT005,John Mathew,469.99,15,Cash,SUCCESS
TXN02137,2024-10-02,CUS0458,Sri Lanka,AGT001,Ahmed Al Mansoori,772.92,15,Cash,SUCCESS
TXN00367,2024-10-02,CUS0746,Philippines,AGT003,Mohammad Raza,960.5,20,Bank Transfer,SUCCESS
TXN01553,2024-10-02,CUS0404,India,AGT001,Ahmed Al Mansoori,883.93,25,Card,SUCCESS
TXN00700,2024-10-02,CUS0216,Pakistan,AGT002,Priya Sharma,755.62,18,Card,SUCCESS
TXN00847,2024-10-02,CUS0537,Nepal,AGT004,Maria Santos,652.05,12,Card,SUCCESS
TXN04217,2024-10-02,CUS0605,India,AGT008,Sarah Johnson,1868.39,25,Card,SUCCESS
TXN04680,2024-10-02,CUS0522,India,AGT001,Ahmed Al Mansoori,1290.47,25,Bank Transfer,SUCCESS
TXN01176,2024-10-02,CUS0674,India,AGT008,Sarah Johnson,1098.96,25,Card,SUCCESS
TXN02488,2024-10-02,CUS0706,Bangladesh,AGT007,Rajesh Kumar,690.46,15,Bank Transfer,SUCCESS
TXN01269,2024-10-02,CUS0789,India,AGT005,John Mathew,935.21,25,Cash,SUCCESS
TXN01146,2024-10-02,CUS0220,India,AGT002,Priya Sharma,1205.61,25,Bank Transfer,SUCCESS
TXN03710,2024-10-02,CUS0296,Sri Lanka,AGT003,Mohammad Raza,758.88,15,Cash,SUCCESS
TXN03085,2024-10-02,CUS0699,Pakistan,AGT008,Sarah Johnson,755.4,18,Card,SUCCESS
TXN00724,2024-10-02,CUS0745,India,AGT002,Priya Sharma,1467.58,25,Cash,SUCCESS
TXN01948,2024-10-03,CUS0007,Pakistan,AGT004,Maria Santos,792.98,18,Bank Transfer,SUCCESS
TXN00187,2024-10-03,CUS0425,Philippines,AGT003,Mohammad Raza,1027.77,20,Bank Transfer,SUCCESS
TXN03204,2024-10-03,CUS0523,Pakistan,AGT007,Rajesh Kumar,1106.93,18,Cash,SUCCESS
TXN03011,2024-10-03,CUS0092,Nepal,AGT002,Priya Sharma,583.15,12,Bank Transfer,SUCCESS
TXN00177,2024-10-03,CUS0544,Sri Lanka,AGT006,Fatima Al Zaabi,752.93,15,Cash,SUCCESS
TXN01971,2024-10-03,CUS0389,India,AGT001,Ahmed Al Mansoori,1413.68,25,Card,SUCCESS
TXN03171,2024-10-03,CUS0110,Egypt,AGT006,Fatima Al Zaabi,787.9,22,Card,SUCCESS
TXN01914,2024-10-03,CUS0359,Bangladesh,AGT004,Maria Santos,805.18,15,Card,SUCCESS
TXN00872,2024-10-03,CUS0515,Pakistan,AGT006,Fatima Al Zaabi,608.41,18,Cash,SUCCESS
TXN00787,2024-10-03,CUS0404,India,AGT006,Fatima Al Zaabi,1500.21,25,Card,SUCCESS
TXN02854,2024-10-03,CUS0528,India,AGT002,Priya Sharma,1279.39,25,Card,SUCCESS
TXN02859,2024-10-03,CUS0185,India,AGT003,Mohammad Raza,1624.7,25,Cash,SUCCESS
TXN00813,2024-10-03,CUS0139,Egypt,AGT008,Sarah Johnson,1577.5,22,Card,SUCCESS
TXN00681,2024-10-04,CUS0105,India,AGT008,Sarah Johnson,1459.8,25,Card,SUCCESS
TXN03388,2024-10-04,CUS0158,India,AGT008,Sarah Johnson,1228.13,25,Cash,SUCCESS
TXN04906,2024-10-04,CUS0397,India,AGT006,Fatima Al Zaabi,1534.17,0,Cash,FAILED
TXN04636,2024-10-04,CUS0624,Nepal,AGT004,Maria Santos,100.0,12,Bank Transfer,SUCCESS
TXN03454,2024-10-04,CUS0677,Bangladesh,AGT006,Fatima Al Zaabi,582.27,15,Card,SUCCESS
TXN02092,2024-10-04,CUS0352,Philippines,AGT001,Ahmed Al Mansoori,981.13,20,Cash,SUCCESS
TXN03480,2024-10-04,CUS0443,Pakistan,AGT005,John Mathew,1132.72,18,Cash,SUCCESS
TXN02674,2024-10-04,CUS0730,Egypt,AGT002,Priya Sharma,922.18,22,Card,SUCCESS
TXN04104,2024-10-04,CUS0057,Pakistan,AGT008,Sarah Johnson,1012.69,18,Card,SUCCESS
TXN02874,2024-10-04,CUS0518,India,AGT007,Rajesh Kumar,989.54,25,Bank Transfer,SUCCESS
TXN04317,2024-10-04,CUS0123,Egypt,AGT003,Mohammad Raza,727.93,22,Cash,SUCCESS
TXN02351,2024-10-04,CUS0794,Pakistan,AGT005,John Mathew,1054.38,18,Cash,SUCCESS
TXN04107,2024-10-05,CUS0464,Pakistan,AGT001,Ahmed Al Mansoori,729.38,18,Cash,SUCCESS
TXN01130,2024-10-05,CUS0702,India,AGT006,Fatima Al Zaabi,1318.35,25,Cash,SUCCESS
TXN04240,2024-10-05,CUS0011,India,AGT007,Rajesh Kumar,1171.84,25,Card,SUCCESS
TXN01303,2024-10-05,CUS0715,Pakistan,AGT008,Sarah Johnson,758.01,18,Bank Transfer,SUCCESS
TXN01417,2024-10-05,CUS0789,Egypt,AGT001,Ahmed Al Mansoori,1118.81,22,Bank Transfer,SUCCESS
TXN00829,2024-10-05,CUS0257,Philippines,AGT004,Maria Santos,786.55,20,Bank Transfer,SUCCESS
TXN00050,2024-10-05,CUS0684,Bangladesh,AGT001,Ahmed Al Mansoori,329.76,15,Cash,SUCCESS
TXN01834,2024-10-05,CUS0055,Sri Lanka,AGT005,John Mathew,814.6,15,Cash,SUCCESS
TXN04373,2024-10-05,CUS0434,India,AGT004,Maria Santos,806.84,25,Card,SUCCESS
TXN03927,2024-10-05,CUS0606,Philippines,AGT001,Ahmed Al Mansoori,1159.28,20,Cash,SUCCESS
TXN04114,2024-10-06,CUS0672,India,AGT007,Rajesh Kumar,649.03,25,Cash,SUCCESS
TXN04055,2024-10-06,CUS0338,Pakistan,AGT001,Ahmed Al Mansoori,555.27,18,Bank Transfer,SUCCESS
TXN03046,2024-10-06,CUS0411,Pakistan,AGT001,Ahmed Al Mansoori,308.01,18,Card,SUCCESS
TXN03756,2024-10-06,CUS0462,India,AGT002,Priya Sharma,491.19,25,Bank Transfer,SUCCESS
TXN02024,2024-10-06,CUS0379,Nepal,AGT001,Ahmed Al Mansoori,364.41,0,Bank Transfer,FAILED
TXN04967,2024-10-06,CUS0183,India,AGT002,Priya Sharma,861.79,25,Card,SUCCESS
TXN03933,2024-10-06,CUS0665,Egypt,AGT001,Ahmed Al Mansoori,1392.88,22,Cash,SUCCESS
TXN01620,2024-10-06,CUS0743,Pakistan,AGT005,John Mathew,1075.63,18,Card,SUCCESS
TXN00710,2024-10-06,CUS0306,India,AGT003,Mohammad Raza,1810.72,25,Bank Transfer,SUCCESS
TXN00004,2024-10-06,CUS0604,Philippines,AGT008,Sarah Johnson,1311.22,20,Bank Transfer,SUCCESS
TXN04218,2024-10-06,CUS0426,Nepal,AGT002,Priya Sharma,513.28,12,Bank Transfer,SUCCESS
TXN00995,2024-10-06,CUS0039,Pakistan,AGT001,Ahmed Al Mansoori,559.61,18,Card,SUCCESS
TXN02655,2024-10-06,CUS0636,Egypt,AGT001,Ahmed Al Mansoori,882.91,22,Card,SUCCESS
TXN02590,2024-10-07,CUS0158,Bangladesh,AGT002,Priya Sharma,686.66,15,Cash,SUCCESS
TXN01923,2024-10-07,CUS0541,Bangladesh,AGT002,Priya Sharma,474.72,15,Card,SUCCESS
TXN04094,2024-10-07,CUS0170,Philippines,AGT005,John Mathew,959.82,20,Bank Transfer,SUCCESS
TXN04048,2024-10-07,CUS0677,Pakistan,AGT002,Priya Sharma,1475.52,18,Cash,SUCCESS
TXN01212,2024-10-07,CUS0712,Bangladesh,AGT008,Sarah Johnson,554.49,0,Cash,FAILED
TXN03166,2024-10-07,CUS0326,India,AGT003,Mohammad Raza,569.34,25,Cash,SUCCESS
TXN00886,2024-10-07,CUS0712,Philippines,AGT003,Mohammad Raza,1398.61,20,Cash,SUCCESS
TXN03917,2024-10-07,CUS0770,India,AGT006,Fatima Al Zaabi,1168.52,25,Cash,SUCCESS
TXN02536,2024-10-08,CUS0524,Pakistan,AGT005,John Mathew,729.18,18,Cash,SUCCESS
TXN03714,2024-10-08,CUS0414,Kenya,AGT005,John Mathew,342.21,20,Cash,SUCCESS
TXN00340,2024-10-08,CUS0417,Kenya,AGT003,Mohammad Raza,789.34,20,Bank Transfer,SUCCESS
TXN04959,2024-10-08,CUS0130,Bangladesh,AGT006,Fatima Al Zaabi,689.18,15,Card,SUCCESS
TXN02403,2024-10-08,CUS0499,India,AGT004,Maria Santos,1003.2,25,Cash,SUCCESS
TXN01882,2024-10-08,CUS0121,India,AGT008,Sarah Johnson,1781.61,25,Bank Transfer,SUCCESS
TXN00762,2024-10-08,CUS0165,Pakistan,AGT001,Ahmed Al Mansoori,829.28,18,Card,SUCCESS
TXN01477,2024-10-08,CUS0242,Nepal,AGT004,Maria Santos,578.23,12,Cash,SUCCESS
TXN00985,2024-10-08,CUS0721,Kenya,AGT001,Ahmed Al Mansoori,948.97,20,Bank Transfer,SUCCESS
TXN00659,2024-10-08,CUS0619,India,AGT002,Priya Sharma,1271.31,25,Card,SUCCESS
TXN04553,2024-10-08,CUS0771,Bangladesh,AGT002,Priya Sharma,883.29,15,Card,SUCCESS
TXN00771,2024-10-08,CUS0356,India,AGT006,Fatima Al Zaabi,1454.79,25,Cash,SUCCESS
TXN02475,2024-10-08,CUS0758,Pakistan,AGT003,Mohammad Raza,872.92,18,Card,SUCCESS
TXN03835,2024-10-08,CUS0507,Philippines,AGT002,Priya Sharma,638.07,20,Card,SUCCESS
TXN04840,2024-10-08,CUS0456,Bangladesh,AGT007,Rajesh Kumar,562.73,15,Cash,SUCCESS
TXN00833,2024-10-08,CUS0493,Philippines,AGT005,John Mathew,628.88,20,Cash,SUCCESS
TXN02428,2024-10-08,CUS0662,India,AGT007,Rajesh Kumar,1177.61,25,Cash,SUCCESS
TXN00142,2024-10-08,CUS0323,India,AGT002,Priya Sharma,1670.57,25,Cash,SUCCESS
TXN02220,2024-10-08,CUS0685,Philippines,AGT002,Priya Sharma,833.3,20,Card,SUCCESS
TXN04719,2024-10-08,CUS0638,Pakistan,AGT006,Fatima Al Zaabi,973.48,18,Cash,SUCCESS
TXN00147,2024-10-09,CUS0117,Philippines,AGT004,Maria Santos,566.02,20,Cash,SUCCESS
TXN00993,2024-10-09,CUS0364,Nepal,AGT007,Rajesh Kumar,555.51,12,Cash,SUCCESS
TXN02467,2024-10-09,CUS0753,Pakistan,AGT006,Fatima Al Zaabi,616.81,18,Cash,SUCCESS
TXN00726,2024-10-09,CUS0670,India,AGT008,Sarah Johnson,1133.77,25,Cash,SUCCESS
TXN00300,2024-10-09,CUS0630,India,AGT005,John Mathew,1426.67,25,Card,SUCCESS
TXN02140,2024-10-09,CUS0751,India,AGT004,Maria Santos,671.69,25,Cash,SUCCESS
TXN04862,2024-10-09,CUS0707,Nepal,AGT002,Priya Sharma,451.3,12,Cash,SUCCESS
TXN00398,2024-10-09,CUS0543,Philippines,AGT001,Ahmed Al Mansoori,1265.55,20,Card,SUCCESS
TXN03132,2024-10-10,CUS0143,Sri Lanka,AGT006,Fatima Al Zaabi,741.55,15,Card,SUCCESS
TXN02944,2024-10-10,CUS0532,Philippines,AGT008,Sarah Johnson,848.56,20,Bank Transfer,SUCCESS
TXN04623,2024-10-10,CUS0160,Sri Lanka,AGT005,John Mathew,550.35,15,Card,SUCCESS
TXN03125,2024-10-10,CUS0164,India,AGT007,Rajesh Kumar,1149.82,25,Cash,SUCCESS
TXN00052,2024-10-10,CUS0620,India,AGT005,John Mathew,1061.37,25,Cash,SUCCESS
TXN04223,2024-10-10,CUS0570,Egypt,AGT001,Ahmed Al Mansoori,1098.17,22,Cash,SUCCESS
TXN00193,2024-10-10,CUS0239,India,AGT004,Maria Santos,1277.07,25,Cash,SUCCESS
TXN01933,2024-10-10,CUS0761,Bangladesh,AGT008,Sarah Johnson,602.28,15,Bank Transfer,SUCCESS
TXN01152,2024-10-10,CUS0194,Philippines,AGT007,Rajesh Kumar,318.58,20,Bank Transfer,SUCCESS
TXN01341,2024-10-10,CUS0030,Philippines,AGT008,Sarah Johnson,943.35,20,Cash,SUCCESS
TXN03471,2024-10-10,CUS0019,Pakistan,AGT001,Ahmed Al Mansoori,778.06,18,Cash,SUCCESS
TXN03139,2024-10-10,CUS0382,India,AGT005,John Mathew,1370.45,25,Bank Transfer,SUCCESS
TXN04280,2024-10-10,CUS0234,India,AGT002,Priya Sharma,1331.03,25,Card,SUCCESS
TXN03971,2024-10-10,CUS0352,India,AGT001,Ahmed Al Mansoori,1057.01,25,Cash,SUCCESS
TXN00669,2024-10-10,CUS0521,Egypt,AGT008,Sarah Johnson,225.18,22,Bank Transfer,SUCCESS
TXN00674,2024-10-10,CUS0215,Pakistan,AGT004,Maria Santos,710.85,18,Cash,SUCCESS
TXN02921,2024-10-10,CUS0546,Philippines,AGT001,Ahmed Al Mansoori,705.92,20,Cash,SUCCESS
TXN03811,2024-10-11,CUS0359,India,AGT003,Mohammad Raza,842.21,0,Cash,FAILED
TXN02756,2024-10-11,CUS0268,Egypt,AGT001,Ahmed Al Mansoori,950.95,22,Cash,SUCCESS
TXN00530,2024-10-11,CUS0097,Bangladesh,AGT004,Maria Santos,510.09,15,Bank Transfer,SUCCESS
TXN04407,2024-10-11,CUS0496,Sri Lanka,AGT003,Mohammad Raza,724.07,15,Cash,SUCCESS
TXN03056,2024-10-11,CUS0432,Nepal,AGT004,Maria Santos,445.78,12,Cash,SUCCESS
TXN03157,2024-10-11,CUS0353,Pakistan,AGT007,Rajesh Kumar,503.02,0,Cash,FAILED
TXN03088,2024-10-11,CUS0075,Pakistan,AGT003,Mohammad Raza,1092.55,18,Cash,SUCCESS
TXN00114,2024-10-11,CUS0662,Bangladesh,AGT008,Sarah Johnson,1217.28,15,Cash,SUCCESS
TXN01908,2024-10-11,CUS0594,India,AGT001,Ahmed Al Mansoori,794.36,25,Cash,SUCCESS
TXN03473,2024-10-11,CUS0682,Sri Lanka,AGT004,Maria Santos,761.76,15,Cash,SUCCESS
TXN01350,2024-10-11,CUS0216,Kenya,AGT007,Rajesh Kumar,885.94,20,Bank Transfer,SUCCESS
TXN02963,2024-10-12,CUS0346,Bangladesh,AGT003,Mohammad Raza,588.91,15,Card,SUCCESS
TXN02813,2024-10-12,CUS0656,Philippines,AGT007,Rajesh Kumar,1369.49,0,Card,FAILED
TXN01228,2024-10-12,CUS0241,India,AGT006,Fatima Al Zaabi,1147.08,25,Cash,SUCCESS
TXN04999,2024-10-12,CUS0468,Bangladesh,AGT006,Fatima Al Zaabi,869.69,15,Bank Transfer,SUCCESS
TXN02598,2024-10-12,CUS0647,Pakistan,AGT006,Fatima Al Zaabi,850.71,18,Card,SUCCESS
TXN03061,2024-10-12,CUS0510,Pakistan,AGT007,Rajesh Kumar,876.19,18,Cash,SUCCESS
TXN00013,2024-10-12,CUS0787,India,AGT006,Fatima Al Zaabi,1287.11,25,Cash,SUCCESS
TXN03994,2024-10-12,CUS0736,India,AGT002,Priya Sharma,1470.4,25,Cash,SUCCESS
TXN01218,2024-10-12,CUS0092,Pakistan,AGT004,Maria Santos,866.96,18,Cash,SUCCESS
TXN02661,2024-10-12,CUS0330,Bangladesh,AGT007,Rajesh Kumar,453.13,15,Cash,SUCCESS
TXN04645,2024-10-13,CUS0624,Pakistan,AGT006,Fatima Al Zaabi,952.96,18,Bank Transfer,SUCCESS
TXN04937,2024-10-13,CUS0214,Philippines,AGT007,Rajesh Kumar,900.85,20,Card,SUCCESS
TXN01134,2024-10-13,CUS0428,Pakistan,AGT002,Priya Sharma,908.85,18,Cash,SUCCESS
TXN04436,2024-10-13,CUS0214,Bangladesh,AGT005,John Mathew,846.13,15,Cash,SUCCESS
TXN01387,2024-10-13,CUS0353,Sri Lanka,AGT007,Rajesh Kumar,1042.89,15,Cash,SUCCESS
TXN02889,2024-10-13,CUS0775,India,AGT006,Fatima Al Zaabi,1061.39,25,Card,SUCCESS
TXN02812,2024-10-13,CUS0418,Kenya,AGT001,Ahmed Al Mansoori,768.87,20,Cash,SUCCESS
TXN03698,2024-10-13,CUS0187,Sri Lanka,AGT001,Ahmed Al Mansoori,824.84,15,Card,SUCCESS
TXN04390,2024-10-13,CUS0496,Pakistan,AGT004,Maria Santos,940.47,18,Cash,SUCCESS
TXN03780,2024-10-13,CUS0639,India,AGT004,Maria Santos,1169.01,25,Card,SUCCESS
TXN04594,2024-10-14,CUS0588,Philippines,AGT002,Priya Sharma,313.68,20,Cash,SUCCESS
TXN00554,2024-10-14,CUS0229,Bangladesh,AGT006,Fatima Al Zaabi,753.43,15,Bank Transfer,SUCCESS
TXN00892,2024-10-14,CUS0041,Egypt,AGT001,Ahmed Al Mansoori,1267.4,22,Card,SUCCESS
TXN00308,2024-10-14,CUS0478,India,AGT004,Maria Santos,987.03,25,Cash,SUCCESS
TXN02798,2024-10-14,CUS0637,Pakistan,AGT003,Mohammad Raza,371.39,18,Card,SUCCESS
TXN00682,2024-10-14,CUS0244,Sri Lanka,AGT007,Rajesh Kumar,495.96,15,Card,SUCCESS
TXN01703,2024-10-14,CUS0298,India,AGT002,Priya Sharma,1428.5,25,Card,SUCCESS
TXN04805,2024-10-14,CUS0493,Pakistan,AGT001,Ahmed Al Mansoori,736.94,18,Cash,SUCCESS
TXN01627,2024-10-14,CUS0622,Bangladesh,AGT007,Rajesh Kumar,606.06,15,Cash,SUCCESS
TXN00337,2024-10-14,CUS0112,Bangladesh,AGT003,Mohammad Raza,526.65,15,Card,SUCCESS
TXN01085,2024-10-14,CUS0142,Bangladesh,AGT004,Maria Santos,780.21,15,Cash,SUCCESS
TXN02665,2024-10-14,CUS0485,Bangladesh,AGT003,Mohammad Raza,797.27,15,Bank Transfer,SUCCESS
TXN00820,2024-10-14,CUS0168,Philippines,AGT004,Maria Santos,1187.68,20,Card,SUCCESS
TXN03258,2024-10-15,CUS0339,Pakistan,AGT008,Sarah Johnson,629.07,18,Cash,SUCCESS
TXN02502,2024-10-15,CUS0376,India,AGT008,Sarah Johnson,1548.55,25,Cash,SUCCESS
TXN01002,2024-10-15,CUS0593,India,AGT008,Sarah Johnson,1532.87,25,Cash,SUCCESS
TXN01942,2024-10-15,CUS0293,Philippines,AGT007,Rajesh Kumar,794.25,20,Cash,SUCCESS
TXN03721,2024-10-15,CUS0350,Philippines,AGT002,Priya Sharma,1168.81,20,Cash,SUCCESS
TXN02464,2024-10-15,CUS0573,Nepal,AGT007,Rajesh Kumar,377.22,12,Cash,SUCCESS
TXN03207,2024-10-15,CUS0332,Pakistan,AGT008,Sarah Johnson,614.56,18,Bank Transfer,SUCCESS
TXN04806,2024-10-15,CUS0622,Bangladesh,AGT002,Priya Sharma,364.86,15,Cash,SUCCESS
TXN01876,2024-10-15,CUS0355,Egypt,AGT001,Ahmed Al Mansoori,1560.58,22,Bank Transfer,SUCCESS
TXN00547,2024-10-15,CUS0505,India,AGT004,Maria Santos,1407.75,25,Cash,SUCCESS
TXN03762,2024-10-15,CUS0775,India,AGT007,Rajesh Kumar,1196.01,25,Cash,SUCCESS
TXN03261,2024-10-15,CUS0403,Philippines,AGT005,John Mathew,835.71,20,Card,SUCCESS
TXN02710,2024-10-16,CUS0421,Sri Lanka,AGT004,Maria Santos,1101.77,15,Cash,SUCCESS
TXN04911,2024-10-16,CUS0171,Nepal,AGT003,Mohammad Raza,506.71,12,Card,SUCCESS
TXN03458,2024-10-16,CUS0352,Sri Lanka,AGT003,Mohammad Raza,665.33,15,Card,SUCCESS
TXN00541,2024-10-16,CUS0277,Philippines,AGT007,Rajesh Kumar,1125.64,20,Cash,SUCCESS
TXN00730,2024-10-16,CUS0754,Pakistan,AGT003,Mohammad Raza,613.21,18,Bank Transfer,SUCCESS
TXN04247,2024-10-16,CUS0498,Kenya,AGT002,Priya Sharma,996.82,20,Bank Transfer,SUCCESS
TXN02515,2024-10-16,CUS0641,India,AGT007,Rajesh Kumar,1154.84,25,Cash,SUCCESS
TXN00105,2024-10-16,CUS0546,Nepal,AGT006,Fatima Al Zaabi,570.97,12,Cash,SUCCESS
TXN04148,2024-10-16,CUS0102,Pakistan,AGT005,John Mathew,777.24,18,Card,SUCCESS
TXN04960,2024-10-16,CUS0276,Philippines,AGT001,Ahmed Al Mansoori,1035.83,20,Bank Transfer,SUCCESS
TXN00046,2024-10-16,CUS0210,Philippines,AGT005,John Mathew,705.64,20,Cash,SUCCESS
TXN03127,2024-10-16,CUS0630,India,AGT008,Sarah Johnson,512.63,25,Cash,SUCCESS
TXN01023,2024-10-16,CUS0114,Nepal,AGT003,Mohammad Raza,595.62,12,Cash,SUCCESS
TXN01625,2024-10-16,CUS0759,India,AGT004,Maria Santos,1874.39,25,Cash,SUCCESS
TXN00409,2024-10-17,CUS0694,Nepal,AGT007,Rajesh Kumar,621.65,12,Cash,SUCCESS
TXN04940,2024-10-17,CUS0178,Philippines,AGT007,Rajesh Kumar,521.98,20,Cash,SUCCESS
TXN00015,2024-10-17,CUS0218,Sri Lanka,AGT006,Fatima Al Zaabi,361.89,15,Cash,SUCCESS
TXN04235,2024-10-17,CUS0780,Pakistan,AGT001,Ahmed Al Mansoori,424.87,18,Cash,SUCCESS
TXN01807,2024-10-17,CUS0234,Bangladesh,AGT005,John Mathew,756.1,15,Cash,SUCCESS
TXN00217,2024-10-17,CUS0160,Pakistan,AGT001,Ahmed Al Mansoori,614.52,18,Card,SUCCESS
TXN04006,2024-10-17,CUS0271,India,AGT007,Rajesh Kumar,1413.32,25,Cash,SUCCESS
TXN02124,2024-10-17,CUS0780,India,AGT001,Ahmed Al Mansoori,1105.36,25,Card,SUCCESS
TXN02295,2024-10-17,CUS0177,Pakistan,AGT002,Priya Sharma,600.69,18,Card,SUCCESS
TXN04364,2024-10-17,CUS0383,Philippines,AGT003,Mohammad Raza,1222.78,0,Card,FAILED
TXN04790,2024-10-17,CUS0447,Pakistan,AGT005,John Mathew,759.14,18,Cash,SUCCESS
TXN02863,2024-10-17,CUS0774,Philippines,AGT008,Sarah Johnson,602.38,20,Cash,SUCCESS
TXN00797,2024-10-17,CUS0708,India,AGT002,Priya Sharma,1185.76,25,Cash,SUCCESS
TXN03044,2024-10-17,CUS0482,Philippines,AGT002,Priya Sharma,960.54,20,Cash,SUCCESS
TXN02705,2024-10-17,CUS0199,India,AGT008,Sarah Johnson,1289.75,25,Card,SUCCESS
TXN03108,2024-10-17,CUS0530,India,AGT003,Mohammad Raza,1406.06,25,Bank Transfer,SUCCESS
TXN00074,2024-10-18,CUS0312,India,AGT001,Ahmed Al Mansoori,1763.27,25,Cash,SUCCESS
TXN02109,2024-10-18,CUS0380,Pakistan,AGT002,Priya Sharma,721.13,0,Card,FAILED
TXN00494,2024-10-18,CUS0782,Philippines,AGT003,Mohammad Raza,667.45,20,Bank Transfer,SUCCESS
TXN02680,2024-10-18,CUS0646,Bangladesh,AGT002,Priya Sharma,644.68,15,Cash,SUCCESS
TXN01464,2024-10-18,CUS0615,India,AGT002,Priya Sharma,893.81,25,Card,SUCCESS
TXN00943,2024-10-18,CUS0180,Pakistan,AGT001,Ahmed Al Mansoori,956.05,18,Bank Transfer,SUCCESS
TXN00593,2024-10-18,CUS0206,India,AGT004,Maria Santos,1372.43,25,Cash,SUCCESS
TXN01589,2024-10-18,CUS0659,Philippines,AGT005,John Mathew,676.55,20,Bank Transfer,SUCCESS
TXN01438,2024-10-18,CUS0474,Sri Lanka,AGT008,Sarah Johnson,1111.65,15,Card,SUCCESS
TXN04265,2024-10-18,CUS0060,Kenya,AGT004,Maria Santos,932.95,0,Cash,FAILED
TXN02134,2024-10-18,CUS0765,Egypt,AGT001,Ahmed Al Mansoori,1295.3,22,Card,SUCCESS
TXN03754,2024-10-18,CUS0098,Nepal,AGT001,Ahmed Al Mansoori,519.32,12,Bank Transfer,SUCCESS
TXN02331,2024-10-18,CUS0350,India,AGT003,Mohammad Raza,1094.17,25,Cash,SUCCESS
TXN02430,2024-10-18,CUS0741,India,AGT001,Ahmed Al Mansoori,1079.73,25,Cash,SUCCESS
TXN03915,2024-10-18,CUS0194,Pakistan,AGT003,Mohammad Raza,440.24,18,Cash,SUCCESS
TXN00045,2024-10-18,CUS0635,India,AGT001,Ahmed Al Mansoori,667.73,25,Card,SUCCESS
TXN01247,2024-10-18,CUS0660,India,AGT001,Ahmed Al Mansoori,1212.27,25,Card,SUCCESS
TXN03902,2024-10-18,CUS0256,Philippines,AGT001,Ahmed Al Mansoori,864.88,20,Card,SUCCESS
TXN03931,2024-10-18,CUS0439,Egypt,AGT007,Rajesh Kumar,1321.61,22,Bank Transfer,SUCCESS
TXN02810,2024-10-18,CUS0180,Pakistan,AGT004,Maria Santos,668.11,18,Cash,SUCCESS
TXN03908,2024-10-18,CUS0255,Philippines,AGT008,Sarah Johnson,520.16,20,Cash,SUCCESS
TXN02210,2024-10-19,CUS0528,India,AGT004,Maria Santos,1199.74,25,Bank Transfer,SUCCESS
TXN01677,2024-10-19,CUS0434,Philippines,AGT004,Maria Santos,1228.63,20,Cash,SUCCESS
TXN04723,2024-10-19,CUS0750,India,AGT001,Ahmed Al Mansoori,1209.43,25,Cash,SUCCESS
TXN02085,2024-10-19,CUS0631,India,AGT005,John Mathew,1001.81,25,Bank Transfer,SUCCESS
TXN03018,2024-10-19,CUS0449,Kenya,AGT006,Fatima Al Zaabi,142.84,20,Card,SUCCESS
TXN03464,2024-10-19,CUS0078,India,AGT005,John Mathew,1568.47,25,Cash,SUCCESS
TXN02823,2024-10-19,CUS0258,India,AGT002,Priya Sharma,1182.4,25,Card,SUCCESS
TXN01178,2024-10-19,CUS0501,Philippines,AGT002,Priya Sharma,873.45,20,Card,SUCCESS
TXN02720,2024-10-19,CUS0198,India,AGT005,John Mathew,1244.48,25,Cash,SUCCESS
TXN02340,2024-10-19,CUS0703,Pakistan,AGT005,John Mathew,641.52,18,Cash,SUCCESS
TXN01518,2024-10-19,CUS0131,Nepal,AGT001,Ahmed Al Mansoori,713.55,12,Cash,SUCCESS
TXN00598,2024-10-19,CUS0227,Bangladesh,AGT004,Maria Santos,494.46,15,Card,SUCCESS
TXN04695,2024-10-19,CUS0062,Bangladesh,AGT002,Priya Sharma,659.92,15,Bank Transfer,SUCCESS
TXN04467,2024-10-19,CUS0605,India,AGT003,Mohammad Raza,1506.03,25,Bank Transfer,SUCCESS
TXN02950,2024-10-19,CUS0024,Sri Lanka,AGT002,Priya Sharma,383.14,15,Card,SUCCESS
TXN00867,2024-10-19,CUS0752,Philippines,AGT004,Maria Santos,977.18,20,Cash,SUCCESS
TXN01106,2024-10-20,CUS0347,Pakistan,AGT008,Sarah Johnson,550.42,18,Card,SUCCESS
TXN00780,2024-10-20,CUS0511,India,AGT004,Maria Santos,1423.44,25,Cash,SUCCESS
TXN03775,2024-10-20,CUS0178,Egypt,AGT004,Maria Santos,515.55,22,Cash,SUCCESS
TXN00286,2024-10-20,CUS0408,India,AGT006,Fatima Al Zaabi,497.25,25,Cash,SUCCESS
TXN00326,2024-10-20,CUS0196,Egypt,AGT002,Priya Sharma,699.32,0,Cash,FAILED
TXN00467,2024-10-20,CUS0139,India,AGT002,Priya Sharma,1421.1,25,Card,SUCCESS
TXN00742,2024-10-20,CUS0265,India,AGT003,Mohammad Raza,739.35,25,Card,SUCCESS
TXN00508,2024-10-20,CUS0234,Pakistan,AGT002,Priya Sharma,592.64,18,Cash,SUCCESS
TXN01312,2024-10-20,CUS0533,Pakistan,AGT007,Rajesh Kumar,996.26,18,Cash,SUCCESS
TXN04837,2024-10-20,CUS0589,Nepal,AGT005,John Mathew,515.67,0,Card,FAILED
TXN02473,2024-10-20,CUS0710,India,AGT004,Maria Santos,917.05,25,Bank Transfer,SUCCESS
TXN04062,2024-10-20,CUS0086,Sri Lanka,AGT007,Rajesh Kumar,812.84,15,Cash,SUCCESS
TXN04895,2024-10-20,CUS0260,India,AGT003,Mohammad Raza,816.88,25,Card,SUCCESS
TXN03635,2024-10-20,CUS0154,Kenya,AGT005,John Mathew,1070.14,20,Cash,SUCCESS
TXN03537,2024-10-20,CUS0108,Pakistan,AGT003,Mohammad Raza,962.95,18,Card,SUCCESS
TXN01382,2024-10-20,CUS0364,India,AGT005,John Mathew,1024.35,25,Card,SUCCESS
TXN03289,2024-10-21,CUS0253,Bangladesh,AGT008,Sarah Johnson,568.18,15,Card,SUCCESS
TXN01032,2024-10-21,CUS0490,India,AGT008,Sarah Johnson,599.31,25,Bank Transfer,SUCCESS
TXN01580,2024-10-21,CUS0568,India,AGT005,John Mathew,908.31,25,Bank Transfer,SUCCESS
TXN04078,2024-10-21,CUS0280,Sri Lanka,AGT003,Mohammad Raza,298.32,15,Cash,SUCCESS
TXN01126,2024-10-21,CUS0167,India,AGT005,John Mathew,787.32,25,Cash,SUCCESS
TXN00785,2024-10-21,CUS0188,Sri Lanka,AGT008,Sarah Johnson,875.95,15,Bank Transfer,SUCCESS
TXN03942,2024-10-21,CUS0047,Bangladesh,AGT003,Mohammad Raza,958.35,15,Cash,SUCCESS
TXN03638,2024-10-21,CUS0291,Pakistan,AGT005,John Mathew,888.81,18,Card,SUCCESS
TXN00879,2024-10-21,CUS0434,India,AGT007,Rajesh Kumar,1194.09,25,Cash,SUCCESS
TXN02184,2024-10-21,CUS0194,Egypt,AGT003,Mohammad Raza,1553.04,22,Cash,SUCCESS
TXN04776,2024-10-21,CUS0343,India,AGT008,Sarah Johnson,1481.75,25,Cash,SUCCESS
TXN04507,2024-10-21,CUS0411,India,AGT003,Mohammad Raza,1448.57,25,Bank Transfer,SUCCESS
TXN00793,2024-10-21,CUS0739,Bangladesh,AGT002,Priya Sharma,757.03,15,Cash,SUCCESS
TXN02718,2024-10-21,CUS0714,India,AGT007,Rajesh Kumar,1518.68,25,Cash,SUCCESS
TXN00972,2024-10-21,CUS0416,India,AGT002,Priya Sharma,954.82,25,Card,SUCCESS
TXN00296,2024-10-21,CUS0658,India,AGT006,Fatima Al Zaabi,950.55,25,Cash,SUCCESS
TXN00171,2024-10-21,CUS0023,India,AGT005,John Mathew,879.77,25,Card,SUCCESS
TXN00374,2024-10-21,CUS0243,India,AGT006,Fatima Al Zaabi,1545.34,25,Cash,SUCCESS
TXN03348,2024-10-21,CUS0271,Sri Lanka,AGT007,Rajesh Kumar,1107.88,0,Card,FAILED
TXN04720,2024-10-22,CUS0175,Philippines,AGT002,Priya Sharma,930.19,20,Card,SUCCESS
TXN00869,2024-10-22,CUS0790,Philippines,AGT001,Ahmed Al Mansoori,1077.81,20,Bank Transfer,SUCCESS
TXN03131,2024-10-22,CUS0390,Pakistan,AGT003,Mohammad Raza,778.58,0,Bank Transfer,FAILED
TXN00982,2024-10-22,CUS0698,Philippines,AGT004,Maria Santos,1014.87,20,Cash,SUCCESS
TXN01541,2024-10-22,CUS0299,India,AGT008,Sarah Johnson,1190.09,25,Cash,SUCCESS
TXN03760,2024-10-22,CUS0452,India,AGT002,Priya Sharma,1191.98,25,Cash,SUCCESS
TXN00448,2024-10-22,CUS0375,India,AGT003,Mohammad Raza,861.64,25,Cash,SUCCESS
TXN02930,2024-10-22,CUS0759,Kenya,AGT004,Maria Santos,1230.85,20,Cash,SUCCESS
TXN00303,2024-10-22,CUS0786,India,AGT004,Maria Santos,1469.03,25,Card,SUCCESS
TXN02461,2024-10-22,CUS0789,Sri Lanka,AGT002,Priya Sharma,767.09,15,Card,SUCCESS
TXN03367,2024-10-23,CUS0554,Philippines,AGT007,Rajesh Kumar,758.01,20,Cash,SUCCESS
TXN00075,2024-10-23,CUS0477,Pakistan,AGT006,Fatima Al Zaabi,171.26,18,Card,SUCCESS
TXN01333,2024-10-23,CUS0412,Philippines,AGT006,Fatima Al Zaabi,842.37,20,Cash,SUCCESS
TXN03329,2024-10-23,CUS0239,Pakistan,AGT003,Mohammad Raza,537.88,18,Cash,SUCCESS
TXN04881,2024-10-23,CUS0474,Philippines,AGT001,Ahmed Al Mansoori,1168.32,20,Cash,SUCCESS
TXN03784,2024-10-23,CUS0770,India,AGT006,Fatima Al Zaabi,778.0,25,Cash,SUCCESS
TXN02120,2024-10-23,CUS0740,Bangladesh,AGT002,Priya Sharma,659.88,15,Cash,SUCCESS
TXN00324,2024-10-23,CUS0598,Pakistan,AGT001,Ahmed Al Mansoori,1302.17,18,Card,SUCCESS
TXN01145,2024-10-23,CUS0733,Bangladesh,AGT004,Maria Santos,663.65,15,Cash,SUCCESS
TXN01182,2024-10-23,CUS0280,India,AGT006,Fatima Al Zaabi,1701.12,25,Bank Transfer,SUCCESS
TXN01158,2024-10-24,CUS0365,Pakistan,AGT007,Rajesh Kumar,1340.58,18,Card,SUCCESS
TXN03629,2024-10-24,CUS0758,Pakistan,AGT008,Sarah Johnson,429.73,18,Cash,SUCCESS
TXN02733,2024-10-24,CUS0055,Bangladesh,AGT003,Mohammad Raza,818.2,15,Card,SUCCESS
TXN01311,2024-10-24,CUS0359,Pakistan,AGT004,Maria Santos,793.99,18,Card,SUCCESS
TXN02145,2024-10-24,CUS0738,Philippines,AGT002,Priya Sharma,839.74,20,Card,SUCCESS
TXN02142,2024-10-24,CUS0550,Philippines,AGT002,Priya Sharma,913.74,20,Cash,SUCCESS
TXN00116,2024-10-24,CUS0436,Philippines,AGT006,Fatima Al Zaabi,981.42,20,Card,SUCCESS
TXN01231,2024-10-24,CUS0516,India,AGT003,Mohammad Raza,999.3,25,Cash,SUCCESS
TXN04109,2024-10-24,CUS0172,India,AGT007,Rajesh Kumar,1127.87,25,Card,SUCCESS
TXN01638,2024-10-24,CUS0160,Pakistan,AGT007,Rajesh Kumar,901.66,18,Card,SUCCESS
TXN01856,2024-10-24,CUS0070,India,AGT007,Rajesh Kumar,958.58,0,Bank Transfer,FAILED
TXN04975,2024-10-24,CUS0642,Sri Lanka,AGT001,Ahmed Al Mansoori,418.79,15,Cash,SUCCESS
TXN02468,2024-10-24,CUS0356,Philippines,AGT008,Sarah Johnson,910.24,20,Cash,SUCCESS
TXN01051,2024-10-24,CUS0648,India,AGT002,Priya Sharma,974.8,25,Card,SUCCESS
TXN00237,2024-10-24,CUS0461,Pakistan,AGT001,Ahmed Al Mansoori,313.97,18,Card,SUCCESS
TXN03531,2024-10-24,CUS0337,Philippines,AGT005,John Mathew,1304.31,20,Card,SUCCESS
TXN03369,2024-10-25,CUS0670,Kenya,AGT003,Mohammad Raza,1064.14,0,Card,FAILED
TXN01782,2024-10-25,CUS0327,Philippines,AGT003,Mohammad Raza,877.56,20,Card,SUCCESS
TXN03423,2024-10-25,CUS0269,India,AGT006,Fatima Al Zaabi,1353.3,25,Cash,SUCCESS
TXN00887,2024-10-25,CUS0262,Egypt,AGT001,Ahmed Al Mansoori,1292.7,22,Cash,SUCCESS
TXN01109,2024-10-25,CUS0201,Philippines,AGT005,John Mathew,731.58,0,Card,FAILED
TXN00352,2024-10-25,CUS0268,Bangladesh,AGT001,Ahmed Al Mansoori,1009.82,15,Card,SUCCESS
TXN02938,2024-10-25,CUS0585,Philippines,AGT003,Mohammad Raza,838.02,20,Cash,SUCCESS
TXN00616,2024-10-25,CUS0484,Pakistan,AGT002,Priya Sharma,831.01,18,Card,SUCCESS
TXN04966,2024-10-25,CUS0134,Philippines,AGT007,Rajesh Kumar,836.36,20,Cash,SUCCESS
TXN01408,2024-10-25,CUS0225,Pakistan,AGT004,Maria Santos,1160.32,18,Cash,SUCCESS
TXN00610,2024-10-25,CUS0352,Bangladesh,AGT004,Maria Santos,1014.17,15,Cash,SUCCESS
TXN03237,2024-10-25,CUS0123,Bangladesh,AGT004,Maria Santos,911.56,15,Cash,SUCCESS
TXN02903,2024-10-25,CUS0552,Philippines,AGT008,Sarah Johnson,746.15,20,Cash,SUCCESS
TXN04008,2024-10-25,CUS0127,India,AGT008,Sarah Johnson,973.24,25,Card,SUCCESS
TXN04309,2024-10-26,CUS0179,Egypt,AGT007,Rajesh Kumar,1035.02,22,Card,SUCCESS
TXN04154,2024-10-26,CUS0120,Philippines,AGT003,Mohammad Raza,698.33,20,Cash,SUCCESS
TXN03234,2024-10-26,CUS0136,India,AGT004,Maria Santos,1888.11,25,Card,SUCCESS
TXN02041,2024-10-26,CUS0720,Philippines,AGT004,Maria Santos,712.43,20,Card,SUCCESS
TXN02999,2024-10-26,CUS0733,India,AGT002,Priya Sharma,1320.3,25,Card,SUCCESS
TXN04696,2024-10-26,CUS0432,Kenya,AGT006,Fatima Al Zaabi,893.51,20,Card,SUCCESS
TXN01467,2024-10-26,CUS0516,Philippines,AGT004,Maria Santos,1350.87,20,Bank Transfer,SUCCESS
TXN00757,2024-10-26,CUS0579,India,AGT007,Rajesh Kumar,1377.59,25,Cash,SUCCESS
TXN04534,2024-10-26,CUS0620,India,AGT008,Sarah Johnson,883.75,25,Bank Transfer,SUCCESS
TXN04292,2024-10-26,CUS0100,Bangladesh,AGT003,Mohammad Raza,609.64,15,Card,SUCCESS
TXN04795,2024-10-26,CUS0042,India,AGT007,Rajesh Kumar,1145.96,25,Cash,SUCCESS
TXN03390,2024-10-26,CUS0395,Nepal,AGT006,Fatima Al Zaabi,625.03,12,Card,SUCCESS
TXN04754,2024-10-26,CUS0402,Philippines,AGT007,Rajesh Kumar,790.14,20,Cash,SUCCESS
TXN04566,2024-10-26,CUS0138,Philippines,AGT002,Priya Sharma,745.93,20,Card,SUCCESS
TXN04301,2024-10-27,CUS0144,Sri Lanka,AGT001,Ahmed Al Mansoori,654.69,15,Card,SUCCESS
TXN01278,2024-10-27,CUS0617,Egypt,AGT006,Fatima Al Zaabi,1229.79,22,Card,SUCCESS
TXN03676,2024-10-27,CUS0742,Nepal,AGT003,Mohammad Raza,613.12,0,Card,FAILED
TXN03101,2024-10-27,CUS0783,Philippines,AGT003,Mohammad Raza,709.14,20,Cash,SUCCESS
TXN00152,2024-10-27,CUS0153,Pakistan,AGT008,Sarah Johnson,883.15,18,Cash,SUCCESS
TXN03677,2024-10-27,CUS0415,Nepal,AGT001,Ahmed Al Mansoori,613.18,12,Bank Transfer,SUCCESS
TXN00169,2024-10-27,CUS0707,India,AGT007,Rajesh Kumar,1111.66,25,Bank Transfer,SUCCESS
TXN02008,2024-10-27,CUS0339,Pakistan,AGT007,Rajesh Kumar,603.9,18,Bank Transfer,SUCCESS
TXN03985,2024-10-27,CUS0601,India,AGT004,Maria Santos,1287.44,25,Cash,SUCCESS
TXN00776,2024-10-27,CUS0120,Sri Lanka,AGT008,Sarah Johnson,396.7,15,Cash,SUCCESS
TXN02310,2024-10-27,CUS0657,Bangladesh,AGT003,Mohammad Raza,886.41,15,Cash,SUCCESS
TXN01689,2024-10-27,CUS0298,Sri Lanka,AGT001,Ahmed Al Mansoori,813.74,15,Card,SUCCESS
TXN01941,2024-10-28,CUS0238,India,AGT002,Priya Sharma,1310.9,25,Cash,SUCCESS
TXN01488,2024-10-28,CUS0128,India,AGT001,Ahmed Al Mansoori,566.11,25,Card,SUCCESS
TXN01939,2024-10-28,CUS0156,Egypt,AGT002,Priya Sharma,1458.31,22,Card,SUCCESS
TXN00668,2024-10-28,CUS0511,Kenya,AGT003,Mohammad Raza,1378.64,0,Card,FAILED
TXN04764,2024-10-28,CUS0266,Bangladesh,AGT002,Priya Sharma,780.68,15,Card,SUCCESS
TXN03165,2024-10-28,CUS0307,Pakistan,AGT005,John Mathew,522.95,18,Card,SUCCESS
TXN04919,2024-10-28,CUS0072,India,AGT008,Sarah Johnson,1686.4,25,Cash,SUCCESS
TXN04650,2024-10-28,CUS0564,India,AGT003,Mohammad Raza,1117.42,25,Cash,SUCCESS
TXN04191,2024-10-28,CUS0098,Pakistan,AGT001,Ahmed Al Mansoori,894.99,18,Cash,SUCCESS
TXN03117,2024-10-28,CUS0036,India,AGT002,Priya Sharma,1130.06,0,Card,FAILED
TXN00119,2024-10-28,CUS0103,Kenya,AGT005,John Mathew,1275.7,20,Cash,SUCCESS
TXN04070,2024-10-28,CUS0006,Pakistan,AGT005,John Mathew,1052.96,18,Bank Transfer,SUCCESS
TXN04354,2024-10-28,CUS0286,Philippines,AGT003,Mohammad Raza,448.32,20,Card,SUCCESS
TXN03079,2024-10-28,CUS0473,Bangladesh,AGT001,Ahmed Al Mansoori,749.15,15,Bank Transfer,SUCCESS
TXN00228,2024-10-28,CUS0406,Philippines,AGT002,Priya Sharma,609.01,20,Card,SUCCESS
TXN00626,2024-10-28,CUS0047,India,AGT002,Priya Sharma,1015.96,25,Cash,SUCCESS
TXN03696,2024-10-28,CUS0258,Pakistan,AGT007,Rajesh Kumar,724.38,18,Card,SUCCESS
TXN04766,2024-10-28,CUS0754,Philippines,AGT002,Priya Sharma,967.38,20,Cash,SUCCESS
TXN04229,2024-10-28,CUS0012,Pakistan,AGT005,John Mathew,866.38,18,Bank Transfer,SUCCESS
TXN02638,2024-10-28,CUS0486,Pakistan,AGT002,Priya Sharma,1025.91,18,Cash,SUCCESS
TXN02851,2024-10-28,CUS0105,Pakistan,AGT003,Mohammad Raza,668.42,18,Cash,SUCCESS
TXN03128,2024-10-29,CUS0465,Philippines,AGT006,Fatima Al Zaabi,1255.94,20,Card,SUCCESS
TXN00376,2024-10-29,CUS0642,Sri Lanka,AGT003,Mohammad Raza,577.35,15,Card,SUCCESS
TXN01117,2024-10-29,CUS0007,Bangladesh,AGT002,Priya Sharma,1204.72,15,Bank Transfer,SUCCESS
TXN01919,2024-10-29,CUS0321,India,AGT004,Maria Santos,1139.47,25,Card,SUCCESS
TXN01529,2024-10-29,CUS0434,Pakistan,AGT007,Rajesh Kumar,682.68,18,Cash,SUCCESS
TXN03916,2024-10-29,CUS0603,Egypt,AGT003,Mohammad Raza,1069.69,22,Card,SUCCESS
TXN03022,2024-10-29,CUS0615,India,AGT003,Mohammad Raza,1033.26,25,Card,SUCCESS
TXN02965,2024-10-29,CUS0359,India,AGT006,Fatima Al Zaabi,1640.31,25,Bank Transfer,SUCCESS
TXN03992,2024-10-29,CUS0327,Kenya,AGT001,Ahmed Al Mansoori,815.69,20,Card,SUCCESS
TXN02864,2024-10-29,CUS0241,Pakistan,AGT005,John Mathew,963.53,18,Card,SUCCESS
TXN00515,2024-10-29,CUS0751,Kenya,AGT004,Maria Santos,785.62,20,Card,SUCCESS
TXN01274,2024-10-29,CUS0238,Bangladesh,AGT008,Sarah Johnson,633.55,15,Card,SUCCESS
TXN03802,2024-10-29,CUS0310,India,AGT001,Ahmed Al Mansoori,623.9,25,Cash,SUCCESS
TXN02679,2024-10-29,CUS0084,Egypt,AGT004,Maria Santos,1131.46,22,Cash,SUCCESS
TXN02300,2024-10-29,CUS0510,Philippines,AGT002,Priya Sharma,494.17,20,Cash,SUCCESS
TXN03008,2024-10-29,CUS0626,Pakistan,AGT002,Priya Sharma,428.65,18,Cash,SUCCESS
TXN04295,2024-10-30,CUS0558,Pakistan,AGT001,Ahmed Al Mansoori,1089.59,18,Cash,SUCCESS
TXN02052,2024-10-30,CUS0308,India,AGT003,Mohammad Raza,887.83,25,Bank Transfer,SUCCESS
TXN00429,2024-10-30,CUS0699,Kenya,AGT003,Mohammad Raza,1251.65,20,Cash,SUCCESS
TXN03893,2024-10-30,CUS0113,Bangladesh,AGT007,Rajesh Kumar,532.01,15,Cash,SUCCESS
TXN02164,2024-10-30,CUS0800,Philippines,AGT001,Ahmed Al Mansoori,1207.84,20,Card,SUCCESS
TXN04770,2024-10-30,CUS0793,Sri Lanka,AGT006,Fatima Al Zaabi,929.26,15,Card,SUCCESS
TXN01821,2024-10-30,CUS0314,India,AGT008,Sarah Johnson,1152.75,0,Cash,FAILED
TXN04402,2024-10-30,CUS0262,Pakistan,AGT004,Maria Santos,1057.26,18,Card,SUCCESS
TXN00198,2024-10-30,CUS0630,India,AGT004,Maria Santos,1255.34,25,Card,SUCCESS
TXN03684,2024-10-30,CUS0083,Pakistan,AGT001,Ahmed Al Mansoori,1095.01,18,Cash,SUCCESS
TXN03412,2024-10-30,CUS0331,India,AGT002,Priya Sharma,1054.89,25,Bank Transfer,SUCCESS
TXN04283,2024-10-30,CUS0448,India,AGT001,Ahmed Al Mansoori,1617.38,25,Card,SUCCESS
TXN04988,2024-10-31,CUS0171,India,AGT003,Mohammad Raza,1224.97,25,Bank Transfer,SUCCESS
TXN04545,2024-10-31,CUS0464,India,AGT007,Rajesh Kumar,1333.28,25,Cash,SUCCESS
TXN03523,2024-10-31,CUS0295,Philippines,AGT005,John Mathew,639.27,20,Cash,SUCCESS
TXN00130,2024-10-31,CUS0238,Philippines,AGT001,Ahmed Al Mansoori,764.06,20,Cash,SUCCESS
TXN03021,2024-10-31,CUS0162,Philippines,AGT002,Priya Sharma,1224.07,20,Cash,SUCCESS
TXN01671,2024-10-31,CUS0151,Sri Lanka,AGT001,Ahmed Al Mansoori,696.24,15,Cash,SUCCESS
TXN03521,2024-10-31,CUS0234,Pakistan,AGT008,Sarah Johnson,920.66,18,Card,SUCCESS
TXN00412,2024-10-31,CUS0031,Philippines,AGT006,Fatima Al Zaabi,596.35,20,Card,SUCCESS
TXN04541,2024-10-31,CUS0383,Bangladesh,AGT002,Priya Sharma,481.56,15,Cash,SUCCESS
TXN03897,2024-10-31,CUS0658,Philippines,AGT003,Mohammad Raza,1276.23,20,Bank Transfer,SUCCESS
TXN03250,2024-10-31,CUS0758,Kenya,AGT002,Priya Sharma,420.5,20,Cash,SUCCESS
TXN00596,2024-10-31,CUS0601,Philippines,AGT008,Sarah Johnson,762.3,20,Cash,SUCCESS
TXN00134,2024-10-31,CUS0450,Bangladesh,AGT005,John Mathew,799.45,15,Card,SUCCESS
TXN01008,2024-10-31,CUS0508,Egypt,AGT003,Mohammad Raza,1309.61,22,Cash,SUCCESS
TXN00435,2024-10-31,CUS0112,Pakistan,AGT002,Priya Sharma,1160.57,18,Card,SUCCESS
TXN01021,2024-10-31,CUS0614,Pakistan,AGT004,Maria Santos,925.48,18,Card,SUCCESS
TXN01726,2024-10-31,CUS0391,India,AGT007,Rajesh Kumar,1590.95,25,Card,SUCCESS
TXN03495,2024-11-01,CUS0404,India,AGT004,Maria Santos,1384.14,25,Cash,SUCCESS
TXN00266,2024-11-01,CUS0736,Pakistan,AGT004,Maria Santos,500.53,18,Cash,SUCCESS
TXN00965,2024-11-01,CUS0632,Sri Lanka,AGT008,Sarah Johnson,729.81,15,Cash,SUCCESS
TXN00126,2024-11-01,CUS0795,Nepal,AGT004,Maria Santos,994.28,12,Cash,SUCCESS
TXN00979,2024-11-01,CUS0336,Bangladesh,AGT007,Rajesh Kumar,367.38,15,Card,SUCCESS
TXN00194,2024-11-01,CUS0134,India,AGT003,Mohammad Raza,751.53,25,Card,SUCCESS
TXN03478,2024-11-01,CUS0018,Philippines,AGT004,Maria Santos,331.48,20,Bank Transfer,SUCCESS
TXN01547,2024-11-01,CUS0795,Kenya,AGT007,Rajesh Kumar,665.46,20,Card,SUCCESS
TXN04483,2024-11-01,CUS0695,Philippines,AGT007,Rajesh Kumar,671.81,20,Cash,SUCCESS
TXN01683,2024-11-01,CUS0193,India,AGT005,John Mathew,874.67,25,Card,SUCCESS
TXN02780,2024-11-01,CUS0251,Philippines,AGT001,Ahmed Al Mansoori,1029.45,20,Cash,SUCCESS
TXN04687,2024-11-01,CUS0306,Philippines,AGT004,Maria Santos,685.04,20,Cash,SUCCESS
TXN03642,2024-11-01,CUS0002,Egypt,AGT005,John Mathew,1039.75,22,Bank Transfer,SUCCESS
TXN02867,2024-11-02,CUS0520,Bangladesh,AGT005,John Mathew,523.9,15,Card,SUCCESS
TXN01455,2024-11-02,CUS0786,India,AGT007,Rajesh Kumar,1403.58,25,Cash,SUCCESS
TXN00136,2024-11-02,CUS0753,India,AGT007,Rajesh Kumar,1757.98,25,Cash,SUCCESS
TXN00242,2024-11-02,CUS0068,India,AGT006,Fatima Al Zaabi,1158.69,25,Card,SUCCESS
TXN04198,2024-11-02,CUS0696,India,AGT007,Rajesh Kumar,636.37,25,Cash,SUCCESS
TXN02205,2024-11-02,CUS0162,Bangladesh,AGT003,Mohammad Raza,499.15,0,Cash,FAILED
TXN00150,2024-11-02,CUS0072,Philippines,AGT003,Mohammad Raza,980.19,20,Card,SUCCESS
TXN03058,2024-11-02,CUS0008,India,AGT008,Sarah Johnson,1273.58,0,Card,FAILED
TXN03104,2024-11-02,CUS0728,Pakistan,AGT007,Rajesh Kumar,1056.95,18,Cash,SUCCESS
TXN02559,2024-11-02,CUS0038,Pakistan,AGT004,Maria Santos,878.68,18,Cash,SUCCESS
TXN04697,2024-11-02,CUS0322,Philippines,AGT007,Rajesh Kumar,1037.74,20,Cash,SUCCESS
TXN02243,2024-11-02,CUS0681,Sri Lanka,AGT004,Maria Santos,1194.7,15,Card,SUCCESS
TXN01877,2024-11-02,CUS0565,Bangladesh,AGT002,Priya Sharma,581.94,15,Cash,SUCCESS
TXN00608,2024-11-03,CUS0698,Philippines,AGT006,Fatima Al Zaabi,563.94,20,Cash,SUCCESS
TXN01374,2024-11-03,CUS0641,Pakistan,AGT002,Priya Sharma,412.75,18,Cash,SUCCESS
TXN02497,2024-11-03,CUS0704,India,AGT002,Priya Sharma,1099.57,25,Bank Transfer,SUCCESS
TXN01357,2024-11-03,CUS0787,Philippines,AGT003,Mohammad Raza,752.51,20,Bank Transfer,SUCCESS
TXN00927,2024-11-03,CUS0635,India,AGT005,John Mathew,998.79,25,Bank Transfer,SUCCESS
TXN04315,2024-11-03,CUS0102,India,AGT003,Mohammad Raza,1052.65,25,Bank Transfer,SUCCESS
TXN04316,2024-11-03,CUS0028,India,AGT003,Mohammad Raza,1562.13,25,Cash,SUCCESS
TXN01709,2024-11-03,CUS0371,Bangladesh,AGT001,Ahmed Al Mansoori,672.15,15,Bank Transfer,SUCCESS
TXN02297,2024-11-03,CUS0452,Philippines,AGT003,Mohammad Raza,1012.97,20,Bank Transfer,SUCCESS
TXN03448,2024-11-03,CUS0542,Bangladesh,AGT002,Priya Sharma,530.96,15,Card,SUCCESS
TXN04587,2024-11-03,CUS0139,India,AGT003,Mohammad Raza,1567.75,0,Cash,FAILED
TXN02576,2024-11-03,CUS0119,Kenya,AGT005,John Mathew,633.09,20,Cash,SUCCESS
TXN04605,2024-11-03,CUS0331,Bangladesh,AGT003,Mohammad Raza,470.65,15,Bank Transfer,SUCCESS
TXN00745,2024-11-03,CUS0639,India,AGT003,Mohammad Raza,1386.36,25,Cash,SUCCESS
TXN03712,2024-11-03,CUS0016,Nepal,AGT002,Priya Sharma,363.15,12,Cash,SUCCESS
TXN01142,2024-11-04,CUS0190,India,AGT004,Maria Santos,1695.25,25,Cash,SUCCESS
TXN04893,2024-11-04,CUS0505,Philippines,AGT008,Sarah Johnson,746.25,20,Cash,SUCCESS
TXN01111,2024-11-04,CUS0683,Pakistan,AGT001,Ahmed Al Mansoori,754.24,18,Cash,SUCCESS
TXN02707,2024-11-04,CUS0099,Pakistan,AGT006,Fatima Al Zaabi,834.77,18,Card,SUCCESS
TXN00750,2024-11-04,CUS0794,Pakistan,AGT001,Ahmed Al Mansoori,462.4,18,Cash,SUCCESS
TXN02451,2024-11-04,CUS0492,Bangladesh,AGT008,Sarah Johnson,507.6,15,Cash,SUCCESS
TXN00871,2024-11-04,CUS0056,Egypt,AGT007,Rajesh Kumar,1041.61,22,Cash,SUCCESS
TXN01767,2024-11-04,CUS0106,India,AGT004,Maria Santos,1981.54,25,Card,SUCCESS
TXN00092,2024-11-04,CUS0225,Sri Lanka,AGT008,Sarah Johnson,967.95,15,Cash,SUCCESS
TXN04113,2024-11-04,CUS0756,India,AGT006,Fatima Al Zaabi,1761.16,25,Bank Transfer,SUCCESS
TXN01265,2024-11-04,CUS0634,Bangladesh,AGT005,John Mathew,735.57,15,Card,SUCCESS
TXN00557,2024-11-04,CUS0655,India,AGT004,Maria Santos,1024.46,25,Bank Transfer,SUCCESS
TXN00302,2024-11-05,CUS0030,India,AGT001,Ahmed Al Mansoori,998.33,25,Bank Transfer,SUCCESS
TXN00737,2024-11-05,CUS0451,India,AGT003,Mohammad Raza,1292.17,25,Cash,SUCCESS
TXN03411,2024-11-05,CUS0587,India,AGT006,Fatima Al Zaabi,957.02,25,Cash,SUCCESS
TXN00285,2024-11-05,CUS0380,India,AGT008,Sarah Johnson,1967.89,25,Card,SUCCESS
TXN04963,2024-11-05,CUS0290,Pakistan,AGT002,Priya Sharma,770.4,18,Bank Transfer,SUCCESS
TXN03965,2024-11-05,CUS0270,Kenya,AGT005,John Mathew,776.66,20,Card,SUCCESS
TXN01162,2024-11-05,CUS0311,Pakistan,AGT003,Mohammad Raza,1349.83,18,Cash,SUCCESS
TXN01493,2024-11-05,CUS0261,Philippines,AGT003,Mohammad Raza,747.65,20,Card,SUCCESS
TXN03993,2024-11-05,CUS0338,India,AGT005,John Mathew,488.82,25,Cash,SUCCESS
TXN01287,2024-11-05,CUS0449,Pakistan,AGT001,Ahmed Al Mansoori,359.31,18,Bank Transfer,SUCCESS
TXN01263,2024-11-05,CUS0445,India,AGT002,Priya Sharma,1393.95,25,Cash,SUCCESS
TXN02743,2024-11-05,CUS0362,India,AGT003,Mohammad Raza,1215.67,25,Card,SUCCESS
TXN02009,2024-11-05,CUS0215,India,AGT008,Sarah Johnson,1437.33,25,Card,SUCCESS
TXN03967,2024-11-05,CUS0611,Pakistan,AGT001,Ahmed Al Mansoori,874.67,18,Bank Transfer,SUCCESS
TXN02000,2024-11-05,CUS0216,India,AGT008,Sarah Johnson,931.84,25,Bank Transfer,SUCCESS
TXN01707,2024-11-05,CUS0118,Philippines,AGT008,Sarah Johnson,1081.59,20,Cash,SUCCESS
TXN01980,2024-11-05,CUS0754,Egypt,AGT002,Priya Sharma,1234.33,22,Cash,SUCCESS
TXN03952,2024-11-05,CUS0522,Nepal,AGT006,Fatima Al Zaabi,449.83,0,Cash,FAILED
TXN03764,2024-11-05,CUS0718,India,AGT008,Sarah Johnson,1496.38,25,Card,SUCCESS
TXN04647,2024-11-05,CUS0291,Sri Lanka,AGT007,Rajesh Kumar,436.63,15,Cash,SUCCESS
TXN03029,2024-11-05,CUS0625,Egypt,AGT005,John Mathew,931.76,22,Card,SUCCESS
TXN02784,2024-11-05,CUS0539,India,AGT002,Priya Sharma,824.86,25,Card,SUCCESS
TXN04681,2024-11-05,CUS0272,Philippines,AGT008,Sarah Johnson,837.55,20,Bank Transfer,SUCCESS
TXN02617,2024-11-06,CUS0659,Sri Lanka,AGT003,Mohammad Raza,584.81,15,Card,SUCCESS
TXN01229,2024-11-06,CUS0006,Egypt,AGT001,Ahmed Al Mansoori,1418.08,22,Card,SUCCESS
TXN04725,2024-11-06,CUS0320,Kenya,AGT003,Mohammad Raza,926.94,20,Cash,SUCCESS
TXN00356,2024-11-06,CUS0776,Philippines,AGT008,Sarah Johnson,629.32,20,Card,SUCCESS
TXN02117,2024-11-06,CUS0450,Pakistan,AGT001,Ahmed Al Mansoori,745.14,18,Card,SUCCESS
TXN00068,2024-11-06,CUS0395,Kenya,AGT002,Priya Sharma,1236.01,20,Cash,SUCCESS
TXN04118,2024-11-06,CUS0282,Sri Lanka,AGT004,Maria Santos,324.75,15,Card,SUCCESS
TXN03879,2024-11-06,CUS0238,Pakistan,AGT005,John Mathew,432.15,18,Card,SUCCESS
TXN00028,2024-11-06,CUS0553,Philippines,AGT004,Maria Santos,1001.44,20,Card,SUCCESS
TXN01981,2024-11-06,CUS0436,Sri Lanka,AGT006,Fatima Al Zaabi,531.38,15,Cash,SUCCESS
TXN00772,2024-11-06,CUS0414,Kenya,AGT008,Sarah Johnson,789.7,20,Cash,SUCCESS
TXN00949,2024-11-06,CUS0770,Philippines,AGT002,Priya Sharma,887.69,20,Bank Transfer,SUCCESS
TXN00491,2024-11-06,CUS0303,Philippines,AGT007,Rajesh Kumar,897.85,20,Card,SUCCESS
TXN01797,2024-11-07,CUS0112,Philippines,AGT007,Rajesh Kumar,813.86,20,Card,SUCCESS
TXN03465,2024-11-07,CUS0116,Nepal,AGT005,John Mathew,631.55,12,Cash,SUCCESS
TXN01899,2024-11-07,CUS0269,Bangladesh,AGT006,Fatima Al Zaabi,817.79,15,Card,SUCCESS
TXN00264,2024-11-07,CUS0795,Philippines,AGT002,Priya Sharma,623.42,20,Cash,SUCCESS
TXN00601,2024-11-07,CUS0730,Nepal,AGT005,John Mathew,736.26,12,Card,SUCCESS
TXN03347,2024-11-07,CUS0283,India,AGT005,John Mathew,1097.62,25,Cash,SUCCESS
TXN02570,2024-11-07,CUS0474,Nepal,AGT005,John Mathew,557.77,12,Cash,SUCCESS
TXN01427,2024-11-07,CUS0391,Pakistan,AGT007,Rajesh Kumar,1293.49,18,Cash,SUCCESS
TXN04726,2024-11-07,CUS0763,Sri Lanka,AGT008,Sarah Johnson,100.0,15,Bank Transfer,SUCCESS
TXN00490,2024-11-07,CUS0675,India,AGT001,Ahmed Al Mansoori,1517.39,25,Cash,SUCCESS
TXN04254,2024-11-07,CUS0488,India,AGT007,Rajesh Kumar,807.01,25,Cash,SUCCESS
TXN02239,2024-11-08,CUS0773,Philippines,AGT002,Priya Sharma,790.1,20,Cash,SUCCESS
TXN03520,2024-11-08,CUS0707,Pakistan,AGT001,Ahmed Al Mansoori,267.96,18,Cash,SUCCESS
TXN04089,2024-11-08,CUS0673,Philippines,AGT002,Priya Sharma,1207.68,20,Card,SUCCESS
TXN01909,2024-11-08,CUS0452,Pakistan,AGT002,Priya Sharma,513.46,18,Card,SUCCESS
TXN03877,2024-11-08,CUS0028,Kenya,AGT008,Sarah Johnson,1220.75,20,Card,SUCCESS
TXN03874,2024-11-08,CUS0602,India,AGT007,Rajesh Kumar,668.31,25,Cash,SUCCESS
TXN03145,2024-11-08,CUS0006,India,AGT005,John Mathew,1355.61,0,Cash,FAILED
TXN03357,2024-11-08,CUS0029,India,AGT001,Ahmed Al Mansoori,1228.29,25,Card,SUCCESS
TXN01872,2024-11-08,CUS0634,Philippines,AGT007,Rajesh Kumar,841.97,0,Card,FAILED
TXN04748,2024-11-08,CUS0343,India,AGT005,John Mathew,808.99,25,Card,SUCCESS
TXN00649,2024-11-09,CUS0495,India,AGT003,Mohammad Raza,1116.86,25,Cash,SUCCESS
TXN02429,2024-11-09,CUS0660,Nepal,AGT001,Ahmed Al Mansoori,802.38,12,Card,SUCCESS
TXN04167,2024-11-09,CUS0597,Pakistan,AGT006,Fatima Al Zaabi,728.63,18,Card,SUCCESS
TXN02408,2024-11-09,CUS0543,India,AGT003,Mohammad Raza,1498.7,25,Card,SUCCESS
TXN01071,2024-11-09,CUS0089,Egypt,AGT004,Maria Santos,1084.52,22,Card,SUCCESS
TXN02232,2024-11-09,CUS0061,Pakistan,AGT002,Priya Sharma,989.75,18,Cash,SUCCESS
TXN02529,2024-11-09,CUS0789,Sri Lanka,AGT003,Mohammad Raza,1212.72,15,Cash,SUCCESS
TXN00822,2024-11-09,CUS0292,Nepal,AGT005,John Mathew,853.68,12,Card,SUCCESS
TXN00654,2024-11-09,CUS0518,India,AGT003,Mohammad Raza,801.65,25,Bank Transfer,SUCCESS
TXN02636,2024-11-09,CUS0466,India,AGT001,Ahmed Al Mansoori,1585.76,25,Card,SUCCESS
TXN02301,2024-11-09,CUS0675,Egypt,AGT008,Sarah Johnson,1447.14,22,Cash,SUCCESS
TXN03785,2024-11-09,CUS0058,Pakistan,AGT003,Mohammad Raza,911.45,0,Cash,FAILED
TXN03674,2024-11-09,CUS0560,Philippines,AGT004,Maria Santos,1121.44,20,Card,SUCCESS
TXN04736,2024-11-10,CUS0350,Sri Lanka,AGT005,John Mathew,965.51,15,Cash,SUCCESS
TXN03861,2024-11-10,CUS0521,India,AGT008,Sarah Johnson,1037.3,25,Cash,SUCCESS
TXN02907,2024-11-10,CUS0710,Egypt,AGT002,Priya Sharma,962.66,22,Cash,SUCCESS
TXN03014,2024-11-10,CUS0151,Pakistan,AGT008,Sarah Johnson,464.69,18,Cash,SUCCESS
TXN00267,2024-11-10,CUS0192,Philippines,AGT007,Rajesh Kumar,1340.75,20,Cash,SUCCESS
TXN02873,2024-11-10,CUS0507,India,AGT008,Sarah Johnson,448.67,25,Cash,SUCCESS
TXN01833,2024-11-10,CUS0595,Egypt,AGT004,Maria Santos,1414.54,22,Cash,SUCCESS
TXN00355,2024-11-10,CUS0490,India,AGT003,Mohammad Raza,1193.15,25,Card,SUCCESS
TXN03124,2024-11-10,CUS0441,India,AGT004,Maria Santos,1071.11,25,Cash,SUCCESS
TXN03189,2024-11-10,CUS0670,Egypt,AGT004,Maria Santos,1394.67,22,Card,SUCCESS
TXN04846,2024-11-10,CUS0689,India,AGT007,Rajesh Kumar,1391.15,25,Cash,SUCCESS
TXN04418,2024-11-10,CUS0166,Bangladesh,AGT003,Mohammad Raza,290.59,15,Bank Transfer,SUCCESS
TXN00749,2024-11-10,CUS0096,Pakistan,AGT002,Priya Sharma,653.24,18,Cash,SUCCESS
TXN04875,2024-11-10,CUS0112,Philippines,AGT005,John Mathew,735.84,20,Cash,SUCCESS
TXN00765,2024-11-10,CUS0729,Pakistan,AGT005,John Mathew,1075.83,18,Cash,SUCCESS
TXN00768,2024-11-10,CUS0369,India,AGT001,Ahmed Al Mansoori,1837.49,25,Cash,SUCCESS
TXN00729,2024-11-10,CUS0457,Bangladesh,AGT003,Mohammad Raza,586.65,15,Card,SUCCESS
TXN00719,2024-11-11,CUS0580,Pakistan,AGT003,Mohammad Raza,712.73,18,Bank Transfer,SUCCESS
TXN03695,2024-11-11,CUS0133,Philippines,AGT003,Mohammad Raza,1135.49,20,Card,SUCCESS
TXN02913,2024-11-11,CUS0148,Philippines,AGT008,Sarah Johnson,702.64,20,Bank Transfer,SUCCESS
TXN04049,2024-11-11,CUS0234,India,AGT006,Fatima Al Zaabi,1162.44,25,Cash,SUCCESS
TXN03290,2024-11-11,CUS0241,Philippines,AGT004,Maria Santos,822.23,20,Cash,SUCCESS
TXN00881,2024-11-11,CUS0639,Nepal,AGT008,Sarah Johnson,1054.85,12,Cash,SUCCESS
TXN00465,2024-11-11,CUS0212,India,AGT004,Maria Santos,1159.56,25,Card,SUCCESS
TXN02977,2024-11-11,CUS0509,Philippines,AGT007,Rajesh Kumar,1241.2,20,Card,SUCCESS
TXN00969,2024-11-11,CUS0402,India,AGT006,Fatima Al Zaabi,1185.54,25,Bank Transfer,SUCCESS
TXN02616,2024-11-11,CUS0628,Nepal,AGT002,Priya Sharma,720.3,12,Cash,SUCCESS
TXN01844,2024-11-11,CUS0652,India,AGT003,Mohammad Raza,1233.42,0,Cash,FAILED
TXN04522,2024-11-11,CUS0129,Nepal,AGT003,Mohammad Raza,793.38,12,Card,SUCCESS
TXN00188,2024-11-11,CUS0034,Philippines,AGT005,John Mathew,880.34,20,Cash,SUCCESS
TXN01044,2024-11-12,CUS0015,India,AGT003,Mohammad Raza,1186.14,25,Cash,SUCCESS
TXN01084,2024-11-12,CUS0180,India,AGT006,Fatima Al Zaabi,1947.63,25,Card,SUCCESS
TXN02361,2024-11-12,CUS0717,Philippines,AGT008,Sarah Johnson,622.07,20,Card,SUCCESS
TXN00782,2024-11-12,CUS0123,Philippines,AGT002,Priya Sharma,539.46,20,Card,SUCCESS
TXN03397,2024-11-12,CUS0183,India,AGT006,Fatima Al Zaabi,1382.01,25,Card,SUCCESS
TXN01911,2024-11-12,CUS0118,Pakistan,AGT004,Maria Santos,1215.8,18,Cash,SUCCESS
TXN00397,2024-11-12,CUS0676,Pakistan,AGT008,Sarah Johnson,388.85,18,Cash,SUCCESS
TXN03550,2024-11-12,CUS0642,India,AGT001,Ahmed Al Mansoori,1187.1,25,Cash,SUCCESS
TXN00636,2024-11-12,CUS0109,India,AGT002,Priya Sharma,604.25,25,Card,SUCCESS
TXN01225,2024-11-12,CUS0379,Philippines,AGT004,Maria Santos,849.97,20,Card,SUCCESS
TXN04782,2024-11-12,CUS0343,Philippines,AGT005,John Mathew,978.72,20,Card,SUCCESS
TXN03829,2024-11-12,CUS0446,India,AGT002,Priya Sharma,1625.48,25,Bank Transfer,SUCCESS
TXN02081,2024-11-12,CUS0042,India,AGT008,Sarah Johnson,1200.19,25,Cash,SUCCESS
TXN02265,2024-11-12,CUS0096,Bangladesh,AGT004,Maria Santos,842.85,15,Card,SUCCESS
TXN03461,2024-11-12,CUS0065,Philippines,AGT005,John Mathew,1357.85,20,Card,SUCCESS
TXN01605,2024-11-12,CUS0256,India,AGT003,Mohammad Raza,1026.21,25,Cash,SUCCESS
TXN03176,2024-11-13,CUS0323,Philippines,AGT004,Maria Santos,696.84,20,Bank Transfer,SUCCESS
TXN01380,2024-11-13,CUS0465,India,AGT001,Ahmed Al Mansoori,1857.36,25,Card,SUCCESS
TXN03914,2024-11-13,CUS0427,India,AGT007,Rajesh Kumar,895.82,25,Bank Transfer,SUCCESS
TXN00325,2024-11-13,CUS0152,Bangladesh,AGT007,Rajesh Kumar,488.74,15,Cash,SUCCESS
TXN04628,2024-11-13,CUS0198,Pakistan,AGT002,Priya Sharma,624.09,18,Cash,SUCCESS
TXN04207,2024-11-13,CUS0308,Egypt,AGT007,Rajesh Kumar,1263.04,0,Cash,FAILED
TXN03322,2024-11-13,CUS0416,Philippines,AGT008,Sarah Johnson,655.9,0,Bank Transfer,FAILED
TXN02897,2024-11-13,CUS0714,India,AGT003,Mohammad Raza,449.72,25,Bank Transfer,SUCCESS
TXN00183,2024-11-13,CUS0625,Sri Lanka,AGT006,Fatima Al Zaabi,509.05,15,Cash,SUCCESS
TXN04327,2024-11-14,CUS0233,Nepal,AGT003,Mohammad Raza,492.8,0,Card,FAILED
TXN02588,2024-11-14,CUS0053,India,AGT006,Fatima Al Zaabi,1126.93,25,Card,SUCCESS
TXN01892,2024-11-14,CUS0209,Philippines,AGT002,Priya Sharma,901.73,20,Bank Transfer,SUCCESS
TXN01281,2024-11-14,CUS0684,India,AGT002,Priya Sharma,1248.07,25,Cash,SUCCESS
TXN04028,2024-11-14,CUS0128,India,AGT004,Maria Santos,1106.47,0,Card,FAILED
TXN03932,2024-11-14,CUS0129,Egypt,AGT007,Rajesh Kumar,1604.25,22,Card,SUCCESS
TXN03943,2024-11-14,CUS0605,Bangladesh,AGT002,Priya Sharma,574.64,15,Cash,SUCCESS
TXN03326,2024-11-14,CUS0361,Philippines,AGT007,Rajesh Kumar,1028.3,20,Card,SUCCESS
TXN01563,2024-11-14,CUS0267,Philippines,AGT005,John Mathew,245.46,20,Bank Transfer,SUCCESS
TXN00696,2024-11-14,CUS0699,India,AGT001,Ahmed Al Mansoori,1088.56,25,Cash,SUCCESS
TXN00251,2024-11-15,CUS0739,Nepal,AGT003,Mohammad Raza,373.04,12,Cash,SUCCESS
TXN01400,2024-11-15,CUS0122,Sri Lanka,AGT002,Priya Sharma,602.2,15,Bank Transfer,SUCCESS
TXN03895,2024-11-15,CUS0651,India,AGT001,Ahmed Al Mansoori,1058.5,25,Cash,SUCCESS
TXN02373,2024-11-15,CUS0310,India,AGT001,Ahmed Al Mansoori,1257.61,25,Bank Transfer,SUCCESS
TXN02359,2024-11-15,CUS0487,Egypt,AGT008,Sarah Johnson,513.84,22,Cash,SUCCESS
TXN01392,2024-11-15,CUS0753,India,AGT008,Sarah Johnson,956.02,25,Bank Transfer,SUCCESS
TXN02806,2024-11-15,CUS0786,Egypt,AGT007,Rajesh Kumar,513.84,22,Bank Transfer,SUCCESS
TXN01379,2024-11-15,CUS0476,India,AGT007,Rajesh Kumar,981.98,25,Bank Transfer,SUCCESS
TXN00071,2024-11-15,CUS0738,India,AGT002,Priya Sharma,1330.1,25,Card,SUCCESS
TXN02738,2024-11-15,CUS0739,Philippines,AGT007,Rajesh Kumar,992.43,20,Cash,SUCCESS
TXN04707,2024-11-15,CUS0160,Pakistan,AGT003,Mohammad Raza,1137.66,0,Cash,FAILED
TXN02097,2024-11-15,CUS0579,Pakistan,AGT006,Fatima Al Zaabi,960.92,18,Bank Transfer,SUCCESS
TXN02182,2024-11-15,CUS0009,Nepal,AGT001,Ahmed Al Mansoori,535.66,12,Cash,SUCCESS
TXN02754,2024-11-15,CUS0129,Bangladesh,AGT003,Mohammad Raza,668.32,0,Cash,FAILED
TXN01956,2024-11-16,CUS0252,India,AGT001,Ahmed Al Mansoori,1694.8,25,Cash,SUCCESS
TXN01996,2024-11-16,CUS0144,Nepal,AGT008,Sarah Johnson,792.63,12,Card,SUCCESS
TXN02241,2024-11-16,CUS0727,Philippines,AGT003,Mohammad Raza,928.59,20,Card,SUCCESS
TXN02472,2024-11-16,CUS0554,India,AGT006,Fatima Al Zaabi,2050.99,25,Card,SUCCESS
TXN04769,2024-11-16,CUS0340,Philippines,AGT007,Rajesh Kumar,1177.94,20,Card,SUCCESS
TXN00894,2024-11-16,CUS0064,India,AGT005,John Mathew,1620.95,25,Bank Transfer,SUCCESS
TXN00897,2024-11-16,CUS0247,Bangladesh,AGT007,Rajesh Kumar,664.91,15,Cash,SUCCESS
TXN04512,2024-11-16,CUS0332,India,AGT004,Maria Santos,1580.81,25,Cash,SUCCESS
TXN01173,2024-11-16,CUS0439,India,AGT002,Priya Sharma,1237.51,25,Cash,SUCCESS
TXN00857,2024-11-16,CUS0765,Egypt,AGT007,Rajesh Kumar,825.32,0,Card,FAILED
TXN00838,2024-11-16,CUS0661,India,AGT006,Fatima Al Zaabi,840.59,25,Card,SUCCESS
TXN00987,2024-11-16,CUS0416,India,AGT007,Rajesh Kumar,1741.22,25,Card,SUCCESS
TXN01371,2024-11-16,CUS0443,India,AGT008,Sarah Johnson,1137.74,25,Card,SUCCESS
TXN01372,2024-11-16,CUS0254,Egypt,AGT005,John Mathew,1664.86,22,Cash,SUCCESS
TXN02442,2024-11-17,CUS0273,Bangladesh,AGT005,John Mathew,990.11,15,Card,SUCCESS
TXN03228,2024-11-17,CUS0037,Bangladesh,AGT003,Mohammad Raza,962.42,15,Bank Transfer,SUCCESS
TXN04266,2024-11-17,CUS0444,Bangladesh,AGT006,Fatima Al Zaabi,803.65,15,Bank Transfer,SUCCESS
TXN01309,2024-11-17,CUS0049,Philippines,AGT002,Priya Sharma,1193.19,20,Bank Transfer,SUCCESS
TXN02339,2024-11-17,CUS0021,India,AGT002,Priya Sharma,1202.54,25,Bank Transfer,SUCCESS
TXN04745,2024-11-17,CUS0162,Philippines,AGT004,Maria Santos,1333.17,20,Cash,SUCCESS
TXN04132,2024-11-17,CUS0525,India,AGT007,Rajesh Kumar,1200.82,25,Cash,SUCCESS
TXN01214,2024-11-17,CUS0114,India,AGT002,Priya Sharma,1522.17,25,Card,SUCCESS
TXN01093,2024-11-17,CUS0699,India,AGT007,Rajesh Kumar,1461.95,25,Cash,SUCCESS
TXN01740,2024-11-17,CUS0331,Egypt,AGT003,Mohammad Raza,1664.5,22,Cash,SUCCESS
TXN01646,2024-11-17,CUS0109,Pakistan,AGT001,Ahmed Al Mansoori,902.79,18,Bank Transfer,SUCCESS
TXN04530,2024-11-17,CUS0534,India,AGT002,Priya Sharma,1001.65,25,Cash,SUCCESS
TXN00945,2024-11-17,CUS0474,Philippines,AGT006,Fatima Al Zaabi,1398.59,20,Cash,SUCCESS
TXN03935,2024-11-17,CUS0631,Egypt,AGT008,Sarah Johnson,1119.83,22,Cash,SUCCESS
TXN01829,2024-11-17,CUS0385,Philippines,AGT003,Mohammad Raza,873.38,20,Bank Transfer,SUCCESS
TXN02513,2024-11-17,CUS0150,Pakistan,AGT002,Priya Sharma,931.73,18,Bank Transfer,SUCCESS
TXN00019,2024-11-17,CUS0611,India,AGT007,Rajesh Kumar,873.11,0,Cash,FAILED
TXN01081,2024-11-17,CUS0544,India,AGT006,Fatima Al Zaabi,1074.49,25,Cash,SUCCESS
TXN03995,2024-11-18,CUS0291,Philippines,AGT004,Maria Santos,342.43,20,Bank Transfer,SUCCESS
TXN04606,2024-11-18,CUS0506,Bangladesh,AGT005,John Mathew,646.73,15,Bank Transfer,SUCCESS
TXN03396,2024-11-18,CUS0361,Egypt,AGT003,Mohammad Raza,642.62,0,Bank Transfer,FAILED
TXN04970,2024-11-18,CUS0638,Sri Lanka,AGT005,John Mathew,1076.87,15,Card,SUCCESS
TXN01289,2024-11-18,CUS0371,India,AGT004,Maria Santos,802.79,25,Cash,SUCCESS
TXN04035,2024-11-18,CUS0656,India,AGT001,Ahmed Al Mansoori,908.62,25,Card,SUCCESS
TXN03969,2024-11-18,CUS0228,Sri Lanka,AGT005,John Mathew,1203.44,0,Cash,FAILED
TXN02119,2024-11-18,CUS0128,Pakistan,AGT007,Rajesh Kumar,185.04,0,Bank Transfer,FAILED
TXN00796,2024-11-18,CUS0499,Philippines,AGT006,Fatima Al Zaabi,1184.35,20,Card,SUCCESS
TXN03167,2024-11-18,CUS0416,Kenya,AGT005,John Mathew,838.87,20,Card,SUCCESS
TXN01954,2024-11-18,CUS0724,Bangladesh,AGT002,Priya Sharma,562.71,15,Bank Transfer,SUCCESS
TXN01348,2024-11-19,CUS0047,India,AGT005,John Mathew,1536.36,25,Card,SUCCESS
TXN02400,2024-11-19,CUS0015,India,AGT006,Fatima Al Zaabi,1224.96,25,Bank Transfer,SUCCESS
TXN01035,2024-11-19,CUS0375,Kenya,AGT002,Priya Sharma,812.29,20,Bank Transfer,SUCCESS
TXN04590,2024-11-19,CUS0417,Nepal,AGT006,Fatima Al Zaabi,405.63,12,Cash,SUCCESS
TXN02491,2024-11-19,CUS0389,Egypt,AGT008,Sarah Johnson,1095.43,22,Cash,SUCCESS
TXN04253,2024-11-19,CUS0497,India,AGT003,Mohammad Raza,1275.43,25,Cash,SUCCESS
TXN04145,2024-11-19,CUS0666,Pakistan,AGT005,John Mathew,435.46,18,Card,SUCCESS
TXN03892,2024-11-19,CUS0430,India,AGT002,Priya Sharma,1409.73,25,Cash,SUCCESS
TXN01492,2024-11-19,CUS0715,Bangladesh,AGT001,Ahmed Al Mansoori,1237.22,15,Cash,SUCCESS
TXN02095,2024-11-19,CUS0086,Philippines,AGT006,Fatima Al Zaabi,1180.56,20,Bank Transfer,SUCCESS
TXN04962,2024-11-19,CUS0128,Egypt,AGT006,Fatima Al Zaabi,760.16,22,Bank Transfer,SUCCESS
TXN04338,2024-11-19,CUS0252,Philippines,AGT006,Fatima Al Zaabi,1035.88,20,Cash,SUCCESS
TXN03305,2024-11-19,CUS0752,Sri Lanka,AGT003,Mohammad Raza,997.68,15,Cash,SUCCESS
TXN02023,2024-11-19,CUS0485,Philippines,AGT003,Mohammad Raza,1267.38,20,Card,SUCCESS
TXN02532,2024-11-20,CUS0664,Nepal,AGT003,Mohammad Raza,433.25,12,Cash,SUCCESS
TXN00416,2024-11-20,CUS0325,India,AGT007,Rajesh Kumar,930.54,25,Cash,SUCCESS
TXN03658,2024-11-20,CUS0110,India,AGT001,Ahmed Al Mansoori,448.87,25,Cash,SUCCESS
TXN00471,2024-11-20,CUS0413,Nepal,AGT002,Priya Sharma,550.49,12,Cash,SUCCESS
TXN04897,2024-11-20,CUS0214,Pakistan,AGT006,Fatima Al Zaabi,394.76,18,Cash,SUCCESS
TXN00077,2024-11-20,CUS0770,Pakistan,AGT002,Priya Sharma,820.89,18,Cash,SUCCESS
TXN02438,2024-11-20,CUS0523,Pakistan,AGT001,Ahmed Al Mansoori,998.25,18,Cash,SUCCESS
TXN01743,2024-11-20,CUS0192,Pakistan,AGT006,Fatima Al Zaabi,816.81,18,Bank Transfer,SUCCESS
TXN02015,2024-11-20,CUS0448,Nepal,AGT003,Mohammad Raza,749.31,12,Cash,SUCCESS
TXN01190,2024-11-20,CUS0274,India,AGT007,Rajesh Kumar,851.4,25,Card,SUCCESS
TXN01720,2024-11-20,CUS0038,Philippines,AGT002,Priya Sharma,782.42,20,Bank Transfer,SUCCESS
TXN00215,2024-11-20,CUS0765,Kenya,AGT002,Priya Sharma,860.15,20,Cash,SUCCESS
TXN02143,2024-11-20,CUS0120,India,AGT008,Sarah Johnson,1262.4,25,Cash,SUCCESS
TXN02090,2024-11-21,CUS0231,India,AGT004,Maria Santos,1722.89,0,Cash,FAILED
TXN01402,2024-11-21,CUS0782,India,AGT001,Ahmed Al Mansoori,1393.19,25,Cash,SUCCESS
TXN04629,2024-11-21,CUS0096,India,AGT006,Fatima Al Zaabi,1594.59,25,Card,SUCCESS
TXN03260,2024-11-21,CUS0370,India,AGT004,Maria Santos,1717.08,25,Cash,SUCCESS
TXN03339,2024-11-21,CUS0141,Pakistan,AGT006,Fatima Al Zaabi,920.67,18,Cash,SUCCESS
TXN00454,2024-11-21,CUS0569,Pakistan,AGT003,Mohammad Raza,920.97,18,Cash,SUCCESS
TXN02389,2024-11-21,CUS0616,Nepal,AGT005,John Mathew,760.24,12,Card,SUCCESS
TXN02486,2024-11-21,CUS0696,Pakistan,AGT001,Ahmed Al Mansoori,1006.3,18,Cash,SUCCESS
TXN04481,2024-11-21,CUS0715,India,AGT001,Ahmed Al Mansoori,769.97,25,Cash,SUCCESS
TXN01711,2024-11-21,CUS0071,India,AGT003,Mohammad Raza,1598.55,25,Cash,SUCCESS
TXN04777,2024-11-21,CUS0331,India,AGT008,Sarah Johnson,1191.28,25,Card,SUCCESS
TXN01122,2024-11-21,CUS0428,Philippines,AGT005,John Mathew,1220.5,20,Bank Transfer,SUCCESS
TXN03848,2024-11-21,CUS0301,Philippines,AGT002,Priya Sharma,775.01,20,Card,SUCCESS
TXN04780,2024-11-21,CUS0701,India,AGT007,Rajesh Kumar,100.0,25,Bank Transfer,SUCCESS
TXN03080,2024-11-21,CUS0527,India,AGT005,John Mathew,1110.53,25,Cash,SUCCESS
TXN00559,2024-11-21,CUS0726,Sri Lanka,AGT002,Priya Sharma,838.75,15,Card,SUCCESS
TXN02781,2024-11-22,CUS0747,Bangladesh,AGT005,John Mathew,883.65,15,Bank Transfer,SUCCESS
TXN04829,2024-11-22,CUS0308,India,AGT001,Ahmed Al Mansoori,1532.46,0,Cash,FAILED
TXN00903,2024-11-22,CUS0156,Egypt,AGT005,John Mathew,1109.49,22,Cash,SUCCESS
TXN03645,2024-11-22,CUS0320,Kenya,AGT007,Rajesh Kumar,718.86,20,Bank Transfer,SUCCESS
TXN03810,2024-11-22,CUS0083,Sri Lanka,AGT006,Fatima Al Zaabi,932.43,15,Cash,SUCCESS
TXN01862,2024-11-22,CUS0201,Pakistan,AGT004,Maria Santos,994.59,18,Cash,SUCCESS
TXN02741,2024-11-22,CUS0705,Pakistan,AGT002,Priya Sharma,899.57,18,Bank Transfer,SUCCESS
TXN01514,2024-11-22,CUS0018,Kenya,AGT006,Fatima Al Zaabi,418.04,20,Bank Transfer,SUCCESS
TXN04554,2024-11-22,CUS0010,Philippines,AGT007,Rajesh Kumar,639.14,20,Card,SUCCESS
TXN02035,2024-11-22,CUS0742,Philippines,AGT002,Priya Sharma,1186.26,20,Cash,SUCCESS
TXN01961,2024-11-22,CUS0308,India,AGT003,Mohammad Raza,1180.24,25,Bank Transfer,SUCCESS
TXN00571,2024-11-22,CUS0485,India,AGT002,Priya Sharma,1206.63,25,Cash,SUCCESS
TXN04375,2024-11-22,CUS0391,India,AGT004,Maria Santos,1558.0,0,Cash,FAILED
TXN03865,2024-11-22,CUS0687,India,AGT001,Ahmed Al Mansoori,1066.13,25,Card,SUCCESS
TXN02323,2024-11-22,CUS0501,India,AGT003,Mohammad Raza,1364.8,0,Card,FAILED
TXN01746,2024-11-22,CUS0114,Kenya,AGT002,Priya Sharma,1017.94,20,Card,SUCCESS
TXN04458,2024-11-23,CUS0177,India,AGT007,Rajesh Kumar,720.07,25,Cash,SUCCESS
TXN00001,2024-11-23,CUS0251,India,AGT005,John Mathew,1378.82,25,Card,SUCCESS
TXN01812,2024-11-23,CUS0226,India,AGT007,Rajesh Kumar,1252.85,25,Cash,SUCCESS
TXN03530,2024-11-23,CUS0084,Pakistan,AGT008,Sarah Johnson,547.69,18,Bank Transfer,SUCCESS
TXN03251,2024-11-23,CUS0729,India,AGT005,John Mathew,1417.17,25,Card,SUCCESS
TXN01429,2024-11-23,CUS0176,Sri Lanka,AGT002,Priya Sharma,700.22,15,Card,SUCCESS
TXN03722,2024-11-23,CUS0165,India,AGT008,Sarah Johnson,1813.14,25,Cash,SUCCESS
TXN04303,2024-11-23,CUS0303,Pakistan,AGT007,Rajesh Kumar,566.21,18,Cash,SUCCESS
TXN02315,2024-11-23,CUS0391,Pakistan,AGT001,Ahmed Al Mansoori,959.82,18,Card,SUCCESS
TXN03497,2024-11-23,CUS0507,India,AGT008,Sarah Johnson,1493.58,25,Card,SUCCESS
TXN02644,2024-11-23,CUS0509,Nepal,AGT001,Ahmed Al Mansoori,482.62,12,Cash,SUCCESS
TXN04423,2024-11-23,CUS0337,Pakistan,AGT002,Priya Sharma,1101.3,0,Card,FAILED
TXN01213,2024-11-24,CUS0657,India,AGT008,Sarah Johnson,941.37,25,Cash,SUCCESS
TXN04461,2024-11-24,CUS0475,Pakistan,AGT001,Ahmed Al Mansoori,1085.26,18,Card,SUCCESS
TXN02122,2024-11-24,CUS0727,Bangladesh,AGT008,Sarah Johnson,864.77,15,Cash,SUCCESS
TXN00721,2024-11-24,CUS0138,Philippines,AGT006,Fatima Al Zaabi,983.11,20,Cash,SUCCESS
TXN04097,2024-11-24,CUS0381,Egypt,AGT002,Priya Sharma,1296.51,22,Bank Transfer,SUCCESS
TXN03984,2024-11-24,CUS0273,India,AGT007,Rajesh Kumar,795.54,25,Card,SUCCESS
TXN02976,2024-11-24,CUS0034,India,AGT005,John Mathew,1238.07,25,Cash,SUCCESS
TXN02021,2024-11-24,CUS0713,Philippines,AGT001,Ahmed Al Mansoori,916.18,20,Cash,SUCCESS
TXN03149,2024-11-24,CUS0094,Bangladesh,AGT001,Ahmed Al Mansoori,676.76,15,Cash,SUCCESS
TXN01705,2024-11-24,CUS0112,Pakistan,AGT008,Sarah Johnson,898.36,18,Card,SUCCESS
TXN04015,2024-11-24,CUS0168,India,AGT003,Mohammad Raza,1171.54,0,Cash,FAILED
TXN01680,2024-11-24,CUS0169,Philippines,AGT007,Rajesh Kumar,783.46,0,Cash,FAILED
TXN03937,2024-11-24,CUS0007,Kenya,AGT005,John Mathew,1306.11,20,Card,SUCCESS
TXN04226,2024-11-24,CUS0767,India,AGT003,Mohammad Raza,1387.16,25,Bank Transfer,SUCCESS
TXN00706,2024-11-24,CUS0775,Bangladesh,AGT002,Priya Sharma,827.26,15,Cash,SUCCESS
TXN04442,2024-11-25,CUS0344,Kenya,AGT004,Maria Santos,1013.6,20,Cash,SUCCESS
TXN01645,2024-11-25,CUS0255,Egypt,AGT003,Mohammad Raza,749.41,22,Cash,SUCCESS
TXN00641,2024-11-25,CUS0271,India,AGT005,John Mathew,1079.12,25,Cash,SUCCESS
TXN01040,2024-11-25,CUS0017,India,AGT008,Sarah Johnson,1576.96,0,Cash,FAILED
TXN00738,2024-11-25,CUS0192,India,AGT003,Mohammad Raza,1553.77,25,Card,SUCCESS
TXN02757,2024-11-25,CUS0511,India,AGT008,Sarah Johnson,1270.21,25,Cash,SUCCESS
TXN01525,2024-11-25,CUS0670,India,AGT007,Rajesh Kumar,1066.01,25,Card,SUCCESS
TXN01209,2024-11-25,CUS0281,Philippines,AGT001,Ahmed Al Mansoori,521.3,20,Bank Transfer,SUCCESS
TXN00016,2024-11-25,CUS0143,Philippines,AGT005,John Mathew,748.18,20,Card,SUCCESS
TXN02423,2024-11-25,CUS0378,Bangladesh,AGT002,Priya Sharma,651.83,15,Bank Transfer,SUCCESS
TXN04009,2024-11-25,CUS0446,Egypt,AGT007,Rajesh Kumar,938.87,22,Bank Transfer,SUCCESS
TXN02436,2024-11-25,CUS0491,Nepal,AGT004,Maria Santos,533.49,12,Cash,SUCCESS
TXN02876,2024-11-25,CUS0409,Pakistan,AGT001,Ahmed Al Mansoori,581.68,18,Card,SUCCESS
TXN04460,2024-11-25,CUS0333,Philippines,AGT007,Rajesh Kumar,1078.75,20,Card,SUCCESS
TXN01123,2024-11-26,CUS0784,India,AGT002,Priya Sharma,1429.94,25,Bank Transfer,SUCCESS
TXN03783,2024-11-26,CUS0276,India,AGT003,Mohammad Raza,824.67,25,Cash,SUCCESS
TXN02148,2024-11-26,CUS0350,India,AGT004,Maria Santos,901.74,25,Card,SUCCESS
TXN01552,2024-11-26,CUS0586,Bangladesh,AGT005,John Mathew,657.23,15,Cash,SUCCESS
TXN02555,2024-11-26,CUS0731,Bangladesh,AGT008,Sarah Johnson,517.66,15,Cash,SUCCESS
TXN00190,2024-11-26,CUS0283,Philippines,AGT007,Rajesh Kumar,490.99,20,Cash,SUCCESS
TXN02420,2024-11-26,CUS0303,India,AGT002,Priya Sharma,722.47,25,Card,SUCCESS
TXN02919,2024-11-26,CUS0640,India,AGT005,John Mathew,1235.3,25,Cash,SUCCESS
TXN02935,2024-11-26,CUS0225,Philippines,AGT008,Sarah Johnson,1136.53,20,Cash,SUCCESS
TXN04713,2024-11-26,CUS0085,India,AGT006,Fatima Al Zaabi,1347.47,25,Card,SUCCESS
TXN04324,2024-11-26,CUS0441,India,AGT006,Fatima Al Zaabi,812.4,25,Cash,SUCCESS
TXN04878,2024-11-26,CUS0134,India,AGT005,John Mathew,1355.6,25,Card,SUCCESS
TXN03087,2024-11-26,CUS0502,Pakistan,AGT003,Mohammad Raza,786.42,18,Cash,SUCCESS
TXN04746,2024-11-26,CUS0573,Pakistan,AGT005,John Mathew,731.58,18,Cash,SUCCESS
TXN01674,2024-11-26,CUS0114,Bangladesh,AGT005,John Mathew,506.29,15,Bank Transfer,SUCCESS
TXN00342,2024-11-26,CUS0668,India,AGT002,Priya Sharma,1287.73,25,Card,SUCCESS
TXN01250,2024-11-27,CUS0124,Bangladesh,AGT003,Mohammad Raza,373.26,15,Bank Transfer,SUCCESS
TXN03490,2024-11-27,CUS0031,Pakistan,AGT008,Sarah Johnson,416.58,18,Cash,SUCCESS
TXN02252,2024-11-27,CUS0588,Nepal,AGT008,Sarah Johnson,872.01,12,Cash,SUCCESS
TXN02292,2024-11-27,CUS0463,Pakistan,AGT006,Fatima Al Zaabi,1034.93,18,Card,SUCCESS
TXN01078,2024-11-27,CUS0492,Kenya,AGT001,Ahmed Al Mansoori,827.99,20,Cash,SUCCESS
TXN03277,2024-11-27,CUS0709,Egypt,AGT001,Ahmed Al Mansoori,1486.17,22,Card,SUCCESS
TXN03689,2024-11-27,CUS0537,India,AGT008,Sarah Johnson,1659.14,25,Cash,SUCCESS
TXN02258,2024-11-27,CUS0772,India,AGT007,Rajesh Kumar,1048.53,25,Bank Transfer,SUCCESS
TXN02647,2024-11-27,CUS0022,India,AGT008,Sarah Johnson,1066.62,25,Bank Transfer,SUCCESS
TXN04973,2024-11-27,CUS0629,India,AGT003,Mohammad Raza,836.96,25,Cash,SUCCESS
TXN00381,2024-11-27,CUS0380,India,AGT008,Sarah Johnson,897.7,25,Card,SUCCESS
TXN04093,2024-11-27,CUS0440,Bangladesh,AGT003,Mohammad Raza,676.17,0,Card,FAILED
TXN00275,2024-11-27,CUS0800,India,AGT006,Fatima Al Zaabi,846.66,25,Card,SUCCESS
TXN04272,2024-11-27,CUS0185,Kenya,AGT007,Rajesh Kumar,800.74,20,Card,SUCCESS
TXN00711,2024-11-27,CUS0567,Philippines,AGT001,Ahmed Al Mansoori,956.97,20,Cash,SUCCESS
TXN04622,2024-11-28,CUS0275,Nepal,AGT005,John Mathew,910.72,12,Card,SUCCESS
TXN00480,2024-11-28,CUS0641,India,AGT007,Rajesh Kumar,1603.05,25,Card,SUCCESS
TXN03282,2024-11-28,CUS0038,Philippines,AGT001,Ahmed Al Mansoori,908.11,0,Cash,FAILED
TXN03556,2024-11-28,CUS0352,Philippines,AGT001,Ahmed Al Mansoori,891.28,20,Cash,SUCCESS
TXN00919,2024-11-28,CUS0736,Egypt,AGT003,Mohammad Raza,952.68,22,Cash,SUCCESS
TXN04546,2024-11-28,CUS0009,Bangladesh,AGT005,John Mathew,822.71,15,Card,SUCCESS
TXN02522,2024-11-28,CUS0311,Nepal,AGT006,Fatima Al Zaabi,1137.35,12,Card,SUCCESS
TXN01304,2024-11-28,CUS0309,Philippines,AGT004,Maria Santos,695.95,20,Card,SUCCESS
TXN04823,2024-11-28,CUS0635,Philippines,AGT004,Maria Santos,671.67,20,Cash,SUCCESS
TXN04742,2024-11-28,CUS0150,Nepal,AGT007,Rajesh Kumar,689.24,0,Cash,FAILED
TXN03043,2024-11-28,CUS0714,India,AGT004,Maria Santos,988.85,25,Cash,SUCCESS
TXN00387,2024-11-28,CUS0369,Philippines,AGT005,John Mathew,992.27,20,Cash,SUCCESS
TXN01215,2024-11-28,CUS0328,Bangladesh,AGT007,Rajesh Kumar,638.06,15,Bank Transfer,SUCCESS
TXN00890,2024-11-28,CUS0521,Philippines,AGT007,Rajesh Kumar,1199.35,20,Cash,SUCCESS
TXN01692,2024-11-29,CUS0459,Philippines,AGT006,Fatima Al Zaabi,771.78,20,Cash,SUCCESS
TXN00156,2024-11-29,CUS0038,Kenya,AGT008,Sarah Johnson,746.41,20,Bank Transfer,SUCCESS
TXN02445,2024-11-29,CUS0210,Pakistan,AGT007,Rajesh Kumar,679.29,18,Cash,SUCCESS
TXN03235,2024-11-29,CUS0426,India,AGT002,Priya Sharma,739.04,25,Bank Transfer,SUCCESS
TXN03059,2024-11-29,CUS0306,Pakistan,AGT003,Mohammad Raza,511.48,18,Card,SUCCESS
TXN01849,2024-11-29,CUS0044,Sri Lanka,AGT008,Sarah Johnson,968.13,15,Cash,SUCCESS
TXN03368,2024-11-29,CUS0583,India,AGT003,Mohammad Raza,1263.99,25,Cash,SUCCESS
TXN03146,2024-11-29,CUS0165,Egypt,AGT003,Mohammad Raza,1255.11,22,Card,SUCCESS
TXN03083,2024-11-29,CUS0202,Philippines,AGT003,Mohammad Raza,368.89,20,Cash,SUCCESS
TXN04470,2024-11-29,CUS0005,Philippines,AGT001,Ahmed Al Mansoori,1004.59,20,Cash,SUCCESS
TXN01662,2024-11-30,CUS0429,Egypt,AGT007,Rajesh Kumar,1061.04,22,Card,SUCCESS
TXN04918,2024-11-30,CUS0148,India,AGT007,Rajesh Kumar,1064.77,25,Cash,SUCCESS
TXN01928,2024-11-30,CUS0460,Philippines,AGT004,Maria Santos,822.78,20,Cash,SUCCESS
TXN02620,2024-11-30,CUS0429,Bangladesh,AGT007,Rajesh Kumar,1005.72,15,Cash,SUCCESS
TXN04269,2024-11-30,CUS0027,Philippines,AGT006,Fatima Al Zaabi,597.26,20,Bank Transfer,SUCCESS
TXN02110,2024-11-30,CUS0166,Philippines,AGT004,Maria Santos,1062.86,20,Card,SUCCESS
TXN02499,2024-11-30,CUS0045,Egypt,AGT007,Rajesh Kumar,1360.82,22,Cash,SUCCESS
TXN00735,2024-11-30,CUS0530,Philippines,AGT002,Priya Sharma,1177.87,20,Bank Transfer,SUCCESS
TXN01637,2024-11-30,CUS0453,India,AGT004,Maria Santos,856.16,25,Cash,SUCCESS
TXN02156,2024-11-30,CUS0799,Pakistan,AGT007,Rajesh Kumar,652.07,18,Cash,SUCCESS
TXN04242,2024-12-01,CUS0040,Sri Lanka,AGT003,Mohammad Raza,950.72,15,Card,SUCCESS
TXN00232,2024-12-01,CUS0476,India,AGT008,Sarah Johnson,1277.93,25,Card,SUCCESS
TXN04252,2024-12-01,CUS0123,India,AGT002,Priya Sharma,1275.84,25,Card,SUCCESS
TXN01789,2024-12-01,CUS0134,India,AGT002,Priya Sharma,1314.9,25,Cash,SUCCESS
TXN01887,2024-12-01,CUS0133,Sri Lanka,AGT005,John Mathew,567.84,15,Cash,SUCCESS
TXN02106,2024-12-01,CUS0393,India,AGT002,Priya Sharma,1791.36,25,Cash,SUCCESS
TXN00336,2024-12-01,CUS0220,India,AGT008,Sarah Johnson,1147.06,25,Card,SUCCESS
TXN02929,2024-12-01,CUS0030,Pakistan,AGT003,Mohammad Raza,1178.75,18,Cash,SUCCESS
TXN01619,2024-12-01,CUS0722,Nepal,AGT004,Maria Santos,523.26,12,Cash,SUCCESS
TXN00204,2024-12-01,CUS0441,Pakistan,AGT004,Maria Santos,1052.91,18,Cash,SUCCESS
TXN01398,2024-12-01,CUS0347,Nepal,AGT002,Priya Sharma,425.11,12,Cash,SUCCESS
TXN04220,2024-12-01,CUS0091,India,AGT008,Sarah Johnson,550.61,0,Cash,FAILED
TXN01921,2024-12-02,CUS0781,Bangladesh,AGT007,Rajesh Kumar,284.35,15,Cash,SUCCESS
TXN02807,2024-12-02,CUS0092,India,AGT008,Sarah Johnson,1170.98,25,Cash,SUCCESS
TXN01462,2024-12-02,CUS0045,Nepal,AGT006,Fatima Al Zaabi,379.63,12,Cash,SUCCESS
TXN01449,2024-12-02,CUS0144,India,AGT008,Sarah Johnson,1645.78,25,Cash,SUCCESS
TXN00662,2024-12-02,CUS0117,Philippines,AGT008,Sarah Johnson,752.35,20,Card,SUCCESS
TXN01594,2024-12-02,CUS0405,India,AGT008,Sarah Johnson,1525.42,25,Cash,SUCCESS
TXN00851,2024-12-02,CUS0051,Philippines,AGT005,John Mathew,731.75,20,Card,SUCCESS
TXN02872,2024-12-02,CUS0282,India,AGT008,Sarah Johnson,1365.02,25,Cash,SUCCESS
TXN00896,2024-12-02,CUS0534,India,AGT007,Rajesh Kumar,1433.54,25,Card,SUCCESS
TXN02508,2024-12-02,CUS0119,India,AGT007,Rajesh Kumar,1648.08,25,Cash,SUCCESS
TXN03070,2024-12-02,CUS0138,Philippines,AGT007,Rajesh Kumar,1087.04,20,Card,SUCCESS
TXN03349,2024-12-02,CUS0150,Bangladesh,AGT003,Mohammad Raza,842.58,15,Card,SUCCESS
TXN04493,2024-12-02,CUS0308,Nepal,AGT005,John Mathew,493.92,12,Bank Transfer,SUCCESS
TXN02372,2024-12-02,CUS0341,Philippines,AGT002,Priya Sharma,751.96,20,Cash,SUCCESS
TXN01636,2024-12-02,CUS0740,Kenya,AGT002,Priya Sharma,834.96,20,Cash,SUCCESS
TXN01845,2024-12-02,CUS0488,India,AGT004,Maria Santos,1257.55,25,Cash,SUCCESS
TXN01924,2024-12-03,CUS0325,Philippines,AGT008,Sarah Johnson,964.6,20,Bank Transfer,SUCCESS
TXN02692,2024-12-03,CUS0455,Philippines,AGT005,John Mathew,834.1,20,Bank Transfer,SUCCESS
TXN01245,2024-12-03,CUS0609,Philippines,AGT005,John Mathew,724.7,20,Cash,SUCCESS
TXN04820,2024-12-03,CUS0137,India,AGT008,Sarah Johnson,1099.38,25,Bank Transfer,SUCCESS
TXN01140,2024-12-03,CUS0481,Philippines,AGT001,Ahmed Al Mansoori,1089.32,20,Cash,SUCCESS
TXN03566,2024-12-03,CUS0584,Sri Lanka,AGT001,Ahmed Al Mansoori,761.62,15,Card,SUCCESS
TXN01497,2024-12-03,CUS0752,Sri Lanka,AGT005,John Mathew,1213.84,15,Bank Transfer,SUCCESS
TXN01521,2024-12-03,CUS0446,Bangladesh,AGT002,Priya Sharma,956.42,15,Cash,SUCCESS
TXN00199,2024-12-03,CUS0659,Philippines,AGT008,Sarah Johnson,915.72,20,Cash,SUCCESS
TXN01548,2024-12-03,CUS0666,India,AGT008,Sarah Johnson,1308.65,25,Card,SUCCESS
TXN02349,2024-12-03,CUS0475,Nepal,AGT006,Fatima Al Zaabi,724.83,12,Card,SUCCESS
TXN03107,2024-12-03,CUS0402,Pakistan,AGT001,Ahmed Al Mansoori,489.65,18,Cash,SUCCESS
TXN03794,2024-12-03,CUS0323,Bangladesh,AGT005,John Mathew,649.46,15,Cash,SUCCESS
TXN00009,2024-12-04,CUS0082,India,AGT005,John Mathew,1030.99,25,Bank Transfer,SUCCESS
TXN03012,2024-12-04,CUS0646,Pakistan,AGT001,Ahmed Al Mansoori,1118.19,18,Card,SUCCESS
TXN03010,2024-12-04,CUS0479,India,AGT004,Maria Santos,1030.4,25,Cash,SUCCESS
TXN02200,2024-12-04,CUS0162,India,AGT007,Rajesh Kumar,1375.63,25,Cash,SUCCESS
TXN00375,2024-12-04,CUS0308,Philippines,AGT007,Rajesh Kumar,1481.36,20,Card,SUCCESS
TXN01260,2024-12-04,CUS0403,Philippines,AGT003,Mohammad Raza,884.94,0,Cash,FAILED
TXN02161,2024-12-04,CUS0383,Bangladesh,AGT005,John Mathew,466.59,0,Cash,FAILED
TXN04476,2024-12-04,CUS0153,Pakistan,AGT006,Fatima Al Zaabi,923.38,18,Cash,SUCCESS
TXN02591,2024-12-04,CUS0148,Bangladesh,AGT005,John Mathew,959.86,15,Bank Transfer,SUCCESS
TXN04136,2024-12-04,CUS0364,India,AGT002,Priya Sharma,1060.23,25,Cash,SUCCESS
TXN03214,2024-12-04,CUS0538,India,AGT006,Fatima Al Zaabi,1748.37,25,Card,SUCCESS
TXN02645,2024-12-04,CUS0241,Pakistan,AGT002,Priya Sharma,538.49,18,Cash,SUCCESS
TXN01784,2024-12-04,CUS0330,Philippines,AGT005,John Mathew,1105.22,20,Cash,SUCCESS
TXN03514,2024-12-04,CUS0747,India,AGT006,Fatima Al Zaabi,570.85,25,Bank Transfer,SUCCESS
TXN00132,2024-12-04,CUS0436,Nepal,AGT004,Maria Santos,612.34,12,Cash,SUCCESS
TXN04938,2024-12-04,CUS0580,India,AGT008,Sarah Johnson,1642.8,25,Cash,SUCCESS
TXN04260,2024-12-04,CUS0417,India,AGT002,Priya Sharma,880.4,25,Bank Transfer,SUCCESS
TXN02266,2024-12-05,CUS0150,Philippines,AGT005,John Mathew,1221.98,20,Card,SUCCESS
TXN00051,2024-12-05,CUS0271,India,AGT003,Mohammad Raza,1316.67,0,Cash,FAILED
TXN02605,2024-12-05,CUS0059,India,AGT006,Fatima Al Zaabi,975.24,25,Bank Transfer,SUCCESS
TXN02694,2024-12-05,CUS0281,India,AGT008,Sarah Johnson,1151.58,25,Cash,SUCCESS
TXN00988,2024-12-05,CUS0193,India,AGT003,Mohammad Raza,1515.85,25,Bank Transfer,SUCCESS
TXN01494,2024-12-05,CUS0120,Nepal,AGT001,Ahmed Al Mansoori,633.22,12,Card,SUCCESS
TXN00783,2024-12-05,CUS0783,Philippines,AGT001,Ahmed Al Mansoori,1002.65,20,Bank Transfer,SUCCESS
TXN01241,2024-12-05,CUS0539,Pakistan,AGT001,Ahmed Al Mansoori,709.01,18,Cash,SUCCESS
TXN01405,2024-12-05,CUS0521,Pakistan,AGT003,Mohammad Raza,1039.05,18,Bank Transfer,SUCCESS
TXN04138,2024-12-05,CUS0522,Philippines,AGT002,Priya Sharma,991.25,20,Card,SUCCESS
TXN00604,2024-12-05,CUS0575,Kenya,AGT006,Fatima Al Zaabi,1336.36,20,Card,SUCCESS
TXN00522,2024-12-05,CUS0299,Kenya,AGT004,Maria Santos,1104.86,20,Cash,SUCCESS
TXN03446,2024-12-05,CUS0206,Philippines,AGT003,Mohammad Raza,591.93,20,Card,SUCCESS
TXN03421,2024-12-05,CUS0729,Egypt,AGT002,Priya Sharma,899.57,22,Cash,SUCCESS
TXN03529,2024-12-05,CUS0141,Nepal,AGT002,Priya Sharma,270.3,12,Card,SUCCESS
TXN04771,2024-12-05,CUS0539,India,AGT003,Mohammad Raza,1205.47,25,Card,SUCCESS
TXN03284,2024-12-05,CUS0123,Nepal,AGT004,Maria Santos,757.76,12,Card,SUCCESS
TXN01811,2024-12-05,CUS0116,Sri Lanka,AGT008,Sarah Johnson,641.31,15,Card,SUCCESS
TXN01964,2024-12-05,CUS0476,Philippines,AGT003,Mohammad Raza,1074.21,20,Card,SUCCESS
TXN00209,2024-12-06,CUS0739,Egypt,AGT007,Rajesh Kumar,1269.97,0,Cash,FAILED
TXN02663,2024-12-06,CUS0426,Egypt,AGT006,Fatima Al Zaabi,1297.09,22,Cash,SUCCESS
TXN02012,2024-12-06,CUS0513,Philippines,AGT005,John Mathew,694.06,20,Cash,SUCCESS
TXN01327,2024-12-06,CUS0239,Pakistan,AGT007,Rajesh Kumar,574.56,18,Cash,SUCCESS
TXN01930,2024-12-06,CUS0294,India,AGT005,John Mathew,1905.01,25,Cash,SUCCESS
TXN01599,2024-12-06,CUS0432,Kenya,AGT002,Priya Sharma,955.93,20,Cash,SUCCESS
TXN02505,2024-12-06,CUS0520,Philippines,AGT007,Rajesh Kumar,607.01,20,Bank Transfer,SUCCESS
TXN03605,2024-12-06,CUS0313,Bangladesh,AGT005,John Mathew,864.25,15,Cash,SUCCESS
TXN01474,2024-12-06,CUS0623,Kenya,AGT004,Maria Santos,954.19,20,Card,SUCCESS
TXN04284,2024-12-06,CUS0570,Philippines,AGT008,Sarah Johnson,1162.74,20,Card,SUCCESS
TXN01510,2024-12-06,CUS0365,Philippines,AGT001,Ahmed Al Mansoori,1298.93,20,Bank Transfer,SUCCESS
TXN01533,2024-12-06,CUS0614,Nepal,AGT001,Ahmed Al Mansoori,658.17,12,Card,SUCCESS
TXN01458,2024-12-06,CUS0046,India,AGT003,Mohammad Raza,1337.22,25,Cash,SUCCESS
TXN02103,2024-12-06,CUS0515,Sri Lanka,AGT006,Fatima Al Zaabi,554.33,15,Cash,SUCCESS
TXN01443,2024-12-07,CUS0506,Egypt,AGT004,Maria Santos,1159.74,22,Card,SUCCESS
TXN00072,2024-12-07,CUS0714,Philippines,AGT007,Rajesh Kumar,1315.27,20,Cash,SUCCESS
TXN04941,2024-12-07,CUS0308,Pakistan,AGT005,John Mathew,940.94,18,Cash,SUCCESS
TXN02452,2024-12-07,CUS0080,Sri Lanka,AGT004,Maria Santos,562.84,15,Bank Transfer,SUCCESS
TXN02599,2024-12-07,CUS0609,Bangladesh,AGT005,John Mathew,952.02,15,Cash,SUCCESS
TXN04849,2024-12-07,CUS0468,India,AGT001,Ahmed Al Mansoori,997.74,25,Cash,SUCCESS
TXN00575,2024-12-07,CUS0555,India,AGT006,Fatima Al Zaabi,1498.59,25,Card,SUCCESS
TXN04899,2024-12-07,CUS0010,Philippines,AGT001,Ahmed Al Mansoori,1081.15,20,Cash,SUCCESS
TXN04457,2024-12-07,CUS0747,Philippines,AGT002,Priya Sharma,587.58,20,Bank Transfer,SUCCESS
TXN04349,2024-12-07,CUS0362,Sri Lanka,AGT007,Rajesh Kumar,538.41,15,Cash,SUCCESS
TXN04487,2024-12-07,CUS0519,Bangladesh,AGT005,John Mathew,788.35,15,Cash,SUCCESS
TXN04500,2024-12-07,CUS0248,Pakistan,AGT001,Ahmed Al Mansoori,513.39,18,Cash,SUCCESS
TXN03715,2024-12-07,CUS0239,Sri Lanka,AGT006,Fatima Al Zaabi,977.84,15,Cash,SUCCESS
TXN04210,2024-12-07,CUS0575,India,AGT004,Maria Santos,794.62,25,Card,SUCCESS
TXN04555,2024-12-07,CUS0252,Bangladesh,AGT008,Sarah Johnson,683.33,15,Card,SUCCESS
TXN04509,2024-12-07,CUS0537,India,AGT001,Ahmed Al Mansoori,1436.79,25,Cash,SUCCESS
TXN02905,2024-12-08,CUS0751,India,AGT006,Fatima Al Zaabi,653.82,25,Bank Transfer,SUCCESS
TXN02439,2024-12-08,CUS0564,Bangladesh,AGT007,Rajesh Kumar,608.28,0,Cash,FAILED
TXN04626,2024-12-08,CUS0674,Bangladesh,AGT007,Rajesh Kumar,964.92,0,Cash,FAILED
TXN01550,2024-12-08,CUS0024,Egypt,AGT004,Maria Santos,1504.89,22,Bank Transfer,SUCCESS
TXN00350,2024-12-08,CUS0489,India,AGT003,Mohammad Raza,1123.16,25,Cash,SUCCESS
TXN02843,2024-12-08,CUS0508,India,AGT008,Sarah Johnson,1731.7,25,Bank Transfer,SUCCESS
TXN00395,2024-12-08,CUS0423,India,AGT001,Ahmed Al Mansoori,1624.6,25,Card,SUCCESS
TXN02132,2024-12-08,CUS0231,Egypt,AGT006,Fatima Al Zaabi,1106.47,22,Cash,SUCCESS
TXN02367,2024-12-08,CUS0300,India,AGT006,Fatima Al Zaabi,1007.11,25,Bank Transfer,SUCCESS
TXN00111,2024-12-08,CUS0507,Philippines,AGT001,Ahmed Al Mansoori,381.93,20,Cash,SUCCESS
TXN01962,2024-12-08,CUS0613,Philippines,AGT007,Rajesh Kumar,977.1,20,Cash,SUCCESS
TXN03351,2024-12-08,CUS0103,Nepal,AGT005,John Mathew,506.51,12,Cash,SUCCESS
TXN03099,2024-12-08,CUS0151,India,AGT002,Priya Sharma,1153.37,25,Bank Transfer,SUCCESS
TXN03525,2024-12-09,CUS0597,Pakistan,AGT008,Sarah Johnson,660.37,18,Cash,SUCCESS
TXN02365,2024-12-09,CUS0088,Pakistan,AGT006,Fatima Al Zaabi,648.98,18,Cash,SUCCESS
TXN01523,2024-12-09,CUS0548,India,AGT003,Mohammad Raza,1118.47,25,Cash,SUCCESS
TXN04998,2024-12-09,CUS0706,Pakistan,AGT003,Mohammad Raza,1547.1,18,Card,SUCCESS
TXN03459,2024-12-09,CUS0783,Philippines,AGT001,Ahmed Al Mansoori,905.08,20,Cash,SUCCESS
TXN02625,2024-12-09,CUS0727,Pakistan,AGT005,John Mathew,898.34,18,Cash,SUCCESS
TXN03081,2024-12-09,CUS0516,Pakistan,AGT004,Maria Santos,1088.13,18,Cash,SUCCESS
TXN00070,2024-12-09,CUS0072,India,AGT007,Rajesh Kumar,967.76,25,Bank Transfer,SUCCESS
TXN01768,2024-12-09,CUS0699,India,AGT007,Rajesh Kumar,1136.68,25,Cash,SUCCESS
TXN01356,2024-12-09,CUS0362,Philippines,AGT002,Priya Sharma,200.42,20,Cash,SUCCESS
TXN04732,2024-12-09,CUS0632,Bangladesh,AGT001,Ahmed Al Mansoori,689.53,15,Card,SUCCESS
TXN04012,2024-12-09,CUS0561,Pakistan,AGT007,Rajesh Kumar,462.66,18,Cash,SUCCESS
TXN00362,2024-12-10,CUS0406,Nepal,AGT001,Ahmed Al Mansoori,875.89,12,Cash,SUCCESS
TXN00372,2024-12-10,CUS0251,Bangladesh,AGT001,Ahmed Al Mansoori,804.58,15,Cash,SUCCESS
TXN03249,2024-12-10,CUS0547,India,AGT001,Ahmed Al Mansoori,1282.44,25,Bank Transfer,SUCCESS
TXN03316,2024-12-10,CUS0279,India,AGT007,Rajesh Kumar,1349.92,0,Bank Transfer,FAILED
TXN02957,2024-12-10,CUS0392,India,AGT002,Priya Sharma,1535.59,25,Cash,SUCCESS
TXN04505,2024-12-10,CUS0769,Bangladesh,AGT004,Maria Santos,655.05,15,Bank Transfer,SUCCESS
TXN01519,2024-12-10,CUS0173,Kenya,AGT008,Sarah Johnson,658.11,20,Bank Transfer,SUCCESS
TXN04219,2024-12-10,CUS0104,Egypt,AGT002,Priya Sharma,1207.07,22,Card,SUCCESS
TXN02236,2024-12-10,CUS0146,India,AGT008,Sarah Johnson,1463.08,25,Card,SUCCESS
TXN01154,2024-12-10,CUS0536,India,AGT008,Sarah Johnson,723.69,25,Cash,SUCCESS
TXN02469,2024-12-10,CUS0692,Bangladesh,AGT008,Sarah Johnson,843.5,15,Cash,SUCCESS
TXN01280,2024-12-10,CUS0484,Pakistan,AGT006,Fatima Al Zaabi,725.81,18,Bank Transfer,SUCCESS
TXN03588,2024-12-10,CUS0103,India,AGT007,Rajesh Kumar,869.47,0,Bank Transfer,FAILED
TXN00873,2024-12-10,CUS0457,Bangladesh,AGT007,Rajesh Kumar,410.34,15,Card,SUCCESS
TXN01017,2024-12-10,CUS0533,Pakistan,AGT004,Maria Santos,643.66,18,Card,SUCCESS
TXN00944,2024-12-10,CUS0037,Philippines,AGT008,Sarah Johnson,873.22,20,Cash,SUCCESS
TXN03699,2024-12-10,CUS0361,Bangladesh,AGT006,Fatima Al Zaabi,895.96,15,Bank Transfer,SUCCESS
TXN02879,2024-12-10,CUS0555,India,AGT005,John Mathew,1305.19,25,Card,SUCCESS
TXN02891,2024-12-11,CUS0116,Sri Lanka,AGT002,Priya Sharma,781.78,15,Card,SUCCESS
TXN00160,2024-12-11,CUS0325,Sri Lanka,AGT007,Rajesh Kumar,897.72,15,Bank Transfer,SUCCESS
TXN04825,2024-12-11,CUS0498,Bangladesh,AGT006,Fatima Al Zaabi,686.84,15,Cash,SUCCESS
TXN04679,2024-12-11,CUS0398,Philippines,AGT003,Mohammad Raza,1132.59,20,Cash,SUCCESS
TXN02860,2024-12-11,CUS0696,India,AGT007,Rajesh Kumar,1269.88,25,Cash,SUCCESS
TXN02494,2024-12-11,CUS0071,Nepal,AGT008,Sarah Johnson,859.85,12,Cash,SUCCESS
TXN02765,2024-12-11,CUS0301,Philippines,AGT003,Mohammad Raza,968.35,20,Bank Transfer,SUCCESS
TXN02061,2024-12-11,CUS0612,Bangladesh,AGT007,Rajesh Kumar,878.69,15,Cash,SUCCESS
TXN03499,2024-12-11,CUS0176,India,AGT006,Fatima Al Zaabi,1134.07,25,Card,SUCCESS
TXN01453,2024-12-11,CUS0714,Pakistan,AGT008,Sarah Johnson,857.78,0,Card,FAILED
TXN00218,2024-12-11,CUS0678,India,AGT008,Sarah Johnson,1114.75,25,Card,SUCCESS
TXN02284,2024-12-11,CUS0584,India,AGT004,Maria Santos,846.78,25,Card,SUCCESS
TXN03360,2024-12-12,CUS0569,Nepal,AGT001,Ahmed Al Mansoori,423.65,12,Bank Transfer,SUCCESS
TXN01284,2024-12-12,CUS0066,India,AGT001,Ahmed Al Mansoori,1544.41,25,Cash,SUCCESS
TXN02528,2024-12-12,CUS0613,Philippines,AGT005,John Mathew,1063.85,20,Card,SUCCESS
TXN00180,2024-12-12,CUS0571,Bangladesh,AGT007,Rajesh Kumar,1271.24,15,Card,SUCCESS
TXN04376,2024-12-12,CUS0446,India,AGT005,John Mathew,1432.56,25,Card,SUCCESS
TXN01998,2024-12-12,CUS0630,India,AGT006,Fatima Al Zaabi,882.53,25,Card,SUCCESS
TXN02979,2024-12-12,CUS0381,Bangladesh,AGT006,Fatima Al Zaabi,814.13,15,Bank Transfer,SUCCESS
TXN00252,2024-12-12,CUS0626,Bangladesh,AGT008,Sarah Johnson,892.75,15,Card,SUCCESS
TXN00002,2024-12-12,CUS0605,Bangladesh,AGT002,Priya Sharma,670.96,15,Cash,SUCCESS
TXN04372,2024-12-12,CUS0130,Philippines,AGT005,John Mathew,752.57,20,Cash,SUCCESS
TXN00603,2024-12-12,CUS0599,Philippines,AGT007,Rajesh Kumar,1134.79,0,Card,FAILED
TXN01048,2024-12-13,CUS0701,Philippines,AGT002,Priya Sharma,474.37,20,Cash,SUCCESS
TXN03276,2024-12-13,CUS0510,Philippines,AGT002,Priya Sharma,1265.97,20,Bank Transfer,SUCCESS
TXN00439,2024-12-13,CUS0354,Pakistan,AGT003,Mohammad Raza,391.19,18,Cash,SUCCESS
TXN00651,2024-12-13,CUS0686,Philippines,AGT004,Maria Santos,1399.22,20,Card,SUCCESS
TXN01042,2024-12-13,CUS0759,Sri Lanka,AGT003,Mohammad Raza,646.75,15,Bank Transfer,SUCCESS
TXN00983,2024-12-13,CUS0736,India,AGT007,Rajesh Kumar,851.89,25,Cash,SUCCESS
TXN00220,2024-12-13,CUS0047,Pakistan,AGT005,John Mathew,819.65,18,Bank Transfer,SUCCESS
TXN04412,2024-12-13,CUS0757,Kenya,AGT006,Fatima Al Zaabi,932.59,20,Bank Transfer,SUCCESS
TXN01365,2024-12-13,CUS0698,India,AGT005,John Mathew,1630.77,25,Cash,SUCCESS
TXN04003,2024-12-13,CUS0434,Bangladesh,AGT002,Priya Sharma,703.78,15,Cash,SUCCESS
TXN00800,2024-12-13,CUS0591,Kenya,AGT004,Maria Santos,958.48,20,Card,SUCCESS
TXN01543,2024-12-13,CUS0386,Nepal,AGT003,Mohammad Raza,899.03,12,Cash,SUCCESS
TXN01538,2024-12-13,CUS0776,Philippines,AGT006,Fatima Al Zaabi,756.17,20,Cash,SUCCESS
TXN01530,2024-12-13,CUS0533,Egypt,AGT003,Mohammad Raza,730.53,22,Card,SUCCESS
TXN03554,2024-12-13,CUS0521,Pakistan,AGT003,Mohammad Raza,1402.77,18,Cash,SUCCESS
TXN01691,2024-12-14,CUS0514,Pakistan,AGT003,Mohammad Raza,940.81,18,Card,SUCCESS
TXN00758,2024-12-14,CUS0424,Philippines,AGT004,Maria Santos,949.91,20,Card,SUCCESS
TXN01819,2024-12-14,CUS0639,India,AGT005,John Mathew,1123.99,25,Cash,SUCCESS
TXN03898,2024-12-14,CUS0007,Nepal,AGT008,Sarah Johnson,727.9,12,Cash,SUCCESS
TXN01727,2024-12-14,CUS0719,Philippines,AGT005,John Mathew,755.29,20,Bank Transfer,SUCCESS
TXN01916,2024-12-14,CUS0290,Philippines,AGT007,Rajesh Kumar,753.48,0,Cash,FAILED
TXN00617,2024-12-14,CUS0424,Philippines,AGT005,John Mathew,929.54,0,Bank Transfer,FAILED
TXN04949,2024-12-14,CUS0259,Bangladesh,AGT008,Sarah Johnson,619.01,15,Bank Transfer,SUCCESS
TXN00331,2024-12-14,CUS0625,Pakistan,AGT005,John Mathew,797.06,18,Bank Transfer,SUCCESS
TXN00500,2024-12-14,CUS0716,Pakistan,AGT005,John Mathew,468.13,18,Bank Transfer,SUCCESS
TXN00414,2024-12-14,CUS0088,Pakistan,AGT007,Rajesh Kumar,1106.64,18,Cash,SUCCESS
TXN02036,2024-12-14,CUS0766,Pakistan,AGT004,Maria Santos,1462.32,18,Cash,SUCCESS
TXN03103,2024-12-14,CUS0239,India,AGT007,Rajesh Kumar,1793.81,0,Cash,FAILED
TXN02500,2024-12-15,CUS0235,Pakistan,AGT008,Sarah Johnson,881.61,18,Bank Transfer,SUCCESS
TXN01600,2024-12-15,CUS0770,Bangladesh,AGT006,Fatima Al Zaabi,547.12,15,Bank Transfer,SUCCESS
TXN04347,2024-12-15,CUS0584,Philippines,AGT006,Fatima Al Zaabi,887.21,20,Bank Transfer,SUCCESS
TXN04800,2024-12-15,CUS0756,India,AGT006,Fatima Al Zaabi,1466.1,25,Bank Transfer,SUCCESS
TXN00580,2024-12-15,CUS0610,Philippines,AGT003,Mohammad Raza,1208.81,20,Bank Transfer,SUCCESS
TXN01702,2024-12-15,CUS0759,India,AGT001,Ahmed Al Mansoori,1376.11,25,Card,SUCCESS
TXN02042,2024-12-15,CUS0351,Nepal,AGT004,Maria Santos,526.33,12,Card,SUCCESS
TXN02391,2024-12-15,CUS0067,India,AGT003,Mohammad Raza,535.37,0,Cash,FAILED
TXN00536,2024-12-15,CUS0220,Philippines,AGT006,Fatima Al Zaabi,912.8,20,Cash,SUCCESS
TXN01014,2024-12-15,CUS0545,Kenya,AGT002,Priya Sharma,753.58,20,Bank Transfer,SUCCESS
TXN04694,2024-12-15,CUS0038,Egypt,AGT001,Ahmed Al Mansoori,1273.88,22,Cash,SUCCESS
TXN03252,2024-12-15,CUS0206,Philippines,AGT004,Maria Santos,980.5,20,Bank Transfer,SUCCESS
TXN03283,2024-12-15,CUS0068,India,AGT003,Mohammad Raza,425.14,25,Cash,SUCCESS
TXN03779,2024-12-15,CUS0415,Sri Lanka,AGT004,Maria Santos,282.99,15,Bank Transfer,SUCCESS
TXN02884,2024-12-16,CUS0192,Bangladesh,AGT006,Fatima Al Zaabi,796.11,15,Cash,SUCCESS
TXN04997,2024-12-16,CUS0284,Pakistan,AGT001,Ahmed Al Mansoori,970.74,18,Cash,SUCCESS
TXN01568,2024-12-16,CUS0338,Pakistan,AGT002,Priya Sharma,923.83,18,Cash,SUCCESS
TXN02725,2024-12-16,CUS0112,Nepal,AGT007,Rajesh Kumar,953.27,0,Cash,FAILED
TXN00305,2024-12-16,CUS0075,Philippines,AGT008,Sarah Johnson,894.36,20,Cash,SUCCESS
TXN00246,2024-12-16,CUS0662,Egypt,AGT002,Priya Sharma,989.61,22,Card,SUCCESS
TXN02336,2024-12-16,CUS0634,India,AGT001,Ahmed Al Mansoori,1407.07,25,Card,SUCCESS
TXN03688,2024-12-16,CUS0740,Bangladesh,AGT001,Ahmed Al Mansoori,755.6,15,Cash,SUCCESS
TXN00748,2024-12-16,CUS0621,Philippines,AGT003,Mohammad Raza,696.05,0,Cash,FAILED
TXN02489,2024-12-16,CUS0390,Philippines,AGT001,Ahmed Al Mansoori,906.85,20,Cash,SUCCESS
TXN03406,2024-12-16,CUS0195,India,AGT006,Fatima Al Zaabi,288.39,25,Cash,SUCCESS
TXN02309,2024-12-16,CUS0193,Bangladesh,AGT001,Ahmed Al Mansoori,812.25,15,Cash,SUCCESS
TXN04737,2024-12-16,CUS0024,India,AGT002,Priya Sharma,915.28,25,Cash,SUCCESS
TXN00684,2024-12-16,CUS0014,India,AGT001,Ahmed Al Mansoori,1376.17,25,Cash,SUCCESS
TXN01652,2024-12-16,CUS0504,Philippines,AGT002,Priya Sharma,987.97,20,Cash,SUCCESS
TXN00701,2024-12-16,CUS0211,Philippines,AGT002,Priya Sharma,758.86,20,Card,SUCCESS
TXN01169,2024-12-16,CUS0488,Pakistan,AGT008,Sarah Johnson,942.74,18,Cash,SUCCESS
TXN03463,2024-12-17,CUS0573,Pakistan,AGT005,John Mathew,837.61,18,Card,SUCCESS
TXN00634,2024-12-17,CUS0431,Pakistan,AGT005,John Mathew,697.55,18,Card,SUCCESS
TXN02530,2024-12-17,CUS0210,Philippines,AGT006,Fatima Al Zaabi,594.66,20,Card,SUCCESS
TXN04022,2024-12-17,CUS0258,India,AGT002,Priya Sharma,687.47,25,Cash,SUCCESS
TXN02887,2024-12-17,CUS0517,Philippines,AGT004,Maria Santos,757.91,20,Card,SUCCESS
TXN03997,2024-12-17,CUS0506,Philippines,AGT002,Priya Sharma,338.99,20,Cash,SUCCESS
TXN02928,2024-12-17,CUS0735,India,AGT008,Sarah Johnson,1277.3,25,Bank Transfer,SUCCESS
TXN00053,2024-12-17,CUS0518,Pakistan,AGT005,John Mathew,637.54,18,Bank Transfer,SUCCESS
TXN01574,2024-12-17,CUS0674,Philippines,AGT003,Mohammad Raza,533.72,20,Cash,SUCCESS
TXN04570,2024-12-17,CUS0684,Pakistan,AGT005,John Mathew,803.4,18,Cash,SUCCESS
TXN01656,2024-12-17,CUS0357,India,AGT005,John Mathew,1093.66,25,Cash,SUCCESS
TXN02853,2024-12-17,CUS0777,Pakistan,AGT004,Maria Santos,534.83,18,Bank Transfer,SUCCESS
TXN00746,2024-12-17,CUS0611,India,AGT008,Sarah Johnson,938.73,25,Cash,SUCCESS
TXN02770,2024-12-17,CUS0245,Pakistan,AGT005,John Mathew,752.85,18,Cash,SUCCESS
TXN02478,2024-12-18,CUS0232,Bangladesh,AGT002,Priya Sharma,1005.18,15,Cash,SUCCESS
TXN00652,2024-12-18,CUS0444,Bangladesh,AGT002,Priya Sharma,936.58,15,Cash,SUCCESS
TXN03120,2024-12-18,CUS0685,India,AGT007,Rajesh Kumar,1795.95,25,Cash,SUCCESS
TXN03394,2024-12-18,CUS0686,Pakistan,AGT001,Ahmed Al Mansoori,781.84,18,Bank Transfer,SUCCESS
TXN03842,2024-12-18,CUS0529,Philippines,AGT004,Maria Santos,708.36,20,Card,SUCCESS
TXN01038,2024-12-18,CUS0648,Philippines,AGT002,Priya Sharma,504.62,20,Cash,SUCCESS
TXN04871,2024-12-18,CUS0190,Nepal,AGT007,Rajesh Kumar,1153.83,12,Cash,SUCCESS
TXN04860,2024-12-18,CUS0088,Pakistan,AGT006,Fatima Al Zaabi,766.03,18,Bank Transfer,SUCCESS
TXN02524,2024-12-18,CUS0481,Pakistan,AGT003,Mohammad Raza,724.75,18,Card,SUCCESS
TXN01466,2024-12-18,CUS0070,India,AGT008,Sarah Johnson,1411.89,25,Card,SUCCESS
TXN03644,2024-12-18,CUS0479,India,AGT003,Mohammad Raza,1187.4,25,Bank Transfer,SUCCESS
TXN04565,2024-12-18,CUS0769,Bangladesh,AGT007,Rajesh Kumar,866.29,0,Cash,FAILED
TXN00756,2024-12-18,CUS0371,Nepal,AGT007,Rajesh Kumar,1073.83,0,Cash,FAILED
TXN00323,2024-12-18,CUS0272,Pakistan,AGT008,Sarah Johnson,603.63,18,Card,SUCCESS
TXN00818,2024-12-18,CUS0307,Egypt,AGT008,Sarah Johnson,1393.58,0,Cash,FAILED
TXN04502,2024-12-18,CUS0308,Bangladesh,AGT001,Ahmed Al Mansoori,415.97,15,Cash,SUCCESS
TXN02409,2024-12-18,CUS0579,Sri Lanka,AGT006,Fatima Al Zaabi,932.56,15,Cash,SUCCESS
TXN01534,2024-12-18,CUS0647,India,AGT008,Sarah Johnson,1146.86,25,Cash,SUCCESS
TXN04482,2024-12-19,CUS0313,India,AGT005,John Mathew,1302.89,25,Card,SUCCESS
TXN02675,2024-12-19,CUS0103,Pakistan,AGT005,John Mathew,557.95,18,Card,SUCCESS
TXN00333,2024-12-19,CUS0492,Bangladesh,AGT006,Fatima Al Zaabi,715.92,15,Bank Transfer,SUCCESS
TXN01266,2024-12-19,CUS0310,Pakistan,AGT007,Rajesh Kumar,460.71,0,Cash,FAILED
TXN03027,2024-12-19,CUS0342,Pakistan,AGT004,Maria Santos,845.7,18,Cash,SUCCESS
TXN01205,2024-12-19,CUS0260,Egypt,AGT004,Maria Santos,1116.12,22,Cash,SUCCESS
TXN03293,2024-12-19,CUS0363,Bangladesh,AGT004,Maria Santos,968.16,15,Cash,SUCCESS
TXN00587,2024-12-19,CUS0276,India,AGT008,Sarah Johnson,1034.63,25,Cash,SUCCESS
TXN04889,2024-12-19,CUS0027,Bangladesh,AGT002,Priya Sharma,747.77,15,Card,SUCCESS
TXN00865,2024-12-19,CUS0097,Nepal,AGT003,Mohammad Raza,489.7,0,Cash,FAILED
TXN03549,2024-12-19,CUS0582,India,AGT007,Rajesh Kumar,799.83,25,Cash,SUCCESS
TXN02803,2024-12-19,CUS0520,Bangladesh,AGT001,Ahmed Al Mansoori,773.46,15,Card,SUCCESS
TXN00227,2024-12-19,CUS0448,Egypt,AGT002,Priya Sharma,1121.21,22,Cash,SUCCESS
TXN04595,2024-12-19,CUS0402,Bangladesh,AGT001,Ahmed Al Mansoori,698.3,15,Bank Transfer,SUCCESS
TXN03904,2024-12-19,CUS0364,India,AGT006,Fatima Al Zaabi,860.68,25,Card,SUCCESS
TXN02657,2024-12-19,CUS0776,Pakistan,AGT008,Sarah Johnson,537.94,18,Cash,SUCCESS
TXN01425,2024-12-19,CUS0602,Pakistan,AGT006,Fatima Al Zaabi,549.25,18,Card,SUCCESS
TXN00434,2024-12-20,CUS0369,Philippines,AGT001,Ahmed Al Mansoori,1093.74,20,Bank Transfer,SUCCESS
TXN04705,2024-12-20,CUS0589,India,AGT003,Mohammad Raza,1407.85,25,Cash,SUCCESS
TXN01100,2024-12-20,CUS0166,Egypt,AGT003,Mohammad Raza,1214.34,22,Cash,SUCCESS
TXN00406,2024-12-20,CUS0278,Sri Lanka,AGT008,Sarah Johnson,890.14,0,Cash,FAILED
TXN00670,2024-12-20,CUS0107,Pakistan,AGT003,Mohammad Raza,1061.96,18,Card,SUCCESS
TXN03948,2024-12-20,CUS0330,Nepal,AGT007,Rajesh Kumar,677.07,0,Card,FAILED
TXN03291,2024-12-20,CUS0233,Bangladesh,AGT008,Sarah Johnson,997.89,15,Cash,SUCCESS
TXN01524,2024-12-20,CUS0590,India,AGT004,Maria Santos,854.6,25,Card,SUCCESS
TXN04413,2024-12-20,CUS0097,Pakistan,AGT008,Sarah Johnson,545.97,18,Bank Transfer,SUCCESS
TXN01090,2024-12-20,CUS0193,Nepal,AGT002,Priya Sharma,564.66,12,Cash,SUCCESS
TXN03111,2024-12-20,CUS0445,Philippines,AGT008,Sarah Johnson,586.32,20,Cash,SUCCESS
TXN04368,2024-12-21,CUS0325,India,AGT005,John Mathew,1211.67,0,Bank Transfer,FAILED
TXN00976,2024-12-21,CUS0758,India,AGT002,Priya Sharma,519.77,25,Card,SUCCESS
TXN04978,2024-12-21,CUS0375,Nepal,AGT003,Mohammad Raza,620.85,12,Cash,SUCCESS
TXN00517,2024-12-21,CUS0002,Sri Lanka,AGT006,Fatima Al Zaabi,862.71,15,Cash,SUCCESS
TXN04987,2024-12-21,CUS0085,Philippines,AGT008,Sarah Johnson,840.32,20,Cash,SUCCESS
TXN03737,2024-12-21,CUS0530,India,AGT005,John Mathew,1035.17,25,Card,SUCCESS
TXN03591,2024-12-21,CUS0156,Pakistan,AGT001,Ahmed Al Mansoori,1056.41,18,Cash,SUCCESS
TXN02434,2024-12-21,CUS0213,India,AGT002,Priya Sharma,1137.23,25,Cash,SUCCESS
TXN03881,2024-12-21,CUS0478,Pakistan,AGT002,Priya Sharma,872.41,18,Cash,SUCCESS
TXN02479,2024-12-21,CUS0734,Sri Lanka,AGT004,Maria Santos,448.81,0,Card,FAILED
TXN04848,2024-12-21,CUS0201,India,AGT001,Ahmed Al Mansoori,1009.39,25,Bank Transfer,SUCCESS
TXN04738,2024-12-21,CUS0707,Bangladesh,AGT007,Rajesh Kumar,707.14,15,Cash,SUCCESS
TXN01407,2024-12-21,CUS0486,Philippines,AGT008,Sarah Johnson,516.11,20,Cash,SUCCESS
TXN01776,2024-12-22,CUS0657,Kenya,AGT008,Sarah Johnson,573.79,20,Cash,SUCCESS
TXN00483,2024-12-22,CUS0433,India,AGT002,Priya Sharma,621.68,25,Cash,SUCCESS
TXN03854,2024-12-22,CUS0012,India,AGT002,Priya Sharma,801.42,25,Cash,SUCCESS
TXN02495,2024-12-22,CUS0260,Pakistan,AGT001,Ahmed Al Mansoori,498.44,18,Card,SUCCESS
TXN02033,2024-12-22,CUS0091,India,AGT008,Sarah Johnson,1371.49,25,Cash,SUCCESS
TXN00683,2024-12-22,CUS0391,India,AGT001,Ahmed Al Mansoori,1011.17,25,Bank Transfer,SUCCESS
TXN00090,2024-12-22,CUS0489,India,AGT007,Rajesh Kumar,1384.78,0,Cash,FAILED
TXN03875,2024-12-22,CUS0090,Pakistan,AGT004,Maria Santos,622.55,18,Cash,SUCCESS
TXN00888,2024-12-22,CUS0477,Pakistan,AGT001,Ahmed Al Mansoori,713.77,18,Cash,SUCCESS
TXN01669,2024-12-22,CUS0751,Bangladesh,AGT007,Rajesh Kumar,876.53,0,Bank Transfer,FAILED
TXN00753,2024-12-22,CUS0138,Pakistan,AGT007,Rajesh Kumar,565.79,18,Card,SUCCESS
TXN01076,2024-12-22,CUS0508,Nepal,AGT008,Sarah Johnson,511.12,12,Card,SUCCESS
TXN01847,2024-12-23,CUS0427,Nepal,AGT008,Sarah Johnson,827.83,12,Cash,SUCCESS
TXN04214,2024-12-23,CUS0763,Egypt,AGT004,Maria Santos,486.42,22,Bank Transfer,SUCCESS
TXN00546,2024-12-23,CUS0721,Philippines,AGT001,Ahmed Al Mansoori,684.84,20,Bank Transfer,SUCCESS
TXN03177,2024-12-23,CUS0001,Egypt,AGT003,Mohammad Raza,615.96,22,Card,SUCCESS
TXN04596,2024-12-23,CUS0659,India,AGT004,Maria Santos,1256.91,25,Cash,SUCCESS
TXN04448,2024-12-23,CUS0004,Kenya,AGT008,Sarah Johnson,978.47,20,Bank Transfer,SUCCESS
TXN03929,2024-12-23,CUS0338,India,AGT001,Ahmed Al Mansoori,775.43,25,Card,SUCCESS
TXN02660,2024-12-23,CUS0673,India,AGT004,Maria Santos,1399.17,25,Card,SUCCESS
TXN04365,2024-12-23,CUS0025,Pakistan,AGT008,Sarah Johnson,656.81,18,Card,SUCCESS
TXN01131,2024-12-23,CUS0548,Bangladesh,AGT002,Priya Sharma,767.49,15,Bank Transfer,SUCCESS
TXN00154,2024-12-23,CUS0240,India,AGT007,Rajesh Kumar,1283.61,25,Cash,SUCCESS
TXN02611,2024-12-23,CUS0003,Pakistan,AGT001,Ahmed Al Mansoori,956.37,18,Cash,SUCCESS
TXN03414,2024-12-24,CUS0447,Pakistan,AGT004,Maria Santos,600.31,18,Card,SUCCESS
TXN04096,2024-12-24,CUS0187,India,AGT007,Rajesh Kumar,828.5,25,Cash,SUCCESS
TXN02732,2024-12-24,CUS0574,Pakistan,AGT002,Priya Sharma,1204.4,18,Bank Transfer,SUCCESS
TXN04905,2024-12-24,CUS0743,Sri Lanka,AGT008,Sarah Johnson,895.02,15,Bank Transfer,SUCCESS
TXN00135,2024-12-24,CUS0513,Philippines,AGT005,John Mathew,651.76,20,Cash,SUCCESS
TXN01802,2024-12-24,CUS0705,Pakistan,AGT005,John Mathew,785.44,18,Cash,SUCCESS
TXN04363,2024-12-24,CUS0294,Pakistan,AGT001,Ahmed Al Mansoori,866.38,18,Bank Transfer,SUCCESS
TXN03220,2024-12-24,CUS0069,Pakistan,AGT004,Maria Santos,973.16,18,Cash,SUCCESS
TXN04714,2024-12-24,CUS0424,Bangladesh,AGT007,Rajesh Kumar,774.96,15,Bank Transfer,SUCCESS
TXN03041,2024-12-24,CUS0369,India,AGT003,Mohammad Raza,1419.68,25,Cash,SUCCESS
TXN00761,2024-12-24,CUS0220,Egypt,AGT002,Priya Sharma,910.04,22,Card,SUCCESS
TXN01202,2024-12-24,CUS0559,Egypt,AGT006,Fatima Al Zaabi,958.3,22,Card,SUCCESS
TXN03449,2024-12-24,CUS0505,India,AGT008,Sarah Johnson,1060.43,25,Card,SUCCESS
TXN03998,2024-12-24,CUS0241,Philippines,AGT001,Ahmed Al Mansoori,813.52,20,Cash,SUCCESS
TXN04838,2024-12-24,CUS0322,Pakistan,AGT006,Fatima Al Zaabi,617.9,18,Cash,SUCCESS
TXN00931,2024-12-24,CUS0467,Pakistan,AGT003,Mohammad Raza,666.75,18,Cash,SUCCESS
TXN01206,2024-12-24,CUS0548,Philippines,AGT002,Priya Sharma,910.96,20,Bank Transfer,SUCCESS
TXN04231,2024-12-25,CUS0581,Egypt,AGT005,John Mathew,581.61,22,Card,SUCCESS
TXN04739,2024-12-25,CUS0164,Bangladesh,AGT003,Mohammad Raza,413.35,15,Cash,SUCCESS
TXN03816,2024-12-25,CUS0175,Pakistan,AGT007,Rajesh Kumar,369.65,18,Cash,SUCCESS
TXN04943,2024-12-25,CUS0320,India,AGT008,Sarah Johnson,1229.82,25,Cash,SUCCESS
TXN02276,2024-12-25,CUS0099,India,AGT003,Mohammad Raza,809.1,25,Card,SUCCESS
TXN04128,2024-12-25,CUS0233,India,AGT003,Mohammad Raza,1847.54,25,Card,SUCCESS
TXN03613,2024-12-25,CUS0262,India,AGT007,Rajesh Kumar,1135.53,25,Cash,SUCCESS
TXN01219,2024-12-25,CUS0411,Sri Lanka,AGT001,Ahmed Al Mansoori,562.05,15,Card,SUCCESS
TXN00556,2024-12-25,CUS0790,Egypt,AGT007,Rajesh Kumar,964.08,22,Cash,SUCCESS
TXN03872,2024-12-25,CUS0792,India,AGT004,Maria Santos,1256.79,25,Cash,SUCCESS
TXN01150,2024-12-26,CUS0085,India,AGT001,Ahmed Al Mansoori,895.09,25,Cash,SUCCESS
TXN04281,2024-12-26,CUS0356,India,AGT004,Maria Santos,1953.55,25,Bank Transfer,SUCCESS
TXN00354,2024-12-26,CUS0655,Bangladesh,AGT002,Priya Sharma,666.41,15,Cash,SUCCESS
TXN00527,2024-12-26,CUS0221,Bangladesh,AGT001,Ahmed Al Mansoori,358.22,15,Cash,SUCCESS
TXN03098,2024-12-26,CUS0016,Nepal,AGT002,Priya Sharma,705.04,12,Card,SUCCESS
TXN02916,2024-12-26,CUS0295,India,AGT006,Fatima Al Zaabi,1865.5,25,Bank Transfer,SUCCESS
TXN00447,2024-12-26,CUS0771,India,AGT005,John Mathew,1331.98,25,Card,SUCCESS
TXN00962,2024-12-26,CUS0176,Nepal,AGT004,Maria Santos,839.25,12,Card,SUCCESS
TXN03745,2024-12-26,CUS0540,Sri Lanka,AGT004,Maria Santos,526.09,15,Bank Transfer,SUCCESS
TXN01261,2024-12-26,CUS0776,India,AGT008,Sarah Johnson,1401.0,25,Card,SUCCESS
TXN04839,2024-12-26,CUS0593,India,AGT006,Fatima Al Zaabi,1686.31,25,Cash,SUCCESS
TXN01535,2024-12-26,CUS0342,Kenya,AGT001,Ahmed Al Mansoori,817.18,20,Card,SUCCESS
TXN00163,2024-12-26,CUS0171,Sri Lanka,AGT008,Sarah Johnson,1010.68,15,Bank Transfer,SUCCESS
TXN02382,2024-12-26,CUS0191,India,AGT002,Priya Sharma,855.43,25,Bank Transfer,SUCCESS
TXN02552,2024-12-26,CUS0173,India,AGT007,Rajesh Kumar,523.23,25,Cash,SUCCESS
TXN01080,2024-12-26,CUS0642,Philippines,AGT006,Fatima Al Zaabi,1129.56,20,Card,SUCCESS
TXN00920,2024-12-27,CUS0088,Philippines,AGT006,Fatima Al Zaabi,952.4,20,Cash,SUCCESS
TXN00760,2024-12-27,CUS0676,Philippines,AGT003,Mohammad Raza,1089.08,0,Cash,FAILED
TXN04044,2024-12-27,CUS0604,Philippines,AGT001,Ahmed Al Mansoori,980.9,20,Bank Transfer,SUCCESS
TXN02165,2024-12-27,CUS0622,Philippines,AGT005,John Mathew,1326.75,20,Cash,SUCCESS
TXN04993,2024-12-27,CUS0675,India,AGT005,John Mathew,1158.67,25,Card,SUCCESS
TXN01607,2024-12-27,CUS0718,Nepal,AGT002,Priya Sharma,622.08,12,Card,SUCCESS
TXN04250,2024-12-27,CUS0017,India,AGT005,John Mathew,1179.29,25,Cash,SUCCESS
TXN01889,2024-12-27,CUS0226,Bangladesh,AGT006,Fatima Al Zaabi,600.49,15,Cash,SUCCESS
TXN03134,2024-12-27,CUS0500,India,AGT003,Mohammad Raza,1738.18,25,Card,SUCCESS
TXN01053,2024-12-27,CUS0427,Pakistan,AGT005,John Mathew,918.57,18,Card,SUCCESS
TXN00936,2024-12-27,CUS0266,India,AGT006,Fatima Al Zaabi,1019.26,25,Bank Transfer,SUCCESS
TXN03857,2024-12-27,CUS0436,India,AGT005,John Mathew,697.52,25,Cash,SUCCESS
TXN04580,2024-12-27,CUS0678,Kenya,AGT002,Priya Sharma,1187.01,20,Cash,SUCCESS
TXN02248,2024-12-28,CUS0622,Philippines,AGT007,Rajesh Kumar,540.82,20,Bank Transfer,SUCCESS
TXN01102,2024-12-28,CUS0353,India,AGT006,Fatima Al Zaabi,157.35,25,Cash,SUCCESS
TXN02681,2024-12-28,CUS0418,India,AGT004,Maria Santos,1444.49,0,Card,FAILED
TXN03001,2024-12-28,CUS0044,India,AGT003,Mohammad Raza,513.19,25,Card,SUCCESS
TXN02804,2024-12-28,CUS0293,India,AGT005,John Mathew,838.54,25,Bank Transfer,SUCCESS
TXN02629,2024-12-28,CUS0770,Philippines,AGT006,Fatima Al Zaabi,780.38,20,Card,SUCCESS
TXN02503,2024-12-28,CUS0651,Philippines,AGT006,Fatima Al Zaabi,810.55,20,Cash,SUCCESS
TXN04355,2024-12-28,CUS0023,Philippines,AGT002,Priya Sharma,1009.14,20,Card,SUCCESS
TXN03000,2024-12-28,CUS0588,Pakistan,AGT005,John Mathew,762.74,0,Cash,FAILED
TXN04661,2024-12-28,CUS0497,Pakistan,AGT004,Maria Santos,1155.67,18,Cash,SUCCESS
TXN02074,2024-12-28,CUS0528,Pakistan,AGT004,Maria Santos,847.36,18,Card,SUCCESS
TXN03300,2024-12-28,CUS0799,Bangladesh,AGT005,John Mathew,938.84,15,Cash,SUCCESS
TXN01647,2024-12-28,CUS0492,India,AGT003,Mohammad Raza,1132.63,25,Bank Transfer,SUCCESS
TXN04212,2024-12-28,CUS0506,Bangladesh,AGT007,Rajesh Kumar,587.01,15,Cash,SUCCESS
TXN04813,2024-12-28,CUS0228,India,AGT005,John Mathew,1437.4,25,Cash,SUCCESS
TXN03184,2024-12-28,CUS0660,Bangladesh,AGT006,Fatima Al Zaabi,630.53,15,Cash,SUCCESS
TXN03057,2024-12-29,CUS0528,Pakistan,AGT002,Priya Sharma,666.67,18,Cash,SUCCESS
TXN01435,2024-12-29,CUS0619,Pakistan,AGT003,Mohammad Raza,759.89,18,Cash,SUCCESS
TXN04021,2024-12-29,CUS0668,India,AGT006,Fatima Al Zaabi,1981.18,25,Cash,SUCCESS
TXN01739,2024-12-29,CUS0647,Nepal,AGT002,Priya Sharma,771.06,12,Cash,SUCCESS
TXN03744,2024-12-29,CUS0163,India,AGT005,John Mathew,1260.5,25,Cash,SUCCESS
TXN02628,2024-12-29,CUS0137,Sri Lanka,AGT008,Sarah Johnson,907.03,15,Card,SUCCESS
TXN04403,2024-12-29,CUS0129,India,AGT006,Fatima Al Zaabi,883.46,25,Cash,SUCCESS
TXN02345,2024-12-29,CUS0412,Sri Lanka,AGT004,Maria Santos,265.5,15,Card,SUCCESS
TXN04429,2024-12-29,CUS0649,Philippines,AGT007,Rajesh Kumar,927.67,20,Cash,SUCCESS
TXN04241,2024-12-29,CUS0791,Pakistan,AGT002,Priya Sharma,357.94,0,Bank Transfer,FAILED
TXN00950,2024-12-29,CUS0089,India,AGT007,Rajesh Kumar,1287.6,25,Cash,SUCCESS
TXN00299,2024-12-29,CUS0081,India,AGT005,John Mathew,1492.63,25,Card,SUCCESS
TXN01597,2024-12-29,CUS0292,India,AGT004,Maria Santos,1422.9,25,Cash,SUCCESS
TXN02251,2024-12-29,CUS0404,Egypt,AGT007,Rajesh Kumar,1057.91,22,Cash,SUCCESS
TXN02213,2024-12-29,CUS0779,Kenya,AGT005,John Mathew,1201.46,20,Cash,SUCCESS
TXN00443,2024-12-29,CUS0664,India,AGT006,Fatima Al Zaabi,455.72,25,Bank Transfer,SUCCESS
TXN04307,2024-12-29,CUS0738,India,AGT002,Priya Sharma,973.19,25,Cash,SUCCESS
TXN00968,2024-12-29,CUS0238,Bangladesh,AGT008,Sarah Johnson,1078.2,15,Cash,SUCCESS
TXN00805,2024-12-29,CUS0278,India,AGT007,Rajesh Kumar,1043.58,25,Card,SUCCESS
TXN04778,2024-12-29,CUS0516,India,AGT003,Mohammad Raza,1632.88,25,Cash,SUCCESS
TXN04414,2024-12-30,CUS0695,Egypt,AGT002,Priya Sharma,275.64,22,Card,SUCCESS
TXN03909,2024-12-30,CUS0203,Philippines,AGT003,Mohammad Raza,1058.19,20,Cash,SUCCESS
TXN03391,2024-12-30,CUS0254,India,AGT003,Mohammad Raza,632.28,25,Card,SUCCESS
TXN04662,2024-12-30,CUS0183,Bangladesh,AGT005,John Mathew,640.52,15,Cash,SUCCESS
TXN02586,2024-12-30,CUS0026,Pakistan,AGT001,Ahmed Al Mansoori,649.84,18,Card,SUCCESS
TXN03009,2024-12-30,CUS0170,Nepal,AGT005,John Mathew,794.88,12,Bank Transfer,SUCCESS
TXN01712,2024-12-30,CUS0538,Philippines,AGT007,Rajesh Kumar,867.5,20,Bank Transfer,SUCCESS
TXN04287,2024-12-30,CUS0309,Egypt,AGT004,Maria Santos,948.98,22,Cash,SUCCESS
TXN03259,2024-12-30,CUS0740,Sri Lanka,AGT005,John Mathew,1017.02,15,Bank Transfer,SUCCESS
TXN02417,2024-12-30,CUS0486,India,AGT001,Ahmed Al Mansoori,1398.53,25,Card,SUCCESS
TXN01831,2024-12-30,CUS0438,Philippines,AGT006,Fatima Al Zaabi,1091.22,20,Bank Transfer,SUCCESS
TXN03958,2024-12-30,CUS0084,Pakistan,AGT003,Mohammad Raza,742.52,18,Cash,SUCCESS
TXN00923,2024-12-30,CUS0317,India,AGT005,John Mathew,1247.87,25,Bank Transfer,SUCCESS
TXN04703,2024-12-30,CUS0352,India,AGT007,Rajesh Kumar,1439.86,25,Card,SUCCESS
TXN01936,2024-12-30,CUS0345,India,AGT006,Fatima Al Zaabi,658.93,25,Card,SUCCESS
TXN03109,2024-12-30,CUS0172,Pakistan,AGT004,Maria Santos,908.14,18,Cash,SUCCESS
TXN00469,2024-12-30,CUS0780,India,AGT004,Maria Santos,1009.02,25,Cash,SUCCESS
TXN04393,2024-12-30,CUS0164,Philippines,AGT004,Maria Santos,987.57,20,Cash,SUCCESS
TXN04847,2024-12-30,CUS0453,Bangladesh,AGT007,Rajesh Kumar,242.58,15,Bank Transfer,SUCCESS
